edge_get,86,1
edge_get,86,-1
prepare_header,86,1
prepare_header,86,-1
prepare_iterator,86,1
prepare_iterator,86,-1
body[edge],86,1
body[edge],86,-1
edge_get,86,1
edge_get,86,-1
prepare_header,86,1
prepare_header,86,-1
prepare_iterator,86,1
prepare_iterator,86,-1
body[edge],86,1
body[edge],86,-1
edge_get,86,1
edge_get,86,-1
cloud_get,86,1
cloud_get,86,-1
prepare_header,86,1
prepare_header,86,-1
prepare_iterator,86,1
prepare_iterator,86,-1
body[cloud-http],86,1
body[cloud-http],86,-1
edge_get,86,1
edge_get,86,-1
prepare_header,86,1
prepare_header,86,-1
prepare_iterator,86,1
prepare_iterator,86,-1
body[edge],86,1
body[edge],86,-1
edge_get,86,1
edge_get,86,-1
prepare_header,86,1
prepare_header,86,-1
prepare_iterator,86,1
prepare_iterator,86,-1
body[edge],86,1
body[edge],86,-1
edge_get,87,1
edge_get,87,-1
prepare_header,87,1
prepare_header,87,-1
prepare_iterator,87,1
prepare_iterator,87,-1
body[edge],87,1
body[edge],87,-1
edge_get,87,1
edge_get,87,-1
prepare_header,87,1
prepare_header,87,-1
prepare_iterator,87,1
prepare_iterator,87,-1
body[edge],87,1
body[edge],87,-1
edge_get,88,1
edge_get,88,-1
cloud_get,88,1
cloud_get,88,-1
prepare_header,88,1
prepare_header,88,-1
prepare_iterator,88,1
prepare_iterator,88,-1
body[cloud-http],88,1
body[cloud-http],88,-1
edge_get,88,1
edge_get,88,-1
prepare_header,88,1
prepare_header,88,-1
prepare_iterator,88,1
prepare_iterator,88,-1
body[edge],88,1
body[edge],88,-1
edge_get,88,1
edge_get,88,-1
prepare_header,88,1
prepare_header,88,-1
prepare_iterator,88,1
prepare_iterator,88,-1
body[edge],88,1
body[edge],88,-1
edge_get,88,1
edge_get,88,-1
cloud_get,88,1
cloud_get,88,-1
prepare_header,88,1
prepare_header,88,-1
prepare_iterator,88,1
prepare_iterator,88,-1
body[cloud-http],88,1
body[cloud-http],88,-1
edge_get,89,1
edge_get,89,-1
cloud_get,89,1
cloud_get,89,-1
prepare_header,89,1
prepare_header,89,-1
prepare_iterator,89,1
prepare_iterator,89,-1
body[cloud-http],89,1
body[cloud-http],89,-1
edge_get,89,1
edge_get,89,-1
cloud_get,89,1
cloud_get,89,-1
prepare_header,89,1
prepare_header,89,-1
prepare_iterator,89,1
prepare_iterator,89,-1
body[cloud-http],89,1
body[cloud-http],89,-1
edge_get,90,1
edge_get,90,-1
prepare_header,90,1
prepare_header,90,-1
prepare_iterator,90,1
prepare_iterator,90,-1
body[edge],90,1
body[edge],90,-1
edge_get,90,1
edge_get,90,-1
prepare_header,90,1
prepare_header,90,-1
prepare_iterator,90,1
prepare_iterator,90,-1
body[edge],90,1
body[edge],90,-1
edge_get,90,1
edge_get,90,-1
prepare_header,90,1
prepare_header,90,-1
prepare_iterator,90,1
prepare_iterator,90,-1
body[edge],90,1
body[edge],90,-1
edge_get,91,1
edge_get,91,-1
prepare_header,91,1
prepare_header,91,-1
prepare_iterator,91,1
prepare_iterator,91,-1
body[edge],91,1
body[edge],91,-1
edge_get,92,1
edge_get,92,-1
cloud_get,92,1
cloud_get,92,-1
prepare_header,92,1
prepare_header,92,-1
prepare_iterator,92,1
prepare_iterator,92,-1
body[cloud-http],92,1
body[cloud-http],92,-1
edge_get,92,1
edge_get,92,-1
prepare_header,92,1
prepare_header,92,-1
prepare_iterator,92,1
prepare_iterator,92,-1
body[edge],92,1
body[edge],92,-1
edge_get,93,1
edge_get,93,-1
prepare_header,93,1
prepare_header,93,-1
prepare_iterator,93,1
prepare_iterator,93,-1
body[edge],93,1
body[edge],93,-1
edge_get,93,1
edge_get,93,-1
prepare_header,93,1
prepare_header,93,-1
prepare_iterator,93,1
prepare_iterator,93,-1
body[edge],93,1
body[edge],93,-1
edge_get,93,1
edge_get,93,-1
cloud_get,93,1
cloud_get,93,-1
prepare_header,93,1
prepare_header,93,-1
prepare_iterator,93,1
prepare_iterator,93,-1
body[cloud-http],93,1
body[cloud-http],93,-1
edge_get,93,1
edge_get,93,-1
prepare_header,93,1
prepare_header,93,-1
prepare_iterator,93,1
prepare_iterator,93,-1
body[edge],93,1
body[edge],93,-1
edge_get,93,1
edge_get,93,-1
prepare_header,93,1
prepare_header,93,-1
prepare_iterator,93,1
prepare_iterator,93,-1
body[edge],93,1
body[edge],93,-1
edge_get,94,1
edge_get,94,-1
prepare_header,94,1
prepare_header,94,-1
prepare_iterator,94,1
prepare_iterator,94,-1
body[edge],94,1
body[edge],94,-1
edge_get,94,1
edge_get,94,-1
cloud_get,94,1
cloud_get,94,-1
prepare_header,94,1
prepare_header,94,-1
prepare_iterator,94,1
prepare_iterator,94,-1
body[cloud-http],94,1
body[cloud-http],94,-1
edge_get,94,1
edge_get,94,-1
prepare_header,94,1
prepare_header,94,-1
prepare_iterator,94,1
prepare_iterator,94,-1
body[edge],94,1
body[edge],94,-1
edge_get,94,1
edge_get,94,-1
prepare_header,94,1
prepare_header,94,-1
prepare_iterator,94,1
prepare_iterator,94,-1
body[edge],94,1
body[edge],94,-1
edge_get,95,1
edge_get,95,-1
prepare_header,95,1
prepare_header,95,-1
prepare_iterator,95,1
prepare_iterator,95,-1
body[edge],95,1
body[edge],95,-1
edge_get,95,1
edge_get,95,-1
prepare_header,95,1
prepare_header,95,-1
prepare_iterator,95,1
prepare_iterator,95,-1
body[edge],95,1
body[edge],95,-1
edge_get,95,1
edge_get,95,-1
prepare_header,95,1
prepare_header,95,-1
prepare_iterator,95,1
prepare_iterator,95,-1
body[edge],95,1
body[edge],95,-1
edge_get,96,1
edge_get,96,-1
prepare_header,96,1
prepare_header,96,-1
prepare_iterator,96,1
prepare_iterator,96,-1
body[edge],96,1
body[edge],96,-1
edge_get,96,1
edge_get,96,-1
cloud_get,96,1
cloud_get,96,-1
prepare_header,96,1
prepare_header,96,-1
prepare_iterator,96,1
prepare_iterator,96,-1
body[cloud-http],96,1
body[cloud-http],96,-1
edge_get,96,1
edge_get,96,-1
prepare_header,96,1
prepare_header,96,-1
prepare_iterator,96,1
prepare_iterator,96,-1
body[edge],96,1
body[edge],96,-1
edge_get,97,1
edge_get,97,-1
prepare_header,97,1
prepare_header,97,-1
prepare_iterator,97,1
prepare_iterator,97,-1
body[edge],97,1
body[edge],97,-1
edge_get,97,1
edge_get,97,-1
prepare_header,97,1
prepare_header,97,-1
prepare_iterator,97,1
prepare_iterator,97,-1
body[edge],97,1
body[edge],97,-1
edge_get,97,1
edge_get,97,-1
prepare_header,97,1
prepare_header,97,-1
prepare_iterator,97,1
prepare_iterator,97,-1
body[edge],97,1
body[edge],97,-1
edge_get,98,1
edge_get,98,-1
prepare_header,98,1
prepare_header,98,-1
prepare_iterator,98,1
prepare_iterator,98,-1
body[edge],98,1
body[edge],98,-1
edge_get,98,1
edge_get,98,-1
cloud_get,98,1
cloud_get,98,-1
prepare_header,98,1
prepare_header,98,-1
prepare_iterator,98,1
prepare_iterator,98,-1
body[cloud-http],98,1
body[cloud-http],98,-1
edge_get,98,1
edge_get,98,-1
cloud_get,98,1
cloud_get,98,-1
prepare_header,98,1
prepare_header,98,-1
prepare_iterator,98,1
prepare_iterator,98,-1
body[cloud-http],98,1
body[cloud-http],98,-1
edge_get,99,1
edge_get,99,-1
prepare_header,99,1
prepare_header,99,-1
prepare_iterator,99,1
prepare_iterator,99,-1
body[edge],99,1
body[edge],99,-1
edge_get,99,1
edge_get,99,-1
prepare_header,99,1
prepare_header,99,-1
prepare_iterator,99,1
prepare_iterator,99,-1
body[edge],99,1
body[edge],99,-1
edge_get,99,1
edge_get,99,-1
cloud_get,99,1
cloud_get,99,-1
prepare_header,99,1
prepare_header,99,-1
prepare_iterator,99,1
prepare_iterator,99,-1
body[cloud-http],99,1
body[cloud-http],99,-1
edge_get,99,1
edge_get,99,-1
prepare_header,99,1
prepare_header,99,-1
prepare_iterator,99,1
prepare_iterator,99,-1
body[edge],99,1
body[edge],99,-1
edge_get,99,1
edge_get,99,-1
cloud_get,99,1
cloud_get,99,-1
prepare_header,99,1
prepare_header,99,-1
prepare_iterator,99,1
prepare_iterator,99,-1
body[cloud-http],99,1
body[cloud-http],99,-1
edge_get,100,1
edge_get,100,-1
prepare_header,100,1
prepare_header,100,-1
prepare_iterator,100,1
prepare_iterator,100,-1
body[edge],100,1
body[edge],100,-1
edge_get,100,1
edge_get,100,-1
prepare_header,100,1
prepare_header,100,-1
prepare_iterator,100,1
prepare_iterator,100,-1
body[edge],100,1
body[edge],100,-1
edge_get,100,1
edge_get,100,-1
prepare_header,100,1
prepare_header,100,-1
prepare_iterator,100,1
prepare_iterator,100,-1
body[edge],100,1
body[edge],100,-1
edge_get,100,1
edge_get,100,-1
prepare_header,100,1
prepare_header,100,-1
prepare_iterator,100,1
prepare_iterator,100,-1
body[edge],100,1
body[edge],100,-1
edge_get,101,1
edge_get,101,-1
prepare_header,101,1
prepare_header,101,-1
prepare_iterator,101,1
prepare_iterator,101,-1
body[edge],101,1
body[edge],101,-1
edge_get,101,1
edge_get,101,-1
prepare_header,101,1
prepare_header,101,-1
prepare_iterator,101,1
prepare_iterator,101,-1
body[edge],101,1
body[edge],101,-1
edge_get,102,1
edge_get,102,-1
cloud_get,102,1
cloud_get,102,-1
prepare_header,102,1
prepare_header,102,-1
prepare_iterator,102,1
prepare_iterator,102,-1
body[cloud-http],102,1
body[cloud-http],102,-1
edge_get,103,1
edge_get,103,-1
prepare_header,103,1
prepare_header,103,-1
prepare_iterator,103,1
prepare_iterator,103,-1
body[edge],103,1
body[edge],103,-1
edge_get,103,1
edge_get,103,-1
prepare_header,103,1
prepare_header,103,-1
prepare_iterator,103,1
prepare_iterator,103,-1
body[edge],103,1
body[edge],103,-1
edge_get,103,1
edge_get,103,-1
cloud_get,103,1
cloud_get,103,-1
prepare_header,103,1
prepare_header,103,-1
prepare_iterator,103,1
prepare_iterator,103,-1
body[cloud-http],103,1
body[cloud-http],103,-1
edge_get,104,1
edge_get,104,-1
prepare_header,104,1
prepare_header,104,-1
prepare_iterator,104,1
prepare_iterator,104,-1
body[edge],104,1
body[edge],104,-1
edge_get,104,1
edge_get,104,-1
cloud_get,104,1
cloud_get,104,-1
prepare_header,104,1
prepare_header,104,-1
prepare_iterator,104,1
prepare_iterator,104,-1
body[cloud-http],104,1
body[cloud-http],104,-1
edge_get,104,1
edge_get,104,-1
cloud_get,104,1
cloud_get,104,-1
prepare_header,104,1
prepare_header,104,-1
prepare_iterator,104,1
prepare_iterator,104,-1
body[cloud-http],104,1
body[cloud-http],104,-1
edge_get,104,1
edge_get,104,-1
prepare_header,104,1
prepare_header,104,-1
prepare_iterator,104,1
prepare_iterator,104,-1
body[edge],104,1
body[edge],104,-1
edge_get,105,1
edge_get,105,-1
prepare_header,105,1
prepare_header,105,-1
prepare_iterator,105,1
prepare_iterator,105,-1
body[edge],105,1
body[edge],105,-1
edge_get,105,1
edge_get,105,-1
prepare_header,105,1
prepare_header,105,-1
prepare_iterator,105,1
prepare_iterator,105,-1
body[edge],105,1
body[edge],105,-1
edge_get,105,1
edge_get,105,-1
prepare_header,105,1
prepare_header,105,-1
prepare_iterator,105,1
prepare_iterator,105,-1
body[edge],105,1
body[edge],105,-1
edge_get,105,1
edge_get,105,-1
prepare_header,105,1
prepare_header,105,-1
prepare_iterator,105,1
prepare_iterator,105,-1
body[edge],105,1
body[edge],105,-1
edge_get,105,1
edge_get,105,-1
cloud_get,105,1
cloud_get,105,-1
prepare_header,105,1
prepare_header,105,-1
prepare_iterator,105,1
prepare_iterator,105,-1
body[cloud-http],105,1
body[cloud-http],105,-1
edge_get,105,1
edge_get,105,-1
cloud_get,105,1
cloud_get,105,-1
prepare_header,105,1
prepare_header,105,-1
prepare_iterator,105,1
prepare_iterator,105,-1
body[cloud-http],105,1
body[cloud-http],105,-1
edge_get,106,1
edge_get,106,-1
cloud_get,106,1
cloud_get,106,-1
prepare_header,106,1
prepare_header,106,-1
prepare_iterator,106,1
prepare_iterator,106,-1
body[cloud-http],106,1
body[cloud-http],106,-1
edge_get,106,1
edge_get,106,-1
prepare_header,106,1
prepare_header,106,-1
prepare_iterator,106,1
prepare_iterator,106,-1
body[edge],106,1
body[edge],106,-1
edge_get,106,1
edge_get,106,-1
prepare_header,106,1
prepare_header,106,-1
prepare_iterator,106,1
prepare_iterator,106,-1
body[edge],106,1
body[edge],106,-1
edge_get,106,1
edge_get,106,-1
prepare_header,106,1
prepare_header,106,-1
prepare_iterator,106,1
prepare_iterator,106,-1
body[edge],106,1
body[edge],106,-1
edge_get,107,1
edge_get,107,-1
prepare_header,107,1
prepare_header,107,-1
prepare_iterator,107,1
prepare_iterator,107,-1
body[edge],107,1
body[edge],107,-1
edge_get,107,1
edge_get,107,-1
prepare_header,107,1
prepare_header,107,-1
prepare_iterator,107,1
prepare_iterator,107,-1
body[edge],107,1
body[edge],107,-1
edge_get,108,1
edge_get,108,-1
prepare_header,108,1
prepare_header,108,-1
prepare_iterator,108,1
prepare_iterator,108,-1
body[edge],108,1
body[edge],108,-1
edge_get,108,1
edge_get,108,-1
prepare_header,108,1
prepare_header,108,-1
prepare_iterator,108,1
prepare_iterator,108,-1
body[edge],108,1
body[edge],108,-1
edge_get,108,1
edge_get,108,-1
prepare_header,108,1
prepare_header,108,-1
prepare_iterator,108,1
prepare_iterator,108,-1
body[edge],108,1
body[edge],108,-1
edge_get,108,1
edge_get,108,-1
prepare_header,108,1
prepare_header,108,-1
prepare_iterator,108,1
prepare_iterator,108,-1
body[edge],108,1
body[edge],108,-1
edge_get,109,1
edge_get,109,-1
cloud_get,109,1
cloud_get,109,-1
prepare_header,109,1
prepare_header,109,-1
prepare_iterator,109,1
prepare_iterator,109,-1
body[cloud-http],109,1
body[cloud-http],109,-1
edge_get,109,1
edge_get,109,-1
prepare_header,109,1
prepare_header,109,-1
prepare_iterator,109,1
prepare_iterator,109,-1
body[edge],109,1
body[edge],109,-1
edge_get,110,1
edge_get,110,-1
cloud_get,110,1
cloud_get,110,-1
prepare_header,110,1
prepare_header,110,-1
prepare_iterator,110,1
prepare_iterator,110,-1
body[cloud-http],110,1
body[cloud-http],110,-1
edge_get,110,1
edge_get,110,-1
prepare_header,110,1
prepare_header,110,-1
prepare_iterator,110,1
prepare_iterator,110,-1
body[edge],110,1
body[edge],110,-1
edge_get,110,1
edge_get,110,-1
prepare_header,110,1
prepare_header,110,-1
prepare_iterator,110,1
prepare_iterator,110,-1
body[edge],110,1
body[edge],110,-1
edge_get,110,1
edge_get,110,-1
prepare_header,110,1
prepare_header,110,-1
prepare_iterator,110,1
prepare_iterator,110,-1
body[edge],110,1
body[edge],110,-1
edge_get,111,1
edge_get,111,-1
prepare_header,111,1
prepare_header,111,-1
prepare_iterator,111,1
prepare_iterator,111,-1
body[edge],111,1
body[edge],111,-1
edge_get,111,1
edge_get,111,-1
prepare_header,111,1
prepare_header,111,-1
prepare_iterator,111,1
prepare_iterator,111,-1
body[edge],111,1
body[edge],111,-1
edge_get,111,1
edge_get,111,-1
cloud_get,111,1
cloud_get,111,-1
prepare_header,111,1
prepare_header,111,-1
prepare_iterator,111,1
prepare_iterator,111,-1
body[cloud-http],111,1
body[cloud-http],111,-1
edge_get,111,1
edge_get,111,-1
prepare_header,111,1
prepare_header,111,-1
prepare_iterator,111,1
prepare_iterator,111,-1
body[edge],111,1
body[edge],111,-1
edge_get,112,1
edge_get,112,-1
prepare_header,112,1
prepare_header,112,-1
prepare_iterator,112,1
prepare_iterator,112,-1
body[edge],112,1
body[edge],112,-1
edge_get,112,1
edge_get,112,-1
prepare_header,112,1
prepare_header,112,-1
prepare_iterator,112,1
prepare_iterator,112,-1
body[edge],112,1
body[edge],112,-1
edge_get,112,1
edge_get,112,-1
cloud_get,112,1
cloud_get,112,-1
prepare_header,112,1
prepare_header,112,-1
prepare_iterator,112,1
prepare_iterator,112,-1
body[cloud-http],112,1
body[cloud-http],112,-1
edge_get,112,1
edge_get,112,-1
cloud_get,112,1
cloud_get,112,-1
prepare_header,112,1
prepare_header,112,-1
prepare_iterator,112,1
prepare_iterator,112,-1
body[cloud-http],112,1
body[cloud-http],112,-1
edge_get,114,1
edge_get,114,-1
prepare_header,114,1
prepare_header,114,-1
prepare_iterator,114,1
prepare_iterator,114,-1
body[edge],114,1
body[edge],114,-1
edge_get,114,1
edge_get,114,-1
prepare_header,114,1
prepare_header,114,-1
prepare_iterator,114,1
prepare_iterator,114,-1
body[edge],114,1
body[edge],114,-1
edge_get,114,1
edge_get,114,-1
prepare_header,114,1
prepare_header,114,-1
prepare_iterator,114,1
prepare_iterator,114,-1
body[edge],114,1
body[edge],114,-1
edge_get,114,1
edge_get,114,-1
prepare_header,114,1
prepare_header,114,-1
prepare_iterator,114,1
prepare_iterator,114,-1
body[edge],114,1
body[edge],114,-1
edge_get,114,1
edge_get,114,-1
cloud_get,114,1
cloud_get,114,-1
prepare_header,114,1
prepare_header,114,-1
prepare_iterator,114,1
prepare_iterator,114,-1
body[cloud-http],114,1
body[cloud-http],114,-1
edge_get,114,1
edge_get,114,-1
cloud_get,114,1
cloud_get,114,-1
prepare_header,114,1
prepare_header,114,-1
prepare_iterator,114,1
prepare_iterator,114,-1
body[cloud-http],114,1
body[cloud-http],114,-1
edge_get,116,1
edge_get,116,-1
cloud_get,116,1
cloud_get,116,-1
prepare_header,116,1
prepare_header,116,-1
prepare_iterator,116,1
prepare_iterator,116,-1
body[cloud-http],116,1
body[cloud-http],116,-1
edge_get,116,1
edge_get,116,-1
prepare_header,116,1
prepare_header,116,-1
prepare_iterator,116,1
prepare_iterator,116,-1
body[edge],116,1
body[edge],116,-1
edge_get,116,1
edge_get,116,-1
cloud_get,116,1
cloud_get,116,-1
prepare_header,116,1
prepare_header,116,-1
prepare_iterator,116,1
prepare_iterator,116,-1
body[cloud-http],116,1
body[cloud-http],116,-1
edge_get,116,1
edge_get,116,-1
cloud_get,116,1
cloud_get,116,-1
prepare_header,116,1
prepare_header,116,-1
prepare_iterator,116,1
prepare_iterator,116,-1
body[cloud-http],116,1
body[cloud-http],116,-1
edge_get,116,1
edge_get,116,-1
cloud_get,116,1
cloud_get,116,-1
prepare_header,116,1
prepare_header,116,-1
prepare_iterator,116,1
prepare_iterator,116,-1
body[cloud-http],116,1
body[cloud-http],116,-1
edge_get,116,1
edge_get,116,-1
prepare_header,116,1
prepare_header,116,-1
prepare_iterator,116,1
prepare_iterator,116,-1
body[edge],116,1
body[edge],116,-1
edge_get,117,1
edge_get,117,-1
prepare_header,117,1
prepare_header,117,-1
prepare_iterator,117,1
prepare_iterator,117,-1
body[edge],117,1
body[edge],117,-1
edge_get,117,1
edge_get,117,-1
cloud_get,117,1
cloud_get,117,-1
prepare_header,117,1
prepare_header,117,-1
prepare_iterator,117,1
prepare_iterator,117,-1
body[cloud-http],117,1
body[cloud-http],117,-1
edge_get,117,1
edge_get,117,-1
prepare_header,117,1
prepare_header,117,-1
prepare_iterator,117,1
prepare_iterator,117,-1
body[edge],117,1
body[edge],117,-1
edge_get,118,1
edge_get,118,-1
prepare_header,118,1
prepare_header,118,-1
prepare_iterator,118,1
prepare_iterator,118,-1
body[edge],118,1
body[edge],118,-1
edge_get,118,1
edge_get,118,-1
prepare_header,118,1
prepare_header,118,-1
prepare_iterator,118,1
prepare_iterator,118,-1
body[edge],118,1
body[edge],118,-1
edge_get,119,1
edge_get,119,-1
prepare_header,119,1
prepare_header,119,-1
prepare_iterator,119,1
prepare_iterator,119,-1
body[edge],119,1
body[edge],119,-1
edge_get,119,1
edge_get,119,-1
prepare_header,119,1
prepare_header,119,-1
prepare_iterator,119,1
prepare_iterator,119,-1
body[edge],119,1
body[edge],119,-1
edge_get,120,1
edge_get,120,-1
prepare_header,120,1
prepare_header,120,-1
prepare_iterator,120,1
prepare_iterator,120,-1
body[edge],120,1
body[edge],120,-1
edge_get,120,1
edge_get,120,-1
prepare_header,120,1
prepare_header,120,-1
prepare_iterator,120,1
prepare_iterator,120,-1
body[edge],120,1
body[edge],120,-1
edge_get,120,1
edge_get,120,-1
prepare_header,120,1
prepare_header,120,-1
prepare_iterator,120,1
prepare_iterator,120,-1
body[edge],120,1
body[edge],120,-1
edge_get,120,1
edge_get,120,-1
prepare_header,120,1
prepare_header,120,-1
prepare_iterator,120,1
prepare_iterator,120,-1
body[edge],120,1
body[edge],120,-1
edge_get,121,1
edge_get,121,-1
cloud_get,121,1
cloud_get,121,-1
prepare_header,121,1
prepare_header,121,-1
prepare_iterator,121,1
prepare_iterator,121,-1
body[cloud-http],121,1
body[cloud-http],121,-1
edge_get,121,1
edge_get,121,-1
cloud_get,121,1
cloud_get,121,-1
prepare_header,121,1
prepare_header,121,-1
prepare_iterator,121,1
prepare_iterator,121,-1
body[cloud-http],121,1
body[cloud-http],121,-1
edge_get,121,1
edge_get,121,-1
prepare_header,121,1
prepare_header,121,-1
prepare_iterator,121,1
prepare_iterator,121,-1
body[edge],121,1
body[edge],121,-1
edge_get,122,1
edge_get,122,-1
cloud_get,122,1
cloud_get,122,-1
prepare_header,122,1
prepare_header,122,-1
prepare_iterator,122,1
prepare_iterator,122,-1
body[cloud-http],122,1
body[cloud-http],122,-1
edge_get,122,1
edge_get,122,-1
cloud_get,122,1
cloud_get,122,-1
prepare_header,122,1
prepare_header,122,-1
prepare_iterator,122,1
prepare_iterator,122,-1
body[cloud-http],122,1
body[cloud-http],122,-1
edge_get,122,1
edge_get,122,-1
cloud_get,122,1
cloud_get,122,-1
prepare_header,122,1
prepare_header,122,-1
prepare_iterator,122,1
prepare_iterator,122,-1
body[cloud-http],122,1
body[cloud-http],122,-1
edge_get,122,1
edge_get,122,-1
cloud_get,122,1
cloud_get,122,-1
prepare_header,122,1
prepare_header,122,-1
prepare_iterator,122,1
prepare_iterator,122,-1
body[cloud-http],122,1
body[cloud-http],122,-1
edge_get,122,1
edge_get,122,-1
cloud_get,122,1
cloud_get,122,-1
prepare_header,122,1
prepare_header,122,-1
prepare_iterator,122,1
prepare_iterator,122,-1
body[cloud-http],122,1
body[cloud-http],122,-1
edge_get,123,1
edge_get,123,-1
prepare_header,123,1
prepare_header,123,-1
prepare_iterator,123,1
prepare_iterator,123,-1
body[edge],123,1
body[edge],123,-1
edge_get,123,1
edge_get,123,-1
prepare_header,123,1
prepare_header,123,-1
prepare_iterator,123,1
prepare_iterator,123,-1
body[edge],123,1
body[edge],123,-1
edge_get,124,1
edge_get,124,-1
cloud_get,124,1
cloud_get,124,-1
prepare_header,124,1
prepare_header,124,-1
prepare_iterator,124,1
prepare_iterator,124,-1
body[cloud-http],124,1
body[cloud-http],124,-1
edge_get,124,1
edge_get,124,-1
prepare_header,124,1
prepare_header,124,-1
prepare_iterator,124,1
prepare_iterator,124,-1
body[edge],124,1
body[edge],124,-1
edge_get,124,1
edge_get,124,-1
prepare_header,124,1
prepare_header,124,-1
prepare_iterator,124,1
prepare_iterator,124,-1
body[edge],124,1
body[edge],124,-1
edge_get,125,1
edge_get,125,-1
cloud_get,125,1
cloud_get,125,-1
prepare_header,125,1
prepare_header,125,-1
prepare_iterator,125,1
prepare_iterator,125,-1
body[cloud-http],125,1
body[cloud-http],125,-1
edge_get,125,1
edge_get,125,-1
prepare_header,125,1
prepare_header,125,-1
prepare_iterator,125,1
prepare_iterator,125,-1
body[edge],125,1
body[edge],125,-1
edge_get,125,1
edge_get,125,-1
cloud_get,125,1
cloud_get,125,-1
prepare_header,125,1
prepare_header,125,-1
prepare_iterator,125,1
prepare_iterator,125,-1
body[cloud-http],125,1
body[cloud-http],125,-1
edge_get,126,1
edge_get,126,-1
prepare_header,126,1
prepare_header,126,-1
prepare_iterator,126,1
prepare_iterator,126,-1
body[edge],126,1
body[edge],126,-1
edge_get,126,1
edge_get,126,-1
prepare_header,126,1
prepare_header,126,-1
prepare_iterator,126,1
prepare_iterator,126,-1
body[edge],126,1
body[edge],126,-1
edge_get,127,1
edge_get,127,-1
cloud_get,127,1
cloud_get,127,-1
prepare_header,127,1
prepare_header,127,-1
prepare_iterator,127,1
prepare_iterator,127,-1
body[cloud-http],127,1
body[cloud-http],127,-1
edge_get,127,1
edge_get,127,-1
prepare_header,127,1
prepare_header,127,-1
prepare_iterator,127,1
prepare_iterator,127,-1
body[edge],127,1
body[edge],127,-1
edge_get,127,1
edge_get,127,-1
prepare_header,127,1
prepare_header,127,-1
prepare_iterator,127,1
prepare_iterator,127,-1
body[edge],127,1
body[edge],127,-1
edge_get,127,1
edge_get,127,-1
prepare_header,127,1
prepare_header,127,-1
prepare_iterator,127,1
prepare_iterator,127,-1
body[edge],127,1
body[edge],127,-1
edge_get,127,1
edge_get,127,-1
prepare_header,127,1
prepare_header,127,-1
prepare_iterator,127,1
prepare_iterator,127,-1
body[edge],127,1
body[edge],127,-1
edge_get,128,1
edge_get,128,-1
cloud_get,128,1
cloud_get,128,-1
prepare_header,128,1
prepare_header,128,-1
prepare_iterator,128,1
prepare_iterator,128,-1
body[cloud-http],128,1
body[cloud-http],128,-1
edge_get,128,1
edge_get,128,-1
prepare_header,128,1
prepare_header,128,-1
prepare_iterator,128,1
prepare_iterator,128,-1
body[edge],128,1
body[edge],128,-1
edge_get,128,1
edge_get,128,-1
cloud_get,128,1
cloud_get,128,-1
prepare_header,128,1
prepare_header,128,-1
prepare_iterator,128,1
prepare_iterator,128,-1
body[cloud-http],128,1
body[cloud-http],128,-1
edge_get,128,1
edge_get,128,-1
cloud_get,128,1
cloud_get,128,-1
prepare_header,128,1
prepare_header,128,-1
prepare_iterator,128,1
prepare_iterator,128,-1
body[cloud-http],128,1
body[cloud-http],128,-1
edge_get,129,1
edge_get,129,-1
cloud_get,129,1
cloud_get,129,-1
prepare_header,129,1
prepare_header,129,-1
prepare_iterator,129,1
prepare_iterator,129,-1
body[cloud-http],129,1
body[cloud-http],129,-1
edge_get,129,1
edge_get,129,-1
prepare_header,129,1
prepare_header,129,-1
prepare_iterator,129,1
prepare_iterator,129,-1
body[edge],129,1
body[edge],129,-1
edge_get,129,1
edge_get,129,-1
prepare_header,129,1
prepare_header,129,-1
prepare_iterator,129,1
prepare_iterator,129,-1
body[edge],129,1
body[edge],129,-1
edge_get,130,1
edge_get,130,-1
prepare_header,130,1
prepare_header,130,-1
prepare_iterator,130,1
prepare_iterator,130,-1
body[edge],130,1
body[edge],130,-1
edge_get,130,1
edge_get,130,-1
prepare_header,130,1
prepare_header,130,-1
prepare_iterator,130,1
prepare_iterator,130,-1
body[edge],130,1
body[edge],130,-1
edge_get,130,1
edge_get,130,-1
prepare_header,130,1
prepare_header,130,-1
prepare_iterator,130,1
prepare_iterator,130,-1
body[edge],130,1
body[edge],130,-1
edge_get,131,1
edge_get,131,-1
prepare_header,131,1
prepare_header,131,-1
prepare_iterator,131,1
prepare_iterator,131,-1
body[edge],131,1
body[edge],131,-1
edge_get,132,1
edge_get,132,-1
prepare_header,132,1
prepare_header,132,-1
prepare_iterator,132,1
prepare_iterator,132,-1
body[edge],132,1
body[edge],132,-1
edge_get,132,1
edge_get,132,-1
prepare_header,132,1
prepare_header,132,-1
prepare_iterator,132,1
prepare_iterator,132,-1
body[edge],132,1
body[edge],132,-1
edge_get,132,1
edge_get,132,-1
cloud_get,132,1
cloud_get,132,-1
prepare_header,132,1
prepare_header,132,-1
prepare_iterator,132,1
prepare_iterator,132,-1
body[cloud-http],132,1
body[cloud-http],132,-1
edge_get,133,1
edge_get,133,-1
cloud_get,133,1
cloud_get,133,-1
prepare_header,133,1
prepare_header,133,-1
prepare_iterator,133,1
prepare_iterator,133,-1
body[cloud-http],133,1
body[cloud-http],133,-1
edge_get,133,1
edge_get,133,-1
prepare_header,133,1
prepare_header,133,-1
prepare_iterator,133,1
prepare_iterator,133,-1
body[edge],133,1
body[edge],133,-1
edge_get,133,1
edge_get,133,-1
cloud_get,133,1
cloud_get,133,-1
prepare_header,133,1
prepare_header,133,-1
prepare_iterator,133,1
prepare_iterator,133,-1
body[cloud-http],133,1
body[cloud-http],133,-1
edge_get,134,1
edge_get,134,-1
prepare_header,134,1
prepare_header,134,-1
prepare_iterator,134,1
prepare_iterator,134,-1
body[edge],134,1
body[edge],134,-1
edge_get,134,1
edge_get,134,-1
prepare_header,134,1
prepare_header,134,-1
prepare_iterator,134,1
prepare_iterator,134,-1
body[edge],134,1
body[edge],134,-1
edge_get,134,1
edge_get,134,-1
prepare_header,134,1
prepare_header,134,-1
prepare_iterator,134,1
prepare_iterator,134,-1
body[edge],134,1
body[edge],134,-1
edge_get,134,1
edge_get,134,-1
prepare_header,134,1
prepare_header,134,-1
prepare_iterator,134,1
prepare_iterator,134,-1
body[edge],134,1
body[edge],134,-1
edge_get,134,1
edge_get,134,-1
prepare_header,134,1
prepare_header,134,-1
prepare_iterator,134,1
prepare_iterator,134,-1
body[edge],134,1
body[edge],134,-1
edge_get,134,1
edge_get,134,-1
prepare_header,134,1
prepare_header,134,-1
prepare_iterator,134,1
prepare_iterator,134,-1
body[edge],134,1
body[edge],134,-1
edge_get,135,1
edge_get,135,-1
prepare_header,135,1
prepare_header,135,-1
prepare_iterator,135,1
prepare_iterator,135,-1
body[edge],135,1
body[edge],135,-1
edge_get,135,1
edge_get,135,-1
prepare_header,135,1
prepare_header,135,-1
prepare_iterator,135,1
prepare_iterator,135,-1
body[edge],135,1
body[edge],135,-1
edge_get,135,1
edge_get,135,-1
cloud_get,135,1
cloud_get,135,-1
prepare_header,135,1
prepare_header,135,-1
prepare_iterator,135,1
prepare_iterator,135,-1
body[cloud-http],135,1
body[cloud-http],135,-1
edge_get,135,1
edge_get,135,-1
cloud_get,135,1
cloud_get,135,-1
prepare_header,135,1
prepare_header,135,-1
prepare_iterator,135,1
prepare_iterator,135,-1
body[cloud-http],135,1
body[cloud-http],135,-1
edge_get,135,1
edge_get,135,-1
cloud_get,135,1
cloud_get,135,-1
prepare_header,135,1
prepare_header,135,-1
prepare_iterator,135,1
prepare_iterator,135,-1
body[cloud-http],135,1
body[cloud-http],135,-1
edge_get,136,1
edge_get,136,-1
prepare_header,136,1
prepare_header,136,-1
prepare_iterator,136,1
prepare_iterator,136,-1
body[edge],136,1
body[edge],136,-1
edge_get,136,1
edge_get,136,-1
prepare_header,136,1
prepare_header,136,-1
prepare_iterator,136,1
prepare_iterator,136,-1
body[edge],136,1
body[edge],136,-1
edge_get,136,1
edge_get,136,-1
prepare_header,136,1
prepare_header,136,-1
prepare_iterator,136,1
prepare_iterator,136,-1
body[edge],136,1
body[edge],136,-1
edge_get,136,1
edge_get,136,-1
prepare_header,136,1
prepare_header,136,-1
prepare_iterator,136,1
prepare_iterator,136,-1
body[edge],136,1
body[edge],136,-1
edge_get,138,1
edge_get,138,-1
cloud_get,138,1
cloud_get,138,-1
prepare_header,138,1
prepare_header,138,-1
prepare_iterator,138,1
prepare_iterator,138,-1
body[cloud-http],138,1
body[cloud-http],138,-1
edge_get,139,1
edge_get,139,-1
prepare_header,139,1
prepare_header,139,-1
prepare_iterator,139,1
prepare_iterator,139,-1
body[edge],139,1
body[edge],139,-1
edge_get,139,1
edge_get,139,-1
prepare_header,139,1
prepare_header,139,-1
prepare_iterator,139,1
prepare_iterator,139,-1
body[edge],139,1
body[edge],139,-1
edge_get,139,1
edge_get,139,-1
prepare_header,139,1
prepare_header,139,-1
prepare_iterator,139,1
prepare_iterator,139,-1
body[edge],139,1
body[edge],139,-1
edge_get,140,1
edge_get,140,-1
prepare_header,140,1
prepare_header,140,-1
prepare_iterator,140,1
prepare_iterator,140,-1
body[edge],140,1
body[edge],140,-1
edge_get,140,1
edge_get,140,-1
prepare_header,140,1
prepare_header,140,-1
prepare_iterator,140,1
prepare_iterator,140,-1
body[edge],140,1
body[edge],140,-1
edge_get,140,1
edge_get,140,-1
cloud_get,140,1
cloud_get,140,-1
prepare_header,140,1
prepare_header,140,-1
prepare_iterator,140,1
prepare_iterator,140,-1
body[cloud-http],140,1
body[cloud-http],140,-1
edge_get,141,1
edge_get,141,-1
prepare_header,141,1
prepare_header,141,-1
prepare_iterator,141,1
prepare_iterator,141,-1
body[edge],141,1
body[edge],141,-1
edge_get,141,1
edge_get,141,-1
prepare_header,141,1
prepare_header,141,-1
prepare_iterator,141,1
prepare_iterator,141,-1
body[edge],141,1
body[edge],141,-1
edge_get,142,1
edge_get,142,-1
prepare_header,142,1
prepare_header,142,-1
prepare_iterator,142,1
prepare_iterator,142,-1
body[edge],142,1
body[edge],142,-1
edge_get,142,1
edge_get,142,-1
prepare_header,142,1
prepare_header,142,-1
prepare_iterator,142,1
prepare_iterator,142,-1
body[edge],142,1
body[edge],142,-1
edge_get,143,1
edge_get,143,-1
prepare_header,143,1
prepare_header,143,-1
prepare_iterator,143,1
prepare_iterator,143,-1
body[edge],143,1
body[edge],143,-1
edge_get,143,1
edge_get,143,-1
cloud_get,143,1
cloud_get,143,-1
prepare_header,143,1
prepare_header,143,-1
prepare_iterator,143,1
prepare_iterator,143,-1
body[cloud-http],143,1
body[cloud-http],143,-1
edge_get,143,1
edge_get,143,-1
cloud_get,143,1
cloud_get,143,-1
prepare_header,143,1
prepare_header,143,-1
prepare_iterator,143,1
prepare_iterator,143,-1
body[cloud-http],143,1
body[cloud-http],143,-1
edge_get,144,1
edge_get,144,-1
prepare_header,144,1
prepare_header,144,-1
prepare_iterator,144,1
prepare_iterator,144,-1
body[edge],144,1
body[edge],144,-1
edge_get,144,1
edge_get,144,-1
cloud_get,144,1
cloud_get,144,-1
prepare_header,144,1
prepare_header,144,-1
prepare_iterator,144,1
prepare_iterator,144,-1
body[cloud-http],144,1
body[cloud-http],144,-1
edge_get,144,1
edge_get,144,-1
prepare_header,144,1
prepare_header,144,-1
prepare_iterator,144,1
prepare_iterator,144,-1
body[edge],144,1
body[edge],144,-1
edge_get,144,1
edge_get,144,-1
prepare_header,144,1
prepare_header,144,-1
prepare_iterator,144,1
prepare_iterator,144,-1
body[edge],144,1
body[edge],144,-1
edge_get,145,1
edge_get,145,-1
cloud_get,145,1
cloud_get,145,-1
prepare_header,145,1
prepare_header,145,-1
prepare_iterator,145,1
prepare_iterator,145,-1
body[cloud-http],145,1
body[cloud-http],145,-1
edge_get,145,1
edge_get,145,-1
prepare_header,145,1
prepare_header,145,-1
prepare_iterator,145,1
prepare_iterator,145,-1
body[edge],145,1
body[edge],145,-1
edge_get,145,1
edge_get,145,-1
prepare_header,145,1
prepare_header,145,-1
prepare_iterator,145,1
prepare_iterator,145,-1
body[edge],145,1
body[edge],145,-1
