parse_json,15,1
parse_json,15,-1
download_object,15,1
download_object,15,-1
read_point_cloud,15,1
read_point_cloud,15,-1
calc_geohash,15,1
calc_geohash,15,-1
copy_to_uploads,15,1
copy_to_uploads,15,-1
download_latest,15,1
download_latest,15,-1
upload_latest,15,1
upload_latest,15,-1
save_metadata,15,1
save_metadata,15,-1
parse_json,15,1
parse_json,15,-1
download_object,15,1
download_object,15,-1
read_point_cloud,15,1
read_point_cloud,15,-1
calc_geohash,15,1
calc_geohash,15,-1
copy_to_uploads,15,1
copy_to_uploads,15,-1
download_latest,15,1
download_latest,15,-1
upload_latest,15,1
upload_latest,15,-1
save_metadata,15,1
save_metadata,15,-1
parse_json,16,1
parse_json,16,-1
download_object,16,1
download_object,16,-1
read_point_cloud,16,1
read_point_cloud,16,-1
calc_geohash,16,1
calc_geohash,16,-1
copy_to_uploads,16,1
copy_to_uploads,16,-1
download_latest,16,1
download_latest,16,-1
upload_latest,16,1
upload_latest,16,-1
save_metadata,16,1
save_metadata,16,-1
parse_json,16,1
parse_json,16,-1
download_object,16,1
download_object,16,-1
read_point_cloud,16,1
read_point_cloud,16,-1
calc_geohash,16,1
calc_geohash,16,-1
copy_to_uploads,16,1
copy_to_uploads,16,-1
download_latest,16,1
download_latest,16,-1
upload_latest,16,1
upload_latest,16,-1
save_metadata,16,1
save_metadata,16,-1
parse_json,16,1
parse_json,16,-1
download_object,16,1
download_object,16,-1
read_point_cloud,16,1
read_point_cloud,16,-1
calc_geohash,16,1
calc_geohash,16,-1
copy_to_uploads,16,1
copy_to_uploads,16,-1
download_latest,16,1
download_latest,16,-1
upload_latest,16,1
upload_latest,16,-1
save_metadata,16,1
save_metadata,16,-1
parse_json,16,1
parse_json,16,-1
download_object,16,1
download_object,16,-1
read_point_cloud,16,1
read_point_cloud,16,-1
calc_geohash,16,1
calc_geohash,16,-1
copy_to_uploads,16,1
copy_to_uploads,16,-1
download_latest,16,1
download_latest,16,-1
upload_latest,16,1
upload_latest,16,-1
save_metadata,16,1
save_metadata,16,-1
parse_json,16,1
parse_json,16,-1
download_object,16,1
download_object,16,-1
read_point_cloud,16,1
read_point_cloud,16,-1
calc_geohash,16,1
calc_geohash,16,-1
copy_to_uploads,16,1
copy_to_uploads,16,-1
download_latest,16,1
download_latest,16,-1
upload_latest,16,1
upload_latest,16,-1
save_metadata,16,1
save_metadata,16,-1
parse_json,16,1
parse_json,16,-1
download_object,16,1
download_object,16,-1
read_point_cloud,16,1
read_point_cloud,16,-1
calc_geohash,16,1
calc_geohash,16,-1
copy_to_uploads,16,1
copy_to_uploads,16,-1
download_latest,16,1
download_latest,16,-1
upload_latest,16,1
upload_latest,16,-1
save_metadata,16,1
save_metadata,16,-1
parse_json,17,1
parse_json,17,-1
download_object,17,1
download_object,17,-1
read_point_cloud,17,1
read_point_cloud,17,-1
calc_geohash,17,1
calc_geohash,17,-1
copy_to_uploads,17,1
copy_to_uploads,17,-1
download_latest,17,1
download_latest,17,-1
upload_latest,17,1
upload_latest,17,-1
save_metadata,17,1
save_metadata,17,-1
parse_json,17,1
parse_json,17,-1
download_object,17,1
download_object,17,-1
read_point_cloud,17,1
read_point_cloud,17,-1
calc_geohash,17,1
calc_geohash,17,-1
copy_to_uploads,17,1
copy_to_uploads,17,-1
download_latest,17,1
download_latest,17,-1
upload_latest,17,1
upload_latest,17,-1
save_metadata,17,1
save_metadata,17,-1
parse_json,17,1
parse_json,17,-1
download_object,17,1
download_object,17,-1
read_point_cloud,17,1
read_point_cloud,17,-1
calc_geohash,17,1
calc_geohash,17,-1
copy_to_uploads,17,1
copy_to_uploads,17,-1
download_latest,17,1
download_latest,17,-1
upload_latest,17,1
upload_latest,17,-1
save_metadata,17,1
save_metadata,17,-1
parse_json,17,1
parse_json,17,-1
download_object,17,1
download_object,17,-1
read_point_cloud,17,1
read_point_cloud,17,-1
calc_geohash,17,1
calc_geohash,17,-1
copy_to_uploads,17,1
copy_to_uploads,17,-1
download_latest,17,1
download_latest,17,-1
upload_latest,17,1
upload_latest,17,-1
save_metadata,17,1
save_metadata,17,-1
parse_json,17,1
parse_json,17,-1
download_object,17,1
download_object,17,-1
read_point_cloud,17,1
read_point_cloud,17,-1
calc_geohash,17,1
calc_geohash,17,-1
copy_to_uploads,17,1
copy_to_uploads,17,-1
download_latest,17,1
download_latest,17,-1
upload_latest,17,1
upload_latest,17,-1
save_metadata,17,1
save_metadata,17,-1
parse_json,18,1
parse_json,18,-1
download_object,18,1
download_object,18,-1
read_point_cloud,18,1
read_point_cloud,18,-1
calc_geohash,18,1
calc_geohash,18,-1
copy_to_uploads,18,1
copy_to_uploads,18,-1
download_latest,18,1
download_latest,18,-1
upload_latest,18,1
upload_latest,18,-1
save_metadata,18,1
save_metadata,18,-1
parse_json,18,1
parse_json,18,-1
download_object,18,1
download_object,18,-1
read_point_cloud,18,1
read_point_cloud,18,-1
calc_geohash,18,1
calc_geohash,18,-1
copy_to_uploads,18,1
copy_to_uploads,18,-1
download_latest,18,1
download_latest,18,-1
upload_latest,18,1
upload_latest,18,-1
save_metadata,18,1
save_metadata,18,-1
parse_json,18,1
parse_json,18,-1
download_object,18,1
download_object,18,-1
read_point_cloud,18,1
read_point_cloud,18,-1
calc_geohash,18,1
calc_geohash,18,-1
copy_to_uploads,18,1
copy_to_uploads,18,-1
download_latest,18,1
download_latest,18,-1
upload_latest,18,1
upload_latest,18,-1
save_metadata,18,1
save_metadata,18,-1
parse_json,18,1
parse_json,18,-1
download_object,18,1
download_object,18,-1
read_point_cloud,18,1
read_point_cloud,18,-1
calc_geohash,18,1
calc_geohash,18,-1
copy_to_uploads,18,1
copy_to_uploads,18,-1
download_latest,18,1
download_latest,18,-1
upload_latest,18,1
upload_latest,18,-1
save_metadata,18,1
save_metadata,18,-1
parse_json,18,1
parse_json,18,-1
download_object,18,1
download_object,18,-1
read_point_cloud,18,1
read_point_cloud,18,-1
calc_geohash,18,1
calc_geohash,18,-1
copy_to_uploads,18,1
copy_to_uploads,18,-1
download_latest,18,1
download_latest,18,-1
upload_latest,18,1
upload_latest,18,-1
save_metadata,18,1
save_metadata,18,-1
parse_json,18,1
parse_json,18,-1
download_object,18,1
download_object,18,-1
read_point_cloud,18,1
read_point_cloud,18,-1
calc_geohash,18,1
calc_geohash,18,-1
copy_to_uploads,18,1
copy_to_uploads,18,-1
download_latest,18,1
download_latest,18,-1
upload_latest,18,1
upload_latest,18,-1
save_metadata,18,1
save_metadata,18,-1
parse_json,20,1
parse_json,20,-1
download_object,20,1
download_object,20,-1
read_point_cloud,20,1
read_point_cloud,20,-1
calc_geohash,20,1
calc_geohash,20,-1
copy_to_uploads,20,1
copy_to_uploads,20,-1
download_latest,20,1
download_latest,20,-1
upload_latest,20,1
upload_latest,20,-1
save_metadata,20,1
save_metadata,20,-1
parse_json,20,1
parse_json,20,-1
download_object,20,1
download_object,20,-1
read_point_cloud,20,1
read_point_cloud,20,-1
calc_geohash,20,1
calc_geohash,20,-1
copy_to_uploads,20,1
copy_to_uploads,20,-1
download_latest,20,1
download_latest,20,-1
upload_latest,20,1
upload_latest,20,-1
save_metadata,20,1
save_metadata,20,-1
parse_json,20,1
parse_json,20,-1
download_object,20,1
download_object,20,-1
read_point_cloud,20,1
read_point_cloud,20,-1
calc_geohash,20,1
calc_geohash,20,-1
copy_to_uploads,20,1
copy_to_uploads,20,-1
download_latest,20,1
download_latest,20,-1
upload_latest,20,1
upload_latest,20,-1
save_metadata,20,1
save_metadata,20,-1
parse_json,20,1
parse_json,20,-1
download_object,20,1
download_object,20,-1
read_point_cloud,20,1
read_point_cloud,20,-1
calc_geohash,20,1
calc_geohash,20,-1
copy_to_uploads,20,1
copy_to_uploads,20,-1
download_latest,20,1
download_latest,20,-1
upload_latest,20,1
upload_latest,20,-1
save_metadata,20,1
save_metadata,20,-1
parse_json,20,1
parse_json,20,-1
download_object,20,1
download_object,20,-1
read_point_cloud,20,1
read_point_cloud,20,-1
calc_geohash,20,1
calc_geohash,20,-1
copy_to_uploads,20,1
copy_to_uploads,20,-1
download_latest,20,1
download_latest,20,-1
upload_latest,20,1
upload_latest,20,-1
save_metadata,20,1
save_metadata,20,-1
parse_json,21,1
parse_json,21,-1
download_object,21,1
download_object,21,-1
read_point_cloud,21,1
read_point_cloud,21,-1
calc_geohash,21,1
calc_geohash,21,-1
copy_to_uploads,21,1
copy_to_uploads,21,-1
download_latest,21,1
download_latest,21,-1
upload_latest,21,1
upload_latest,21,-1
save_metadata,21,1
save_metadata,21,-1
parse_json,21,1
parse_json,21,-1
download_object,21,1
download_object,21,-1
read_point_cloud,21,1
read_point_cloud,21,-1
calc_geohash,21,1
calc_geohash,21,-1
copy_to_uploads,21,1
copy_to_uploads,21,-1
download_latest,21,1
download_latest,21,-1
upload_latest,21,1
upload_latest,21,-1
save_metadata,21,1
save_metadata,21,-1
parse_json,21,1
parse_json,21,-1
download_object,21,1
download_object,21,-1
read_point_cloud,21,1
read_point_cloud,21,-1
calc_geohash,21,1
calc_geohash,21,-1
copy_to_uploads,21,1
copy_to_uploads,21,-1
download_latest,21,1
download_latest,21,-1
upload_latest,21,1
upload_latest,21,-1
save_metadata,21,1
save_metadata,21,-1
parse_json,21,1
parse_json,21,-1
download_object,21,1
download_object,21,-1
read_point_cloud,21,1
read_point_cloud,21,-1
calc_geohash,21,1
calc_geohash,21,-1
copy_to_uploads,21,1
copy_to_uploads,21,-1
download_latest,21,1
download_latest,21,-1
upload_latest,21,1
upload_latest,21,-1
save_metadata,21,1
save_metadata,21,-1
parse_json,22,1
parse_json,22,-1
download_object,22,1
download_object,22,-1
read_point_cloud,22,1
read_point_cloud,22,-1
calc_geohash,22,1
calc_geohash,22,-1
copy_to_uploads,22,1
copy_to_uploads,22,-1
download_latest,22,1
download_latest,22,-1
upload_latest,22,1
upload_latest,22,-1
save_metadata,22,1
save_metadata,22,-1
parse_json,22,1
parse_json,22,-1
download_object,22,1
download_object,22,-1
read_point_cloud,22,1
read_point_cloud,22,-1
calc_geohash,22,1
calc_geohash,22,-1
copy_to_uploads,22,1
copy_to_uploads,22,-1
download_latest,22,1
download_latest,22,-1
upload_latest,22,1
upload_latest,22,-1
save_metadata,22,1
save_metadata,22,-1
parse_json,23,1
parse_json,23,-1
download_object,23,1
download_object,23,-1
read_point_cloud,23,1
read_point_cloud,23,-1
calc_geohash,23,1
calc_geohash,23,-1
copy_to_uploads,23,1
copy_to_uploads,23,-1
download_latest,23,1
download_latest,23,-1
upload_latest,23,1
upload_latest,23,-1
save_metadata,23,1
save_metadata,23,-1
parse_json,23,1
parse_json,23,-1
download_object,23,1
download_object,23,-1
read_point_cloud,23,1
read_point_cloud,23,-1
calc_geohash,23,1
calc_geohash,23,-1
copy_to_uploads,23,1
copy_to_uploads,23,-1
download_latest,23,1
download_latest,23,-1
upload_latest,23,1
upload_latest,23,-1
save_metadata,23,1
save_metadata,23,-1
parse_json,24,1
parse_json,24,-1
download_object,24,1
download_object,24,-1
read_point_cloud,24,1
read_point_cloud,24,-1
calc_geohash,24,1
calc_geohash,24,-1
copy_to_uploads,24,1
copy_to_uploads,24,-1
download_latest,24,1
download_latest,24,-1
upload_latest,24,1
upload_latest,24,-1
save_metadata,24,1
save_metadata,24,-1
parse_json,24,1
parse_json,24,-1
download_object,24,1
download_object,24,-1
read_point_cloud,24,1
read_point_cloud,24,-1
calc_geohash,24,1
calc_geohash,24,-1
copy_to_uploads,24,1
copy_to_uploads,24,-1
download_latest,24,1
download_latest,24,-1
upload_latest,24,1
upload_latest,24,-1
save_metadata,24,1
save_metadata,24,-1
parse_json,24,1
parse_json,24,-1
download_object,24,1
download_object,24,-1
read_point_cloud,24,1
read_point_cloud,24,-1
calc_geohash,24,1
calc_geohash,24,-1
copy_to_uploads,24,1
copy_to_uploads,24,-1
download_latest,24,1
download_latest,24,-1
upload_latest,24,1
upload_latest,24,-1
save_metadata,24,1
save_metadata,24,-1
parse_json,25,1
parse_json,25,-1
download_object,25,1
download_object,25,-1
read_point_cloud,25,1
read_point_cloud,25,-1
calc_geohash,25,1
calc_geohash,25,-1
copy_to_uploads,25,1
copy_to_uploads,25,-1
download_latest,25,1
download_latest,25,-1
upload_latest,25,1
upload_latest,25,-1
save_metadata,25,1
save_metadata,25,-1
parse_json,25,1
parse_json,25,-1
download_object,25,1
download_object,25,-1
read_point_cloud,25,1
read_point_cloud,25,-1
calc_geohash,25,1
calc_geohash,25,-1
copy_to_uploads,25,1
copy_to_uploads,25,-1
download_latest,25,1
download_latest,25,-1
upload_latest,25,1
upload_latest,25,-1
save_metadata,25,1
save_metadata,25,-1
parse_json,25,1
parse_json,25,-1
download_object,25,1
download_object,25,-1
read_point_cloud,25,1
read_point_cloud,25,-1
calc_geohash,25,1
calc_geohash,25,-1
copy_to_uploads,25,1
copy_to_uploads,25,-1
download_latest,25,1
download_latest,25,-1
upload_latest,25,1
upload_latest,25,-1
save_metadata,25,1
save_metadata,25,-1
parse_json,25,1
parse_json,25,-1
download_object,25,1
download_object,25,-1
read_point_cloud,25,1
read_point_cloud,25,-1
calc_geohash,25,1
calc_geohash,25,-1
copy_to_uploads,25,1
copy_to_uploads,25,-1
download_latest,25,1
download_latest,25,-1
upload_latest,25,1
upload_latest,25,-1
save_metadata,25,1
save_metadata,25,-1
parse_json,25,1
parse_json,25,-1
download_object,25,1
download_object,25,-1
read_point_cloud,25,1
read_point_cloud,25,-1
calc_geohash,25,1
calc_geohash,25,-1
copy_to_uploads,25,1
copy_to_uploads,25,-1
download_latest,25,1
download_latest,25,-1
upload_latest,25,1
upload_latest,25,-1
save_metadata,25,1
save_metadata,25,-1
parse_json,25,1
parse_json,25,-1
download_object,25,1
download_object,25,-1
read_point_cloud,25,1
read_point_cloud,25,-1
calc_geohash,25,1
calc_geohash,25,-1
copy_to_uploads,25,1
copy_to_uploads,25,-1
download_latest,25,1
download_latest,25,-1
upload_latest,25,1
upload_latest,25,-1
save_metadata,25,1
save_metadata,25,-1
parse_json,25,1
parse_json,25,-1
download_object,25,1
download_object,25,-1
read_point_cloud,25,1
read_point_cloud,25,-1
calc_geohash,25,1
calc_geohash,25,-1
copy_to_uploads,25,1
copy_to_uploads,25,-1
download_latest,25,1
download_latest,25,-1
upload_latest,25,1
upload_latest,25,-1
save_metadata,25,1
save_metadata,25,-1
parse_json,26,1
parse_json,26,-1
download_object,26,1
download_object,26,-1
read_point_cloud,26,1
read_point_cloud,26,-1
calc_geohash,26,1
calc_geohash,26,-1
copy_to_uploads,26,1
copy_to_uploads,26,-1
download_latest,26,1
download_latest,26,-1
upload_latest,26,1
upload_latest,26,-1
save_metadata,26,1
save_metadata,26,-1
parse_json,27,1
parse_json,27,-1
download_object,27,1
download_object,27,-1
read_point_cloud,27,1
read_point_cloud,27,-1
calc_geohash,27,1
calc_geohash,27,-1
copy_to_uploads,27,1
copy_to_uploads,27,-1
download_latest,27,1
download_latest,27,-1
upload_latest,27,1
upload_latest,27,-1
save_metadata,27,1
save_metadata,27,-1
parse_json,28,1
parse_json,28,-1
download_object,28,1
download_object,28,-1
read_point_cloud,28,1
read_point_cloud,28,-1
calc_geohash,28,1
calc_geohash,28,-1
copy_to_uploads,28,1
copy_to_uploads,28,-1
download_latest,28,1
download_latest,28,-1
upload_latest,28,1
upload_latest,28,-1
save_metadata,28,1
save_metadata,28,-1
parse_json,29,1
parse_json,29,-1
download_object,29,1
download_object,29,-1
read_point_cloud,29,1
read_point_cloud,29,-1
calc_geohash,29,1
calc_geohash,29,-1
copy_to_uploads,29,1
copy_to_uploads,29,-1
download_latest,29,1
download_latest,29,-1
upload_latest,29,1
upload_latest,29,-1
save_metadata,29,1
save_metadata,29,-1
parse_json,29,1
parse_json,29,-1
download_object,29,1
download_object,29,-1
read_point_cloud,29,1
read_point_cloud,29,-1
calc_geohash,29,1
calc_geohash,29,-1
copy_to_uploads,29,1
copy_to_uploads,29,-1
download_latest,29,1
download_latest,29,-1
upload_latest,29,1
upload_latest,29,-1
save_metadata,29,1
save_metadata,29,-1
parse_json,29,1
parse_json,29,-1
download_object,29,1
download_object,29,-1
read_point_cloud,29,1
read_point_cloud,29,-1
calc_geohash,29,1
calc_geohash,29,-1
copy_to_uploads,29,1
copy_to_uploads,29,-1
download_latest,29,1
download_latest,29,-1
upload_latest,29,1
upload_latest,29,-1
save_metadata,29,1
save_metadata,29,-1
parse_json,29,1
parse_json,29,-1
download_object,29,1
download_object,29,-1
read_point_cloud,29,1
read_point_cloud,29,-1
calc_geohash,29,1
calc_geohash,29,-1
copy_to_uploads,29,1
copy_to_uploads,29,-1
download_latest,29,1
download_latest,29,-1
upload_latest,29,1
upload_latest,29,-1
save_metadata,29,1
save_metadata,29,-1
parse_json,30,1
parse_json,30,-1
download_object,30,1
download_object,30,-1
read_point_cloud,30,1
read_point_cloud,30,-1
calc_geohash,30,1
calc_geohash,30,-1
copy_to_uploads,30,1
copy_to_uploads,30,-1
download_latest,30,1
download_latest,30,-1
upload_latest,30,1
upload_latest,30,-1
save_metadata,30,1
save_metadata,30,-1
parse_json,30,1
parse_json,30,-1
download_object,30,1
download_object,30,-1
read_point_cloud,30,1
read_point_cloud,30,-1
calc_geohash,30,1
calc_geohash,30,-1
copy_to_uploads,30,1
copy_to_uploads,30,-1
download_latest,30,1
download_latest,30,-1
upload_latest,30,1
upload_latest,30,-1
save_metadata,30,1
save_metadata,30,-1
parse_json,31,1
parse_json,31,-1
download_object,31,1
download_object,31,-1
read_point_cloud,31,1
read_point_cloud,31,-1
calc_geohash,31,1
calc_geohash,31,-1
copy_to_uploads,31,1
copy_to_uploads,31,-1
download_latest,31,1
download_latest,31,-1
upload_latest,31,1
upload_latest,31,-1
save_metadata,31,1
save_metadata,31,-1
parse_json,31,1
parse_json,31,-1
download_object,31,1
download_object,31,-1
read_point_cloud,31,1
read_point_cloud,31,-1
calc_geohash,31,1
calc_geohash,31,-1
copy_to_uploads,31,1
copy_to_uploads,31,-1
download_latest,31,1
download_latest,31,-1
upload_latest,31,1
upload_latest,31,-1
save_metadata,31,1
save_metadata,31,-1
parse_json,31,1
parse_json,31,-1
download_object,31,1
download_object,31,-1
read_point_cloud,31,1
read_point_cloud,31,-1
calc_geohash,31,1
calc_geohash,31,-1
copy_to_uploads,31,1
copy_to_uploads,31,-1
download_latest,31,1
download_latest,31,-1
upload_latest,31,1
upload_latest,31,-1
save_metadata,31,1
save_metadata,31,-1
parse_json,31,1
parse_json,31,-1
download_object,31,1
download_object,31,-1
read_point_cloud,31,1
read_point_cloud,31,-1
calc_geohash,31,1
calc_geohash,31,-1
copy_to_uploads,31,1
copy_to_uploads,31,-1
download_latest,31,1
download_latest,31,-1
upload_latest,31,1
upload_latest,31,-1
save_metadata,31,1
save_metadata,31,-1
parse_json,31,1
parse_json,31,-1
download_object,31,1
download_object,31,-1
read_point_cloud,31,1
read_point_cloud,31,-1
calc_geohash,31,1
calc_geohash,31,-1
copy_to_uploads,31,1
copy_to_uploads,31,-1
download_latest,31,1
download_latest,31,-1
upload_latest,31,1
upload_latest,31,-1
save_metadata,31,1
save_metadata,31,-1
parse_json,32,1
parse_json,32,-1
download_object,32,1
download_object,32,-1
read_point_cloud,32,1
read_point_cloud,32,-1
calc_geohash,32,1
calc_geohash,32,-1
copy_to_uploads,32,1
copy_to_uploads,32,-1
download_latest,32,1
download_latest,32,-1
upload_latest,32,1
upload_latest,32,-1
save_metadata,32,1
save_metadata,32,-1
parse_json,32,1
parse_json,32,-1
download_object,32,1
download_object,32,-1
read_point_cloud,32,1
read_point_cloud,32,-1
calc_geohash,32,1
calc_geohash,32,-1
copy_to_uploads,32,1
copy_to_uploads,32,-1
download_latest,32,1
download_latest,32,-1
upload_latest,32,1
upload_latest,32,-1
save_metadata,32,1
save_metadata,32,-1
parse_json,33,1
parse_json,33,-1
download_object,33,1
download_object,33,-1
read_point_cloud,33,1
read_point_cloud,33,-1
calc_geohash,33,1
calc_geohash,33,-1
copy_to_uploads,33,1
copy_to_uploads,33,-1
download_latest,33,1
download_latest,33,-1
upload_latest,33,1
upload_latest,33,-1
save_metadata,33,1
save_metadata,33,-1
parse_json,33,1
parse_json,33,-1
download_object,33,1
download_object,33,-1
read_point_cloud,33,1
read_point_cloud,33,-1
calc_geohash,33,1
calc_geohash,33,-1
copy_to_uploads,33,1
copy_to_uploads,33,-1
download_latest,33,1
download_latest,33,-1
upload_latest,33,1
upload_latest,33,-1
save_metadata,33,1
save_metadata,33,-1
parse_json,33,1
parse_json,33,-1
download_object,33,1
download_object,33,-1
read_point_cloud,33,1
read_point_cloud,33,-1
calc_geohash,33,1
calc_geohash,33,-1
copy_to_uploads,33,1
copy_to_uploads,33,-1
download_latest,33,1
download_latest,33,-1
upload_latest,33,1
upload_latest,33,-1
save_metadata,33,1
save_metadata,33,-1
parse_json,33,1
parse_json,33,-1
download_object,33,1
download_object,33,-1
read_point_cloud,33,1
read_point_cloud,33,-1
calc_geohash,33,1
calc_geohash,33,-1
copy_to_uploads,33,1
copy_to_uploads,33,-1
download_latest,33,1
download_latest,33,-1
upload_latest,33,1
upload_latest,33,-1
save_metadata,33,1
save_metadata,33,-1
parse_json,33,1
parse_json,33,-1
download_object,33,1
download_object,33,-1
read_point_cloud,33,1
read_point_cloud,33,-1
calc_geohash,33,1
calc_geohash,33,-1
copy_to_uploads,33,1
copy_to_uploads,33,-1
download_latest,33,1
download_latest,33,-1
upload_latest,33,1
upload_latest,33,-1
save_metadata,33,1
save_metadata,33,-1
parse_json,33,1
parse_json,33,-1
download_object,33,1
download_object,33,-1
read_point_cloud,33,1
read_point_cloud,33,-1
calc_geohash,33,1
calc_geohash,33,-1
copy_to_uploads,33,1
copy_to_uploads,33,-1
download_latest,33,1
download_latest,33,-1
upload_latest,33,1
upload_latest,33,-1
save_metadata,33,1
save_metadata,33,-1
parse_json,34,1
parse_json,34,-1
download_object,34,1
download_object,34,-1
read_point_cloud,34,1
read_point_cloud,34,-1
calc_geohash,34,1
calc_geohash,34,-1
copy_to_uploads,34,1
copy_to_uploads,34,-1
download_latest,34,1
download_latest,34,-1
upload_latest,34,1
upload_latest,34,-1
save_metadata,34,1
save_metadata,34,-1
parse_json,34,1
parse_json,34,-1
download_object,34,1
download_object,34,-1
read_point_cloud,34,1
read_point_cloud,34,-1
calc_geohash,34,1
calc_geohash,34,-1
copy_to_uploads,34,1
copy_to_uploads,34,-1
download_latest,34,1
download_latest,34,-1
upload_latest,34,1
upload_latest,34,-1
save_metadata,34,1
save_metadata,34,-1
parse_json,34,1
parse_json,34,-1
download_object,34,1
download_object,34,-1
read_point_cloud,34,1
read_point_cloud,34,-1
calc_geohash,34,1
calc_geohash,34,-1
copy_to_uploads,34,1
copy_to_uploads,34,-1
download_latest,34,1
download_latest,34,-1
upload_latest,34,1
upload_latest,34,-1
save_metadata,34,1
save_metadata,34,-1
parse_json,34,1
parse_json,34,-1
download_object,34,1
download_object,34,-1
read_point_cloud,34,1
read_point_cloud,34,-1
calc_geohash,34,1
calc_geohash,34,-1
copy_to_uploads,34,1
copy_to_uploads,34,-1
download_latest,34,1
download_latest,34,-1
upload_latest,34,1
upload_latest,34,-1
save_metadata,34,1
save_metadata,34,-1
parse_json,35,1
parse_json,35,-1
download_object,35,1
download_object,35,-1
read_point_cloud,35,1
read_point_cloud,35,-1
calc_geohash,35,1
calc_geohash,35,-1
copy_to_uploads,35,1
copy_to_uploads,35,-1
download_latest,35,1
download_latest,35,-1
upload_latest,35,1
upload_latest,35,-1
save_metadata,35,1
save_metadata,35,-1
parse_json,35,1
parse_json,35,-1
download_object,35,1
download_object,35,-1
read_point_cloud,35,1
read_point_cloud,35,-1
calc_geohash,35,1
calc_geohash,35,-1
copy_to_uploads,35,1
copy_to_uploads,35,-1
download_latest,35,1
download_latest,35,-1
upload_latest,35,1
upload_latest,35,-1
save_metadata,35,1
save_metadata,35,-1
parse_json,35,1
parse_json,35,-1
download_object,35,1
download_object,35,-1
read_point_cloud,35,1
read_point_cloud,35,-1
calc_geohash,35,1
calc_geohash,35,-1
copy_to_uploads,35,1
copy_to_uploads,35,-1
download_latest,35,1
download_latest,35,-1
upload_latest,35,1
upload_latest,35,-1
save_metadata,35,1
save_metadata,35,-1
parse_json,35,1
parse_json,35,-1
download_object,35,1
download_object,35,-1
read_point_cloud,35,1
read_point_cloud,35,-1
calc_geohash,35,1
calc_geohash,35,-1
copy_to_uploads,35,1
copy_to_uploads,35,-1
download_latest,35,1
download_latest,35,-1
upload_latest,35,1
upload_latest,35,-1
save_metadata,35,1
save_metadata,35,-1
parse_json,36,1
parse_json,36,-1
download_object,36,1
download_object,36,-1
read_point_cloud,36,1
read_point_cloud,36,-1
calc_geohash,36,1
calc_geohash,36,-1
copy_to_uploads,36,1
copy_to_uploads,36,-1
download_latest,36,1
download_latest,36,-1
upload_latest,36,1
upload_latest,36,-1
save_metadata,36,1
save_metadata,36,-1
parse_json,36,1
parse_json,36,-1
download_object,36,1
download_object,36,-1
read_point_cloud,36,1
read_point_cloud,36,-1
calc_geohash,36,1
calc_geohash,36,-1
copy_to_uploads,36,1
copy_to_uploads,36,-1
download_latest,36,1
download_latest,36,-1
upload_latest,36,1
upload_latest,36,-1
save_metadata,36,1
save_metadata,36,-1
parse_json,36,1
parse_json,36,-1
download_object,36,1
download_object,36,-1
read_point_cloud,36,1
read_point_cloud,36,-1
calc_geohash,36,1
calc_geohash,36,-1
copy_to_uploads,36,1
copy_to_uploads,36,-1
download_latest,36,1
download_latest,36,-1
upload_latest,36,1
upload_latest,36,-1
save_metadata,36,1
save_metadata,36,-1
parse_json,36,1
parse_json,36,-1
download_object,36,1
download_object,36,-1
read_point_cloud,36,1
read_point_cloud,36,-1
calc_geohash,36,1
calc_geohash,36,-1
copy_to_uploads,36,1
copy_to_uploads,36,-1
download_latest,36,1
download_latest,36,-1
upload_latest,36,1
upload_latest,36,-1
save_metadata,36,1
save_metadata,36,-1
parse_json,36,1
parse_json,36,-1
download_object,36,1
download_object,36,-1
read_point_cloud,36,1
read_point_cloud,36,-1
calc_geohash,36,1
calc_geohash,36,-1
copy_to_uploads,36,1
copy_to_uploads,36,-1
download_latest,36,1
download_latest,36,-1
upload_latest,36,1
upload_latest,36,-1
save_metadata,36,1
save_metadata,36,-1
parse_json,37,1
parse_json,37,-1
download_object,37,1
download_object,37,-1
read_point_cloud,37,1
read_point_cloud,37,-1
calc_geohash,37,1
calc_geohash,37,-1
copy_to_uploads,37,1
copy_to_uploads,37,-1
download_latest,37,1
download_latest,37,-1
upload_latest,37,1
upload_latest,37,-1
save_metadata,37,1
save_metadata,37,-1
parse_json,37,1
parse_json,37,-1
download_object,37,1
download_object,37,-1
read_point_cloud,37,1
read_point_cloud,37,-1
calc_geohash,37,1
calc_geohash,37,-1
copy_to_uploads,37,1
copy_to_uploads,37,-1
download_latest,37,1
download_latest,37,-1
upload_latest,37,1
upload_latest,37,-1
save_metadata,37,1
save_metadata,37,-1
parse_json,37,1
parse_json,37,-1
download_object,37,1
download_object,37,-1
read_point_cloud,37,1
read_point_cloud,37,-1
calc_geohash,37,1
calc_geohash,37,-1
copy_to_uploads,37,1
copy_to_uploads,37,-1
download_latest,37,1
download_latest,37,-1
upload_latest,37,1
upload_latest,37,-1
save_metadata,37,1
save_metadata,37,-1
parse_json,38,1
parse_json,38,-1
download_object,38,1
download_object,38,-1
read_point_cloud,38,1
read_point_cloud,38,-1
calc_geohash,38,1
calc_geohash,38,-1
copy_to_uploads,38,1
copy_to_uploads,38,-1
download_latest,38,1
download_latest,38,-1
upload_latest,38,1
upload_latest,38,-1
save_metadata,38,1
save_metadata,38,-1
parse_json,38,1
parse_json,38,-1
download_object,38,1
download_object,38,-1
read_point_cloud,38,1
read_point_cloud,38,-1
calc_geohash,38,1
calc_geohash,38,-1
copy_to_uploads,38,1
copy_to_uploads,38,-1
download_latest,38,1
download_latest,38,-1
upload_latest,38,1
upload_latest,38,-1
save_metadata,38,1
save_metadata,38,-1
parse_json,39,1
parse_json,39,-1
download_object,39,1
download_object,39,-1
read_point_cloud,39,1
read_point_cloud,39,-1
calc_geohash,39,1
calc_geohash,39,-1
copy_to_uploads,39,1
copy_to_uploads,39,-1
download_latest,39,1
download_latest,39,-1
upload_latest,39,1
upload_latest,39,-1
save_metadata,39,1
save_metadata,39,-1
parse_json,39,1
parse_json,39,-1
download_object,39,1
download_object,39,-1
read_point_cloud,39,1
read_point_cloud,39,-1
calc_geohash,39,1
calc_geohash,39,-1
copy_to_uploads,39,1
copy_to_uploads,39,-1
download_latest,39,1
download_latest,39,-1
upload_latest,39,1
upload_latest,39,-1
save_metadata,39,1
save_metadata,39,-1
parse_json,40,1
parse_json,40,-1
download_object,40,1
download_object,40,-1
read_point_cloud,40,1
read_point_cloud,40,-1
calc_geohash,40,1
calc_geohash,40,-1
copy_to_uploads,40,1
copy_to_uploads,40,-1
download_latest,40,1
download_latest,40,-1
upload_latest,40,1
upload_latest,40,-1
save_metadata,40,1
save_metadata,40,-1
parse_json,40,1
parse_json,40,-1
download_object,40,1
download_object,40,-1
read_point_cloud,40,1
read_point_cloud,40,-1
calc_geohash,40,1
calc_geohash,40,-1
copy_to_uploads,40,1
copy_to_uploads,40,-1
download_latest,40,1
download_latest,40,-1
upload_latest,40,1
upload_latest,40,-1
save_metadata,40,1
save_metadata,40,-1
parse_json,40,1
parse_json,40,-1
download_object,40,1
download_object,40,-1
read_point_cloud,40,1
read_point_cloud,40,-1
calc_geohash,40,1
calc_geohash,40,-1
copy_to_uploads,40,1
copy_to_uploads,40,-1
download_latest,40,1
download_latest,40,-1
upload_latest,40,1
upload_latest,40,-1
save_metadata,40,1
save_metadata,40,-1
parse_json,41,1
parse_json,41,-1
download_object,41,1
download_object,41,-1
read_point_cloud,41,1
read_point_cloud,41,-1
calc_geohash,41,1
calc_geohash,41,-1
copy_to_uploads,41,1
copy_to_uploads,41,-1
download_latest,41,1
download_latest,41,-1
upload_latest,41,1
upload_latest,41,-1
save_metadata,41,1
save_metadata,41,-1
parse_json,41,1
parse_json,41,-1
download_object,41,1
download_object,41,-1
read_point_cloud,41,1
read_point_cloud,41,-1
calc_geohash,41,1
calc_geohash,41,-1
copy_to_uploads,41,1
copy_to_uploads,41,-1
download_latest,41,1
download_latest,41,-1
upload_latest,41,1
upload_latest,41,-1
save_metadata,41,1
save_metadata,41,-1
parse_json,41,1
parse_json,41,-1
download_object,41,1
download_object,41,-1
read_point_cloud,41,1
read_point_cloud,41,-1
calc_geohash,41,1
calc_geohash,41,-1
copy_to_uploads,41,1
copy_to_uploads,41,-1
download_latest,41,1
download_latest,41,-1
upload_latest,41,1
upload_latest,41,-1
save_metadata,41,1
save_metadata,41,-1
parse_json,41,1
parse_json,41,-1
download_object,41,1
download_object,41,-1
read_point_cloud,41,1
read_point_cloud,41,-1
calc_geohash,41,1
calc_geohash,41,-1
copy_to_uploads,41,1
copy_to_uploads,41,-1
download_latest,41,1
download_latest,41,-1
upload_latest,41,1
upload_latest,41,-1
save_metadata,41,1
save_metadata,41,-1
parse_json,42,1
parse_json,42,-1
download_object,42,1
download_object,42,-1
read_point_cloud,42,1
read_point_cloud,42,-1
calc_geohash,42,1
calc_geohash,42,-1
copy_to_uploads,42,1
copy_to_uploads,42,-1
download_latest,42,1
download_latest,42,-1
upload_latest,42,1
upload_latest,42,-1
save_metadata,42,1
save_metadata,42,-1
parse_json,42,1
parse_json,42,-1
download_object,42,1
download_object,42,-1
read_point_cloud,42,1
read_point_cloud,42,-1
calc_geohash,42,1
calc_geohash,42,-1
copy_to_uploads,42,1
copy_to_uploads,42,-1
download_latest,42,1
download_latest,42,-1
upload_latest,42,1
upload_latest,42,-1
save_metadata,42,1
save_metadata,42,-1
parse_json,42,1
parse_json,42,-1
download_object,42,1
download_object,42,-1
read_point_cloud,42,1
read_point_cloud,42,-1
calc_geohash,42,1
calc_geohash,42,-1
copy_to_uploads,42,1
copy_to_uploads,42,-1
download_latest,42,1
download_latest,42,-1
upload_latest,42,1
upload_latest,42,-1
save_metadata,42,1
save_metadata,42,-1
parse_json,43,1
parse_json,43,-1
download_object,43,1
download_object,43,-1
read_point_cloud,43,1
read_point_cloud,43,-1
calc_geohash,43,1
calc_geohash,43,-1
copy_to_uploads,43,1
copy_to_uploads,43,-1
download_latest,43,1
download_latest,43,-1
upload_latest,43,1
upload_latest,43,-1
save_metadata,43,1
save_metadata,43,-1
parse_json,43,1
parse_json,43,-1
download_object,43,1
download_object,43,-1
read_point_cloud,43,1
read_point_cloud,43,-1
calc_geohash,43,1
calc_geohash,43,-1
copy_to_uploads,43,1
copy_to_uploads,43,-1
download_latest,43,1
download_latest,43,-1
upload_latest,43,1
upload_latest,43,-1
save_metadata,43,1
save_metadata,43,-1
parse_json,43,1
parse_json,43,-1
download_object,43,1
download_object,43,-1
read_point_cloud,43,1
read_point_cloud,43,-1
calc_geohash,43,1
calc_geohash,43,-1
copy_to_uploads,43,1
copy_to_uploads,43,-1
download_latest,43,1
download_latest,43,-1
upload_latest,43,1
upload_latest,43,-1
save_metadata,43,1
save_metadata,43,-1
parse_json,44,1
parse_json,44,-1
download_object,44,1
download_object,44,-1
read_point_cloud,44,1
read_point_cloud,44,-1
calc_geohash,44,1
calc_geohash,44,-1
copy_to_uploads,44,1
copy_to_uploads,44,-1
download_latest,44,1
download_latest,44,-1
upload_latest,44,1
upload_latest,44,-1
save_metadata,44,1
save_metadata,44,-1
parse_json,44,1
parse_json,44,-1
download_object,44,1
download_object,44,-1
read_point_cloud,44,1
read_point_cloud,44,-1
calc_geohash,44,1
calc_geohash,44,-1
copy_to_uploads,44,1
copy_to_uploads,44,-1
download_latest,44,1
download_latest,44,-1
upload_latest,44,1
upload_latest,44,-1
save_metadata,44,1
save_metadata,44,-1
parse_json,45,1
parse_json,45,-1
download_object,45,1
download_object,45,-1
read_point_cloud,45,1
read_point_cloud,45,-1
calc_geohash,45,1
calc_geohash,45,-1
copy_to_uploads,45,1
copy_to_uploads,45,-1
download_latest,45,1
download_latest,45,-1
upload_latest,45,1
upload_latest,45,-1
save_metadata,45,1
save_metadata,45,-1
parse_json,45,1
parse_json,45,-1
download_object,45,1
download_object,45,-1
read_point_cloud,45,1
read_point_cloud,45,-1
calc_geohash,45,1
calc_geohash,45,-1
copy_to_uploads,45,1
copy_to_uploads,45,-1
download_latest,45,1
download_latest,45,-1
upload_latest,45,1
upload_latest,45,-1
save_metadata,45,1
save_metadata,45,-1
parse_json,45,1
parse_json,45,-1
download_object,45,1
download_object,45,-1
read_point_cloud,45,1
read_point_cloud,45,-1
calc_geohash,45,1
calc_geohash,45,-1
copy_to_uploads,45,1
copy_to_uploads,45,-1
download_latest,45,1
download_latest,45,-1
upload_latest,45,1
upload_latest,45,-1
save_metadata,45,1
save_metadata,45,-1
parse_json,46,1
parse_json,46,-1
download_object,46,1
download_object,46,-1
read_point_cloud,46,1
read_point_cloud,46,-1
calc_geohash,46,1
calc_geohash,46,-1
copy_to_uploads,46,1
copy_to_uploads,46,-1
download_latest,46,1
download_latest,46,-1
upload_latest,46,1
upload_latest,46,-1
save_metadata,46,1
save_metadata,46,-1
parse_json,46,1
parse_json,46,-1
download_object,46,1
download_object,46,-1
read_point_cloud,46,1
read_point_cloud,46,-1
calc_geohash,46,1
calc_geohash,46,-1
copy_to_uploads,46,1
copy_to_uploads,46,-1
download_latest,46,1
download_latest,46,-1
upload_latest,46,1
upload_latest,46,-1
save_metadata,46,1
save_metadata,46,-1
parse_json,47,1
parse_json,47,-1
download_object,47,1
download_object,47,-1
read_point_cloud,47,1
read_point_cloud,47,-1
calc_geohash,47,1
calc_geohash,47,-1
copy_to_uploads,47,1
copy_to_uploads,47,-1
download_latest,47,1
download_latest,47,-1
upload_latest,47,1
upload_latest,47,-1
save_metadata,47,1
save_metadata,47,-1
parse_json,47,1
parse_json,47,-1
download_object,47,1
download_object,47,-1
read_point_cloud,47,1
read_point_cloud,47,-1
calc_geohash,47,1
calc_geohash,47,-1
copy_to_uploads,47,1
copy_to_uploads,47,-1
download_latest,47,1
download_latest,47,-1
upload_latest,47,1
upload_latest,47,-1
save_metadata,47,1
save_metadata,47,-1
parse_json,47,1
parse_json,47,-1
download_object,47,1
download_object,47,-1
read_point_cloud,47,1
read_point_cloud,47,-1
calc_geohash,47,1
calc_geohash,47,-1
copy_to_uploads,47,1
copy_to_uploads,47,-1
download_latest,47,1
download_latest,47,-1
upload_latest,47,1
upload_latest,47,-1
save_metadata,47,1
save_metadata,47,-1
parse_json,48,1
parse_json,48,-1
download_object,48,1
download_object,48,-1
read_point_cloud,48,1
read_point_cloud,48,-1
calc_geohash,48,1
calc_geohash,48,-1
copy_to_uploads,48,1
copy_to_uploads,48,-1
download_latest,48,1
download_latest,48,-1
upload_latest,48,1
upload_latest,48,-1
save_metadata,48,1
save_metadata,48,-1
parse_json,48,1
parse_json,48,-1
download_object,48,1
download_object,48,-1
read_point_cloud,48,1
read_point_cloud,48,-1
calc_geohash,48,1
calc_geohash,48,-1
copy_to_uploads,48,1
copy_to_uploads,48,-1
download_latest,48,1
download_latest,48,-1
upload_latest,48,1
upload_latest,48,-1
save_metadata,48,1
save_metadata,48,-1
parse_json,48,1
parse_json,48,-1
download_object,48,1
download_object,48,-1
read_point_cloud,48,1
read_point_cloud,48,-1
calc_geohash,48,1
calc_geohash,48,-1
copy_to_uploads,48,1
copy_to_uploads,48,-1
download_latest,48,1
download_latest,48,-1
upload_latest,48,1
upload_latest,48,-1
save_metadata,48,1
save_metadata,48,-1
parse_json,49,1
parse_json,49,-1
download_object,49,1
download_object,49,-1
read_point_cloud,49,1
read_point_cloud,49,-1
calc_geohash,49,1
calc_geohash,49,-1
copy_to_uploads,49,1
copy_to_uploads,49,-1
download_latest,49,1
download_latest,49,-1
upload_latest,49,1
upload_latest,49,-1
save_metadata,49,1
save_metadata,49,-1
parse_json,49,1
parse_json,49,-1
download_object,49,1
download_object,49,-1
read_point_cloud,49,1
read_point_cloud,49,-1
calc_geohash,49,1
calc_geohash,49,-1
copy_to_uploads,49,1
copy_to_uploads,49,-1
download_latest,49,1
download_latest,49,-1
upload_latest,49,1
upload_latest,49,-1
save_metadata,49,1
save_metadata,49,-1
parse_json,51,1
parse_json,51,-1
download_object,51,1
download_object,51,-1
read_point_cloud,51,1
read_point_cloud,51,-1
calc_geohash,51,1
calc_geohash,51,-1
copy_to_uploads,51,1
copy_to_uploads,51,-1
download_latest,51,1
download_latest,51,-1
upload_latest,51,1
upload_latest,51,-1
save_metadata,51,1
save_metadata,51,-1
parse_json,51,1
parse_json,51,-1
download_object,51,1
download_object,51,-1
read_point_cloud,51,1
read_point_cloud,51,-1
calc_geohash,51,1
calc_geohash,51,-1
copy_to_uploads,51,1
copy_to_uploads,51,-1
download_latest,51,1
download_latest,51,-1
upload_latest,51,1
upload_latest,51,-1
save_metadata,51,1
save_metadata,51,-1
parse_json,52,1
parse_json,52,-1
download_object,52,1
download_object,52,-1
read_point_cloud,52,1
read_point_cloud,52,-1
calc_geohash,52,1
calc_geohash,52,-1
copy_to_uploads,52,1
copy_to_uploads,52,-1
download_latest,52,1
download_latest,52,-1
upload_latest,52,1
upload_latest,52,-1
save_metadata,52,1
save_metadata,52,-1
parse_json,52,1
parse_json,52,-1
download_object,52,1
download_object,52,-1
read_point_cloud,52,1
read_point_cloud,52,-1
calc_geohash,52,1
calc_geohash,52,-1
copy_to_uploads,52,1
copy_to_uploads,52,-1
download_latest,52,1
download_latest,52,-1
upload_latest,52,1
upload_latest,52,-1
save_metadata,52,1
save_metadata,52,-1
parse_json,53,1
parse_json,53,-1
download_object,53,1
download_object,53,-1
read_point_cloud,53,1
read_point_cloud,53,-1
calc_geohash,53,1
calc_geohash,53,-1
copy_to_uploads,53,1
copy_to_uploads,53,-1
download_latest,53,1
download_latest,53,-1
upload_latest,53,1
upload_latest,53,-1
save_metadata,53,1
save_metadata,53,-1
parse_json,53,1
parse_json,53,-1
download_object,53,1
download_object,53,-1
read_point_cloud,53,1
read_point_cloud,53,-1
calc_geohash,53,1
calc_geohash,53,-1
copy_to_uploads,53,1
copy_to_uploads,53,-1
download_latest,53,1
download_latest,53,-1
upload_latest,53,1
upload_latest,53,-1
save_metadata,53,1
save_metadata,53,-1
parse_json,53,1
parse_json,53,-1
download_object,53,1
download_object,53,-1
read_point_cloud,53,1
read_point_cloud,53,-1
calc_geohash,53,1
calc_geohash,53,-1
copy_to_uploads,53,1
copy_to_uploads,53,-1
download_latest,53,1
download_latest,53,-1
upload_latest,53,1
upload_latest,53,-1
save_metadata,53,1
save_metadata,53,-1
parse_json,53,1
parse_json,53,-1
download_object,53,1
download_object,53,-1
read_point_cloud,53,1
read_point_cloud,53,-1
calc_geohash,53,1
calc_geohash,53,-1
copy_to_uploads,53,1
copy_to_uploads,53,-1
download_latest,53,1
download_latest,53,-1
upload_latest,53,1
upload_latest,53,-1
save_metadata,53,1
save_metadata,53,-1
parse_json,53,1
parse_json,53,-1
download_object,53,1
download_object,53,-1
read_point_cloud,53,1
read_point_cloud,53,-1
calc_geohash,53,1
calc_geohash,53,-1
copy_to_uploads,53,1
copy_to_uploads,53,-1
download_latest,53,1
download_latest,53,-1
upload_latest,53,1
upload_latest,53,-1
save_metadata,53,1
save_metadata,53,-1
parse_json,53,1
parse_json,53,-1
download_object,53,1
download_object,53,-1
read_point_cloud,53,1
read_point_cloud,53,-1
calc_geohash,53,1
calc_geohash,53,-1
copy_to_uploads,53,1
copy_to_uploads,53,-1
download_latest,53,1
download_latest,53,-1
upload_latest,53,1
upload_latest,53,-1
save_metadata,53,1
save_metadata,53,-1
parse_json,53,1
parse_json,53,-1
download_object,53,1
download_object,53,-1
read_point_cloud,53,1
read_point_cloud,53,-1
calc_geohash,53,1
calc_geohash,53,-1
copy_to_uploads,53,1
copy_to_uploads,53,-1
download_latest,53,1
download_latest,53,-1
upload_latest,53,1
upload_latest,53,-1
save_metadata,53,1
save_metadata,53,-1
parse_json,54,1
parse_json,54,-1
download_object,54,1
download_object,54,-1
read_point_cloud,54,1
read_point_cloud,54,-1
calc_geohash,54,1
calc_geohash,54,-1
copy_to_uploads,54,1
copy_to_uploads,54,-1
download_latest,54,1
download_latest,54,-1
upload_latest,54,1
upload_latest,54,-1
save_metadata,54,1
save_metadata,54,-1
parse_json,54,1
parse_json,54,-1
download_object,54,1
download_object,54,-1
read_point_cloud,54,1
read_point_cloud,54,-1
calc_geohash,54,1
calc_geohash,54,-1
copy_to_uploads,54,1
copy_to_uploads,54,-1
download_latest,54,1
download_latest,54,-1
upload_latest,54,1
upload_latest,54,-1
save_metadata,54,1
save_metadata,54,-1
parse_json,54,1
parse_json,54,-1
download_object,54,1
download_object,54,-1
read_point_cloud,54,1
read_point_cloud,54,-1
calc_geohash,54,1
calc_geohash,54,-1
copy_to_uploads,54,1
copy_to_uploads,54,-1
download_latest,54,1
download_latest,54,-1
upload_latest,54,1
upload_latest,54,-1
save_metadata,54,1
save_metadata,54,-1
parse_json,55,1
parse_json,55,-1
download_object,55,1
download_object,55,-1
read_point_cloud,55,1
read_point_cloud,55,-1
calc_geohash,55,1
calc_geohash,55,-1
copy_to_uploads,55,1
copy_to_uploads,55,-1
download_latest,55,1
download_latest,55,-1
upload_latest,55,1
upload_latest,55,-1
save_metadata,55,1
save_metadata,55,-1
parse_json,55,1
parse_json,55,-1
download_object,55,1
download_object,55,-1
read_point_cloud,55,1
read_point_cloud,55,-1
calc_geohash,55,1
calc_geohash,55,-1
copy_to_uploads,55,1
copy_to_uploads,55,-1
download_latest,55,1
download_latest,55,-1
upload_latest,55,1
upload_latest,55,-1
save_metadata,55,1
save_metadata,55,-1
parse_json,55,1
parse_json,55,-1
download_object,55,1
download_object,55,-1
read_point_cloud,55,1
read_point_cloud,55,-1
calc_geohash,55,1
calc_geohash,55,-1
copy_to_uploads,55,1
copy_to_uploads,55,-1
download_latest,55,1
download_latest,55,-1
upload_latest,55,1
upload_latest,55,-1
save_metadata,55,1
save_metadata,55,-1
parse_json,56,1
parse_json,56,-1
download_object,56,1
download_object,56,-1
read_point_cloud,56,1
read_point_cloud,56,-1
calc_geohash,56,1
calc_geohash,56,-1
copy_to_uploads,56,1
copy_to_uploads,56,-1
download_latest,56,1
download_latest,56,-1
upload_latest,56,1
upload_latest,56,-1
save_metadata,56,1
save_metadata,56,-1
parse_json,56,1
parse_json,56,-1
download_object,56,1
download_object,56,-1
read_point_cloud,56,1
read_point_cloud,56,-1
calc_geohash,56,1
calc_geohash,56,-1
copy_to_uploads,56,1
copy_to_uploads,56,-1
download_latest,56,1
download_latest,56,-1
upload_latest,56,1
upload_latest,56,-1
save_metadata,56,1
save_metadata,56,-1
parse_json,57,1
parse_json,57,-1
download_object,57,1
download_object,57,-1
read_point_cloud,57,1
read_point_cloud,57,-1
calc_geohash,57,1
calc_geohash,57,-1
copy_to_uploads,57,1
copy_to_uploads,57,-1
download_latest,57,1
download_latest,57,-1
upload_latest,57,1
upload_latest,57,-1
save_metadata,57,1
save_metadata,57,-1
parse_json,57,1
parse_json,57,-1
download_object,57,1
download_object,57,-1
read_point_cloud,57,1
read_point_cloud,57,-1
calc_geohash,57,1
calc_geohash,57,-1
copy_to_uploads,57,1
copy_to_uploads,57,-1
download_latest,57,1
download_latest,57,-1
upload_latest,57,1
upload_latest,57,-1
save_metadata,57,1
save_metadata,57,-1
parse_json,57,1
parse_json,57,-1
download_object,57,1
download_object,57,-1
read_point_cloud,57,1
read_point_cloud,57,-1
calc_geohash,57,1
calc_geohash,57,-1
copy_to_uploads,57,1
copy_to_uploads,57,-1
download_latest,57,1
download_latest,57,-1
upload_latest,57,1
upload_latest,57,-1
save_metadata,57,1
save_metadata,57,-1
parse_json,58,1
parse_json,58,-1
download_object,58,1
download_object,58,-1
read_point_cloud,58,1
read_point_cloud,58,-1
calc_geohash,58,1
calc_geohash,58,-1
copy_to_uploads,58,1
copy_to_uploads,58,-1
download_latest,58,1
download_latest,58,-1
upload_latest,58,1
upload_latest,58,-1
save_metadata,58,1
save_metadata,58,-1
parse_json,58,1
parse_json,58,-1
download_object,58,1
download_object,58,-1
read_point_cloud,58,1
read_point_cloud,58,-1
calc_geohash,58,1
calc_geohash,58,-1
copy_to_uploads,58,1
copy_to_uploads,58,-1
download_latest,58,1
download_latest,58,-1
upload_latest,58,1
upload_latest,58,-1
save_metadata,58,1
save_metadata,58,-1
parse_json,59,1
parse_json,59,-1
download_object,59,1
download_object,59,-1
read_point_cloud,59,1
read_point_cloud,59,-1
calc_geohash,59,1
calc_geohash,59,-1
copy_to_uploads,59,1
copy_to_uploads,59,-1
download_latest,59,1
download_latest,59,-1
upload_latest,59,1
upload_latest,59,-1
save_metadata,59,1
save_metadata,59,-1
parse_json,60,1
parse_json,60,-1
download_object,60,1
download_object,60,-1
read_point_cloud,60,1
read_point_cloud,60,-1
calc_geohash,60,1
calc_geohash,60,-1
copy_to_uploads,60,1
copy_to_uploads,60,-1
download_latest,60,1
download_latest,60,-1
upload_latest,60,1
upload_latest,60,-1
save_metadata,60,1
save_metadata,60,-1
parse_json,61,1
parse_json,61,-1
download_object,61,1
download_object,61,-1
read_point_cloud,61,1
read_point_cloud,61,-1
calc_geohash,61,1
calc_geohash,61,-1
copy_to_uploads,61,1
copy_to_uploads,61,-1
download_latest,61,1
download_latest,61,-1
upload_latest,61,1
upload_latest,61,-1
save_metadata,61,1
save_metadata,61,-1
parse_json,61,1
parse_json,61,-1
download_object,61,1
download_object,61,-1
read_point_cloud,61,1
read_point_cloud,61,-1
calc_geohash,61,1
calc_geohash,61,-1
copy_to_uploads,61,1
copy_to_uploads,61,-1
download_latest,61,1
download_latest,61,-1
upload_latest,61,1
upload_latest,61,-1
save_metadata,61,1
save_metadata,61,-1
parse_json,62,1
parse_json,62,-1
download_object,62,1
download_object,62,-1
read_point_cloud,62,1
read_point_cloud,62,-1
calc_geohash,62,1
calc_geohash,62,-1
copy_to_uploads,62,1
copy_to_uploads,62,-1
download_latest,62,1
download_latest,62,-1
upload_latest,62,1
upload_latest,62,-1
save_metadata,62,1
save_metadata,62,-1
parse_json,62,1
parse_json,62,-1
download_object,62,1
download_object,62,-1
read_point_cloud,62,1
read_point_cloud,62,-1
calc_geohash,62,1
calc_geohash,62,-1
copy_to_uploads,62,1
copy_to_uploads,62,-1
download_latest,62,1
download_latest,62,-1
upload_latest,62,1
upload_latest,62,-1
save_metadata,62,1
save_metadata,62,-1
parse_json,62,1
parse_json,62,-1
download_object,62,1
download_object,62,-1
read_point_cloud,62,1
read_point_cloud,62,-1
calc_geohash,62,1
calc_geohash,62,-1
copy_to_uploads,62,1
copy_to_uploads,62,-1
download_latest,62,1
download_latest,62,-1
upload_latest,62,1
upload_latest,62,-1
save_metadata,62,1
save_metadata,62,-1
parse_json,62,1
parse_json,62,-1
download_object,62,1
download_object,62,-1
read_point_cloud,62,1
read_point_cloud,62,-1
calc_geohash,62,1
calc_geohash,62,-1
copy_to_uploads,62,1
copy_to_uploads,62,-1
download_latest,62,1
download_latest,62,-1
upload_latest,62,1
upload_latest,62,-1
save_metadata,62,1
save_metadata,62,-1
parse_json,62,1
parse_json,62,-1
download_object,62,1
download_object,62,-1
read_point_cloud,62,1
read_point_cloud,62,-1
calc_geohash,62,1
calc_geohash,62,-1
copy_to_uploads,62,1
copy_to_uploads,62,-1
download_latest,62,1
download_latest,62,-1
upload_latest,62,1
upload_latest,62,-1
save_metadata,62,1
save_metadata,62,-1
parse_json,62,1
parse_json,62,-1
download_object,62,1
download_object,62,-1
read_point_cloud,62,1
read_point_cloud,62,-1
calc_geohash,62,1
calc_geohash,62,-1
copy_to_uploads,62,1
copy_to_uploads,62,-1
download_latest,62,1
download_latest,62,-1
upload_latest,62,1
upload_latest,62,-1
save_metadata,62,1
save_metadata,62,-1
parse_json,63,1
parse_json,63,-1
download_object,63,1
download_object,63,-1
read_point_cloud,63,1
read_point_cloud,63,-1
calc_geohash,63,1
calc_geohash,63,-1
copy_to_uploads,63,1
copy_to_uploads,63,-1
download_latest,63,1
download_latest,63,-1
upload_latest,63,1
upload_latest,63,-1
save_metadata,63,1
save_metadata,63,-1
parse_json,64,1
parse_json,64,-1
download_object,64,1
download_object,64,-1
read_point_cloud,64,1
read_point_cloud,64,-1
calc_geohash,64,1
calc_geohash,64,-1
copy_to_uploads,64,1
copy_to_uploads,64,-1
download_latest,64,1
download_latest,64,-1
upload_latest,64,1
upload_latest,64,-1
save_metadata,64,1
save_metadata,64,-1
parse_json,64,1
parse_json,64,-1
download_object,64,1
download_object,64,-1
read_point_cloud,64,1
read_point_cloud,64,-1
calc_geohash,64,1
calc_geohash,64,-1
copy_to_uploads,64,1
copy_to_uploads,64,-1
download_latest,64,1
download_latest,64,-1
upload_latest,64,1
upload_latest,64,-1
save_metadata,64,1
save_metadata,64,-1
parse_json,64,1
parse_json,64,-1
download_object,64,1
download_object,64,-1
read_point_cloud,64,1
read_point_cloud,64,-1
calc_geohash,64,1
calc_geohash,64,-1
copy_to_uploads,64,1
copy_to_uploads,64,-1
download_latest,64,1
download_latest,64,-1
upload_latest,64,1
upload_latest,64,-1
save_metadata,64,1
save_metadata,64,-1
parse_json,64,1
parse_json,64,-1
download_object,64,1
download_object,64,-1
read_point_cloud,64,1
read_point_cloud,64,-1
calc_geohash,64,1
calc_geohash,64,-1
copy_to_uploads,64,1
copy_to_uploads,64,-1
download_latest,64,1
download_latest,64,-1
upload_latest,64,1
upload_latest,64,-1
save_metadata,64,1
save_metadata,64,-1
parse_json,64,1
parse_json,64,-1
download_object,64,1
download_object,64,-1
read_point_cloud,64,1
read_point_cloud,64,-1
calc_geohash,64,1
calc_geohash,64,-1
copy_to_uploads,64,1
copy_to_uploads,64,-1
download_latest,64,1
download_latest,64,-1
upload_latest,64,1
upload_latest,64,-1
save_metadata,64,1
save_metadata,64,-1
parse_json,65,1
parse_json,65,-1
download_object,65,1
download_object,65,-1
read_point_cloud,65,1
read_point_cloud,65,-1
calc_geohash,65,1
calc_geohash,65,-1
copy_to_uploads,65,1
copy_to_uploads,65,-1
download_latest,65,1
download_latest,65,-1
upload_latest,65,1
upload_latest,65,-1
save_metadata,65,1
save_metadata,65,-1
parse_json,65,1
parse_json,65,-1
download_object,65,1
download_object,65,-1
read_point_cloud,65,1
read_point_cloud,65,-1
calc_geohash,65,1
calc_geohash,65,-1
copy_to_uploads,65,1
copy_to_uploads,65,-1
download_latest,65,1
download_latest,65,-1
upload_latest,65,1
upload_latest,65,-1
save_metadata,65,1
save_metadata,65,-1
parse_json,65,1
parse_json,65,-1
download_object,65,1
download_object,65,-1
read_point_cloud,65,1
read_point_cloud,65,-1
calc_geohash,65,1
calc_geohash,65,-1
copy_to_uploads,65,1
copy_to_uploads,65,-1
download_latest,65,1
download_latest,65,-1
upload_latest,65,1
upload_latest,65,-1
save_metadata,65,1
save_metadata,65,-1
parse_json,65,1
parse_json,65,-1
download_object,65,1
download_object,65,-1
read_point_cloud,65,1
read_point_cloud,65,-1
calc_geohash,65,1
calc_geohash,65,-1
copy_to_uploads,65,1
copy_to_uploads,65,-1
download_latest,65,1
download_latest,65,-1
upload_latest,65,1
upload_latest,65,-1
save_metadata,65,1
save_metadata,65,-1
parse_json,66,1
parse_json,66,-1
download_object,66,1
download_object,66,-1
read_point_cloud,66,1
read_point_cloud,66,-1
calc_geohash,66,1
calc_geohash,66,-1
copy_to_uploads,66,1
copy_to_uploads,66,-1
download_latest,66,1
download_latest,66,-1
upload_latest,66,1
upload_latest,66,-1
save_metadata,66,1
save_metadata,66,-1
parse_json,66,1
parse_json,66,-1
download_object,66,1
download_object,66,-1
read_point_cloud,66,1
read_point_cloud,66,-1
calc_geohash,66,1
calc_geohash,66,-1
copy_to_uploads,66,1
copy_to_uploads,66,-1
download_latest,66,1
download_latest,66,-1
upload_latest,66,1
upload_latest,66,-1
save_metadata,66,1
save_metadata,66,-1
parse_json,66,1
parse_json,66,-1
download_object,66,1
download_object,66,-1
read_point_cloud,66,1
read_point_cloud,66,-1
calc_geohash,66,1
calc_geohash,66,-1
copy_to_uploads,66,1
copy_to_uploads,66,-1
download_latest,66,1
download_latest,66,-1
upload_latest,66,1
upload_latest,66,-1
save_metadata,66,1
save_metadata,66,-1
parse_json,66,1
parse_json,66,-1
download_object,66,1
download_object,66,-1
read_point_cloud,66,1
read_point_cloud,66,-1
calc_geohash,66,1
calc_geohash,66,-1
copy_to_uploads,66,1
copy_to_uploads,66,-1
download_latest,66,1
download_latest,66,-1
upload_latest,66,1
upload_latest,66,-1
save_metadata,66,1
save_metadata,66,-1
parse_json,67,1
parse_json,67,-1
download_object,67,1
download_object,67,-1
read_point_cloud,67,1
read_point_cloud,67,-1
calc_geohash,67,1
calc_geohash,67,-1
copy_to_uploads,67,1
copy_to_uploads,67,-1
download_latest,67,1
download_latest,67,-1
upload_latest,67,1
upload_latest,67,-1
save_metadata,67,1
save_metadata,67,-1
parse_json,67,1
parse_json,67,-1
download_object,67,1
download_object,67,-1
read_point_cloud,67,1
read_point_cloud,67,-1
calc_geohash,67,1
calc_geohash,67,-1
copy_to_uploads,67,1
copy_to_uploads,67,-1
download_latest,67,1
download_latest,67,-1
upload_latest,67,1
upload_latest,67,-1
save_metadata,67,1
save_metadata,67,-1
parse_json,67,1
parse_json,67,-1
download_object,67,1
download_object,67,-1
read_point_cloud,67,1
read_point_cloud,67,-1
calc_geohash,67,1
calc_geohash,67,-1
copy_to_uploads,67,1
copy_to_uploads,67,-1
download_latest,67,1
download_latest,67,-1
upload_latest,67,1
upload_latest,67,-1
save_metadata,67,1
save_metadata,67,-1
parse_json,67,1
parse_json,67,-1
download_object,67,1
download_object,67,-1
read_point_cloud,67,1
read_point_cloud,67,-1
calc_geohash,67,1
calc_geohash,67,-1
copy_to_uploads,67,1
copy_to_uploads,67,-1
download_latest,67,1
download_latest,67,-1
upload_latest,67,1
upload_latest,67,-1
save_metadata,67,1
save_metadata,67,-1
parse_json,67,1
parse_json,67,-1
download_object,67,1
download_object,67,-1
read_point_cloud,67,1
read_point_cloud,67,-1
calc_geohash,67,1
calc_geohash,67,-1
copy_to_uploads,67,1
copy_to_uploads,67,-1
download_latest,67,1
download_latest,67,-1
upload_latest,67,1
upload_latest,67,-1
save_metadata,67,1
save_metadata,67,-1
parse_json,67,1
parse_json,67,-1
download_object,67,1
download_object,67,-1
read_point_cloud,67,1
read_point_cloud,67,-1
calc_geohash,67,1
calc_geohash,67,-1
copy_to_uploads,67,1
copy_to_uploads,67,-1
download_latest,67,1
download_latest,67,-1
upload_latest,67,1
upload_latest,67,-1
save_metadata,67,1
save_metadata,67,-1
parse_json,68,1
parse_json,68,-1
download_object,68,1
download_object,68,-1
read_point_cloud,68,1
read_point_cloud,68,-1
calc_geohash,68,1
calc_geohash,68,-1
copy_to_uploads,68,1
copy_to_uploads,68,-1
download_latest,68,1
download_latest,68,-1
upload_latest,68,1
upload_latest,68,-1
save_metadata,68,1
save_metadata,68,-1
parse_json,68,1
parse_json,68,-1
download_object,68,1
download_object,68,-1
read_point_cloud,68,1
read_point_cloud,68,-1
calc_geohash,68,1
calc_geohash,68,-1
copy_to_uploads,68,1
copy_to_uploads,68,-1
download_latest,68,1
download_latest,68,-1
upload_latest,68,1
upload_latest,68,-1
save_metadata,68,1
save_metadata,68,-1
parse_json,68,1
parse_json,68,-1
download_object,68,1
download_object,68,-1
read_point_cloud,68,1
read_point_cloud,68,-1
calc_geohash,68,1
calc_geohash,68,-1
copy_to_uploads,68,1
copy_to_uploads,68,-1
download_latest,68,1
download_latest,68,-1
upload_latest,68,1
upload_latest,68,-1
save_metadata,68,1
save_metadata,68,-1
parse_json,69,1
parse_json,69,-1
download_object,69,1
download_object,69,-1
read_point_cloud,69,1
read_point_cloud,69,-1
calc_geohash,69,1
calc_geohash,69,-1
copy_to_uploads,69,1
copy_to_uploads,69,-1
download_latest,69,1
download_latest,69,-1
upload_latest,69,1
upload_latest,69,-1
save_metadata,69,1
save_metadata,69,-1
parse_json,69,1
parse_json,69,-1
download_object,69,1
download_object,69,-1
read_point_cloud,69,1
read_point_cloud,69,-1
calc_geohash,69,1
calc_geohash,69,-1
copy_to_uploads,69,1
copy_to_uploads,69,-1
download_latest,69,1
download_latest,69,-1
upload_latest,69,1
upload_latest,69,-1
save_metadata,69,1
save_metadata,69,-1
parse_json,69,1
parse_json,69,-1
download_object,69,1
download_object,69,-1
read_point_cloud,69,1
read_point_cloud,69,-1
calc_geohash,69,1
calc_geohash,69,-1
copy_to_uploads,69,1
copy_to_uploads,69,-1
download_latest,69,1
download_latest,69,-1
upload_latest,69,1
upload_latest,69,-1
save_metadata,69,1
save_metadata,69,-1
parse_json,69,1
parse_json,69,-1
download_object,69,1
download_object,69,-1
read_point_cloud,69,1
read_point_cloud,69,-1
calc_geohash,69,1
calc_geohash,69,-1
copy_to_uploads,69,1
copy_to_uploads,69,-1
download_latest,69,1
download_latest,69,-1
upload_latest,69,1
upload_latest,69,-1
save_metadata,69,1
save_metadata,69,-1
parse_json,70,1
parse_json,70,-1
download_object,70,1
download_object,70,-1
read_point_cloud,70,1
read_point_cloud,70,-1
calc_geohash,70,1
calc_geohash,70,-1
copy_to_uploads,70,1
copy_to_uploads,70,-1
download_latest,70,1
download_latest,70,-1
upload_latest,70,1
upload_latest,70,-1
save_metadata,70,1
save_metadata,70,-1
parse_json,70,1
parse_json,70,-1
download_object,70,1
download_object,70,-1
read_point_cloud,70,1
read_point_cloud,70,-1
calc_geohash,70,1
calc_geohash,70,-1
copy_to_uploads,70,1
copy_to_uploads,70,-1
download_latest,70,1
download_latest,70,-1
upload_latest,70,1
upload_latest,70,-1
save_metadata,70,1
save_metadata,70,-1
parse_json,71,1
parse_json,71,-1
download_object,71,1
download_object,71,-1
read_point_cloud,71,1
read_point_cloud,71,-1
calc_geohash,71,1
calc_geohash,71,-1
copy_to_uploads,71,1
copy_to_uploads,71,-1
download_latest,71,1
download_latest,71,-1
upload_latest,71,1
upload_latest,71,-1
save_metadata,71,1
save_metadata,71,-1
parse_json,71,1
parse_json,71,-1
download_object,71,1
download_object,71,-1
read_point_cloud,71,1
read_point_cloud,71,-1
calc_geohash,71,1
calc_geohash,71,-1
copy_to_uploads,71,1
copy_to_uploads,71,-1
download_latest,71,1
download_latest,71,-1
upload_latest,71,1
upload_latest,71,-1
save_metadata,71,1
save_metadata,71,-1
parse_json,71,1
parse_json,71,-1
download_object,71,1
download_object,71,-1
read_point_cloud,71,1
read_point_cloud,71,-1
calc_geohash,71,1
calc_geohash,71,-1
copy_to_uploads,71,1
copy_to_uploads,71,-1
download_latest,71,1
download_latest,71,-1
upload_latest,71,1
upload_latest,71,-1
save_metadata,71,1
save_metadata,71,-1
parse_json,71,1
parse_json,71,-1
download_object,71,1
download_object,71,-1
read_point_cloud,71,1
read_point_cloud,71,-1
calc_geohash,71,1
calc_geohash,71,-1
copy_to_uploads,71,1
copy_to_uploads,71,-1
download_latest,71,1
download_latest,71,-1
upload_latest,71,1
upload_latest,71,-1
save_metadata,71,1
save_metadata,71,-1
parse_json,71,1
parse_json,71,-1
download_object,71,1
download_object,71,-1
read_point_cloud,71,1
read_point_cloud,71,-1
calc_geohash,71,1
calc_geohash,71,-1
copy_to_uploads,71,1
copy_to_uploads,71,-1
download_latest,71,1
download_latest,71,-1
upload_latest,71,1
upload_latest,71,-1
save_metadata,71,1
save_metadata,71,-1
parse_json,72,1
parse_json,72,-1
download_object,72,1
download_object,72,-1
read_point_cloud,72,1
read_point_cloud,72,-1
calc_geohash,72,1
calc_geohash,72,-1
copy_to_uploads,72,1
copy_to_uploads,72,-1
download_latest,72,1
download_latest,72,-1
upload_latest,72,1
upload_latest,72,-1
save_metadata,72,1
save_metadata,72,-1
parse_json,72,1
parse_json,72,-1
download_object,72,1
download_object,72,-1
read_point_cloud,72,1
read_point_cloud,72,-1
calc_geohash,72,1
calc_geohash,72,-1
copy_to_uploads,72,1
copy_to_uploads,72,-1
download_latest,72,1
download_latest,72,-1
upload_latest,72,1
upload_latest,72,-1
save_metadata,72,1
save_metadata,72,-1
parse_json,72,1
parse_json,72,-1
download_object,72,1
download_object,72,-1
read_point_cloud,72,1
read_point_cloud,72,-1
calc_geohash,72,1
calc_geohash,72,-1
copy_to_uploads,72,1
copy_to_uploads,72,-1
download_latest,72,1
download_latest,72,-1
upload_latest,72,1
upload_latest,72,-1
save_metadata,72,1
save_metadata,72,-1
parse_json,73,1
parse_json,73,-1
download_object,73,1
download_object,73,-1
read_point_cloud,73,1
read_point_cloud,73,-1
calc_geohash,73,1
calc_geohash,73,-1
copy_to_uploads,73,1
copy_to_uploads,73,-1
download_latest,73,1
download_latest,73,-1
upload_latest,73,1
upload_latest,73,-1
save_metadata,73,1
save_metadata,73,-1
parse_json,73,1
parse_json,73,-1
download_object,73,1
download_object,73,-1
read_point_cloud,73,1
read_point_cloud,73,-1
calc_geohash,73,1
calc_geohash,73,-1
copy_to_uploads,73,1
copy_to_uploads,73,-1
download_latest,73,1
download_latest,73,-1
upload_latest,73,1
upload_latest,73,-1
save_metadata,73,1
save_metadata,73,-1
parse_json,73,1
parse_json,73,-1
download_object,73,1
download_object,73,-1
read_point_cloud,73,1
read_point_cloud,73,-1
calc_geohash,73,1
calc_geohash,73,-1
copy_to_uploads,73,1
copy_to_uploads,73,-1
download_latest,73,1
download_latest,73,-1
upload_latest,73,1
upload_latest,73,-1
save_metadata,73,1
save_metadata,73,-1
parse_json,73,1
parse_json,73,-1
download_object,73,1
download_object,73,-1
read_point_cloud,73,1
read_point_cloud,73,-1
calc_geohash,73,1
calc_geohash,73,-1
copy_to_uploads,73,1
copy_to_uploads,73,-1
download_latest,73,1
download_latest,73,-1
upload_latest,73,1
upload_latest,73,-1
save_metadata,73,1
save_metadata,73,-1
parse_json,74,1
parse_json,74,-1
download_object,74,1
download_object,74,-1
read_point_cloud,74,1
read_point_cloud,74,-1
calc_geohash,74,1
calc_geohash,74,-1
copy_to_uploads,74,1
copy_to_uploads,74,-1
download_latest,74,1
download_latest,74,-1
upload_latest,74,1
upload_latest,74,-1
save_metadata,74,1
save_metadata,74,-1
parse_json,74,1
parse_json,74,-1
download_object,74,1
download_object,74,-1
read_point_cloud,74,1
read_point_cloud,74,-1
calc_geohash,74,1
calc_geohash,74,-1
copy_to_uploads,74,1
copy_to_uploads,74,-1
download_latest,74,1
download_latest,74,-1
upload_latest,74,1
upload_latest,74,-1
save_metadata,74,1
save_metadata,74,-1
parse_json,74,1
parse_json,74,-1
download_object,74,1
download_object,74,-1
read_point_cloud,74,1
read_point_cloud,74,-1
calc_geohash,74,1
calc_geohash,74,-1
copy_to_uploads,74,1
copy_to_uploads,74,-1
download_latest,74,1
download_latest,74,-1
upload_latest,74,1
upload_latest,74,-1
save_metadata,74,1
save_metadata,74,-1
parse_json,74,1
parse_json,74,-1
download_object,74,1
download_object,74,-1
read_point_cloud,74,1
read_point_cloud,74,-1
calc_geohash,74,1
calc_geohash,74,-1
copy_to_uploads,74,1
copy_to_uploads,74,-1
download_latest,74,1
download_latest,74,-1
upload_latest,74,1
upload_latest,74,-1
save_metadata,74,1
save_metadata,74,-1
parse_json,74,1
parse_json,74,-1
download_object,74,1
download_object,74,-1
read_point_cloud,74,1
read_point_cloud,74,-1
calc_geohash,74,1
calc_geohash,74,-1
copy_to_uploads,74,1
copy_to_uploads,74,-1
download_latest,74,1
download_latest,74,-1
upload_latest,74,1
upload_latest,74,-1
save_metadata,74,1
save_metadata,74,-1
parse_json,75,1
parse_json,75,-1
download_object,75,1
download_object,75,-1
read_point_cloud,75,1
read_point_cloud,75,-1
calc_geohash,75,1
calc_geohash,75,-1
copy_to_uploads,75,1
copy_to_uploads,75,-1
download_latest,75,1
download_latest,75,-1
upload_latest,75,1
upload_latest,75,-1
save_metadata,75,1
save_metadata,75,-1
