edge_get,30,1
edge_get,30,-1
cloud_get,30,1
cloud_get,30,-1
edge_get,30,1
edge_get,30,-1
cloud_get,30,1
cloud_get,30,-1
edge_get,30,1
edge_get,30,-1
cloud_get,30,1
cloud_get,30,-1
edge_get,30,1
edge_get,30,-1
cloud_get,30,1
cloud_get,30,-1
edge_get,30,1
edge_get,30,-1
cloud_get,30,1
cloud_get,30,-1
edge_get,30,1
edge_get,30,-1
cloud_get,30,1
cloud_get,30,-1
edge_get,30,1
edge_get,30,-1
cloud_get,30,1
cloud_get,30,-1
edge_get,30,1
edge_get,30,-1
cloud_get,30,1
cloud_get,30,-1
edge_get,30,1
edge_get,30,-1
cloud_get,30,1
cloud_get,30,-1
edge_get,30,1
edge_get,30,-1
cloud_get,30,1
cloud_get,30,-1
edge_get,30,1
edge_get,30,-1
cloud_get,30,1
cloud_get,30,-1
edge_get,30,1
edge_get,30,-1
cloud_get,30,1
cloud_get,30,-1
edge_get,30,1
edge_get,30,-1
cloud_get,30,1
cloud_get,30,-1
edge_get,30,1
edge_get,30,-1
cloud_get,30,1
cloud_get,30,-1
edge_get,30,1
edge_get,30,-1
cloud_get,30,1
cloud_get,30,-1
edge_get,30,1
edge_get,30,-1
cloud_get,30,1
cloud_get,31,-1
edge_get,31,1
edge_get,31,-1
cloud_get,31,1
cloud_get,31,-1
edge_get,31,1
edge_get,31,-1
cloud_get,31,1
cloud_get,31,-1
edge_get,31,1
edge_get,31,-1
cloud_get,31,1
cloud_get,31,-1
edge_get,31,1
edge_get,31,-1
cloud_get,31,1
cloud_get,31,-1
edge_get,31,1
edge_get,31,-1
cloud_get,31,1
cloud_get,31,-1
edge_get,31,1
edge_get,31,-1
cloud_get,31,1
cloud_get,31,-1
edge_get,31,1
edge_get,31,-1
cloud_get,31,1
cloud_get,31,-1
edge_get,31,1
edge_get,31,-1
cloud_get,31,1
cloud_get,31,-1
edge_get,31,1
edge_get,31,-1
cloud_get,31,1
cloud_get,31,-1
edge_get,31,1
edge_get,31,-1
cloud_get,31,1
cloud_get,31,-1
edge_get,31,1
edge_get,31,-1
cloud_get,31,1
cloud_get,31,-1
edge_get,31,1
edge_get,31,-1
cloud_get,31,1
cloud_get,31,-1
edge_get,31,1
edge_get,31,-1
cloud_get,31,1
cloud_get,31,-1
edge_get,31,1
edge_get,31,-1
cloud_get,31,1
cloud_get,31,-1
edge_get,31,1
edge_get,31,-1
cloud_get,31,1
cloud_get,31,-1
edge_get,31,1
edge_get,31,-1
cloud_get,31,1
cloud_get,31,-1
edge_get,31,1
edge_get,31,-1
cloud_get,31,1
cloud_get,31,-1
edge_get,31,1
edge_get,31,-1
cloud_get,31,1
cloud_get,31,-1
edge_get,31,1
edge_get,31,-1
cloud_get,31,1
cloud_get,31,-1
edge_get,31,1
edge_get,31,-1
cloud_get,31,1
cloud_get,31,-1
edge_get,31,1
edge_get,31,-1
cloud_get,31,1
cloud_get,31,-1
edge_get,31,1
edge_get,31,-1
cloud_get,31,1
cloud_get,31,-1
edge_get,31,1
edge_get,31,-1
cloud_get,31,1
cloud_get,31,-1
edge_get,31,1
edge_get,31,-1
cloud_get,31,1
cloud_get,31,-1
edge_get,31,1
edge_get,31,-1
cloud_get,31,1
cloud_get,31,-1
edge_get,31,1
edge_get,31,-1
cloud_get,31,1
cloud_get,31,-1
edge_get,31,1
edge_get,31,-1
cloud_get,31,1
cloud_get,31,-1
edge_get,31,1
edge_get,31,-1
cloud_get,31,1
cloud_get,31,-1
edge_get,31,1
edge_get,31,-1
cloud_get,31,1
cloud_get,31,-1
edge_get,31,1
edge_get,31,-1
cloud_get,31,1
cloud_get,31,-1
edge_get,31,1
edge_get,31,-1
cloud_get,31,1
cloud_get,31,-1
edge_get,32,1
edge_get,32,-1
cloud_get,32,1
cloud_get,32,-1
edge_get,32,1
edge_get,32,-1
cloud_get,32,1
cloud_get,32,-1
edge_get,32,1
edge_get,32,-1
cloud_get,32,1
cloud_get,32,-1
edge_get,32,1
edge_get,32,-1
cloud_get,32,1
cloud_get,32,-1
edge_get,32,1
edge_get,32,-1
cloud_get,32,1
cloud_get,32,-1
edge_get,32,1
edge_get,32,-1
cloud_get,32,1
cloud_get,32,-1
edge_get,32,1
edge_get,32,-1
cloud_get,32,1
cloud_get,32,-1
edge_get,32,1
edge_get,32,-1
cloud_get,32,1
cloud_get,32,-1
edge_get,32,1
edge_get,32,-1
cloud_get,32,1
cloud_get,32,-1
edge_get,32,1
edge_get,32,-1
cloud_get,32,1
cloud_get,32,-1
edge_get,32,1
edge_get,32,-1
cloud_get,32,1
cloud_get,32,-1
edge_get,32,1
edge_get,32,-1
cloud_get,32,1
cloud_get,32,-1
edge_get,32,1
edge_get,32,-1
cloud_get,32,1
cloud_get,32,-1
edge_get,32,1
edge_get,32,-1
cloud_get,32,1
cloud_get,32,-1
edge_get,32,1
edge_get,32,-1
cloud_get,32,1
cloud_get,32,-1
edge_get,32,1
edge_get,32,-1
cloud_get,32,1
cloud_get,32,-1
edge_get,32,1
edge_get,32,-1
cloud_get,32,1
cloud_get,32,-1
edge_get,32,1
edge_get,32,-1
cloud_get,32,1
cloud_get,32,-1
edge_get,32,1
edge_get,32,-1
cloud_get,32,1
cloud_get,32,-1
edge_get,32,1
edge_get,32,-1
cloud_get,32,1
cloud_get,32,-1
edge_get,32,1
edge_get,32,-1
cloud_get,32,1
cloud_get,32,-1
edge_get,32,1
edge_get,32,-1
cloud_get,32,1
cloud_get,32,-1
edge_get,32,1
edge_get,32,-1
cloud_get,32,1
cloud_get,32,-1
edge_get,32,1
edge_get,32,-1
cloud_get,32,1
cloud_get,32,-1
edge_get,32,1
edge_get,32,-1
cloud_get,32,1
cloud_get,32,-1
edge_get,33,1
edge_get,33,-1
cloud_get,33,1
cloud_get,33,-1
edge_get,33,1
edge_get,33,-1
cloud_get,33,1
cloud_get,33,-1
edge_get,33,1
edge_get,33,-1
cloud_get,33,1
cloud_get,33,-1
edge_get,33,1
edge_get,33,-1
cloud_get,33,1
cloud_get,33,-1
edge_get,33,1
edge_get,33,-1
cloud_get,33,1
cloud_get,33,-1
edge_get,33,1
edge_get,33,-1
cloud_get,33,1
cloud_get,33,-1
edge_get,33,1
edge_get,33,-1
cloud_get,33,1
cloud_get,33,-1
edge_get,33,1
edge_get,33,-1
cloud_get,33,1
cloud_get,33,-1
edge_get,33,1
edge_get,33,-1
cloud_get,33,1
cloud_get,33,-1
edge_get,33,1
edge_get,33,-1
cloud_get,33,1
cloud_get,33,-1
edge_get,33,1
edge_get,33,-1
cloud_get,33,1
cloud_get,33,-1
edge_get,33,1
edge_get,33,-1
cloud_get,33,1
cloud_get,33,-1
edge_get,33,1
edge_get,33,-1
cloud_get,33,1
cloud_get,33,-1
edge_get,33,1
edge_get,33,-1
cloud_get,33,1
cloud_get,33,-1
edge_get,33,1
edge_get,33,-1
cloud_get,33,1
cloud_get,33,-1
edge_get,33,1
edge_get,33,-1
cloud_get,33,1
cloud_get,33,-1
edge_get,33,1
edge_get,33,-1
cloud_get,33,1
cloud_get,33,-1
edge_get,33,1
edge_get,33,-1
cloud_get,33,1
cloud_get,33,-1
edge_get,33,1
edge_get,33,-1
cloud_get,33,1
cloud_get,33,-1
edge_get,33,1
edge_get,33,-1
cloud_get,33,1
cloud_get,33,-1
edge_get,33,1
edge_get,33,-1
cloud_get,33,1
cloud_get,33,-1
edge_get,33,1
edge_get,33,-1
cloud_get,33,1
cloud_get,33,-1
edge_get,33,1
edge_get,33,-1
cloud_get,33,1
cloud_get,33,-1
edge_get,33,1
edge_get,33,-1
cloud_get,33,1
cloud_get,33,-1
edge_get,33,1
edge_get,33,-1
cloud_get,33,1
cloud_get,33,-1
edge_get,34,1
edge_get,34,-1
cloud_get,34,1
cloud_get,34,-1
edge_get,34,1
edge_get,34,-1
cloud_get,34,1
cloud_get,34,-1
edge_get,34,1
edge_get,34,-1
cloud_get,34,1
cloud_get,34,-1
edge_get,34,1
edge_get,34,-1
cloud_get,34,1
cloud_get,34,-1
edge_get,34,1
edge_get,34,-1
cloud_get,34,1
cloud_get,34,-1
edge_get,34,1
edge_get,34,-1
cloud_get,34,1
cloud_get,34,-1
edge_get,34,1
edge_get,34,-1
cloud_get,34,1
cloud_get,34,-1
edge_get,34,1
edge_get,34,-1
cloud_get,34,1
cloud_get,34,-1
edge_get,34,1
edge_get,34,-1
cloud_get,34,1
cloud_get,34,-1
edge_get,34,1
edge_get,34,-1
cloud_get,34,1
cloud_get,34,-1
edge_get,34,1
edge_get,34,-1
cloud_get,34,1
cloud_get,34,-1
edge_get,34,1
edge_get,34,-1
cloud_get,34,1
cloud_get,34,-1
edge_get,34,1
edge_get,34,-1
cloud_get,34,1
cloud_get,34,-1
edge_get,34,1
edge_get,34,-1
cloud_get,34,1
cloud_get,34,-1
edge_get,34,1
edge_get,34,-1
cloud_get,34,1
cloud_get,34,-1
edge_get,34,1
edge_get,34,-1
cloud_get,34,1
cloud_get,34,-1
edge_get,34,1
edge_get,34,-1
cloud_get,34,1
cloud_get,34,-1
edge_get,34,1
edge_get,34,-1
cloud_get,34,1
cloud_get,34,-1
edge_get,34,1
edge_get,34,-1
cloud_get,34,1
cloud_get,34,-1
edge_get,34,1
edge_get,34,-1
cloud_get,34,1
cloud_get,34,-1
edge_get,34,1
edge_get,34,-1
cloud_get,34,1
cloud_get,34,-1
edge_get,34,1
edge_get,34,-1
cloud_get,34,1
cloud_get,34,-1
edge_get,34,1
edge_get,34,-1
cloud_get,34,1
cloud_get,34,-1
edge_get,35,1
edge_get,35,-1
cloud_get,35,1
cloud_get,35,-1
edge_get,35,1
edge_get,35,-1
cloud_get,35,1
cloud_get,35,-1
edge_get,35,1
edge_get,35,-1
cloud_get,35,1
cloud_get,35,-1
edge_get,35,1
edge_get,35,-1
cloud_get,35,1
cloud_get,35,-1
edge_get,35,1
edge_get,35,-1
cloud_get,35,1
cloud_get,35,-1
edge_get,35,1
edge_get,35,-1
cloud_get,35,1
cloud_get,35,-1
edge_get,35,1
edge_get,35,-1
cloud_get,35,1
cloud_get,35,-1
edge_get,35,1
edge_get,35,-1
cloud_get,35,1
cloud_get,35,-1
edge_get,35,1
edge_get,35,-1
cloud_get,35,1
cloud_get,35,-1
edge_get,35,1
edge_get,35,-1
cloud_get,35,1
cloud_get,35,-1
edge_get,35,1
edge_get,35,-1
cloud_get,35,1
cloud_get,35,-1
edge_get,35,1
edge_get,35,-1
cloud_get,35,1
cloud_get,35,-1
edge_get,35,1
edge_get,35,-1
cloud_get,35,1
cloud_get,35,-1
edge_get,35,1
edge_get,35,-1
cloud_get,35,1
cloud_get,35,-1
edge_get,35,1
edge_get,35,-1
cloud_get,35,1
cloud_get,35,-1
edge_get,35,1
edge_get,35,-1
cloud_get,35,1
cloud_get,35,-1
edge_get,35,1
edge_get,35,-1
cloud_get,35,1
cloud_get,35,-1
edge_get,35,1
edge_get,35,-1
cloud_get,35,1
cloud_get,35,-1
edge_get,35,1
edge_get,35,-1
cloud_get,35,1
cloud_get,35,-1
edge_get,35,1
edge_get,35,-1
cloud_get,35,1
cloud_get,35,-1
edge_get,35,1
edge_get,35,-1
cloud_get,35,1
cloud_get,35,-1
edge_get,35,1
edge_get,35,-1
cloud_get,35,1
cloud_get,35,-1
edge_get,35,1
edge_get,35,-1
cloud_get,35,1
cloud_get,35,-1
edge_get,35,1
edge_get,35,-1
cloud_get,35,1
cloud_get,35,-1
edge_get,35,1
edge_get,35,-1
cloud_get,35,1
cloud_get,35,-1
edge_get,35,1
edge_get,35,-1
cloud_get,35,1
cloud_get,35,-1
edge_get,35,1
edge_get,35,-1
cloud_get,35,1
cloud_get,35,-1
edge_get,35,1
edge_get,35,-1
cloud_get,35,1
cloud_get,35,-1
edge_get,35,1
edge_get,35,-1
cloud_get,35,1
cloud_get,35,-1
edge_get,35,1
edge_get,35,-1
cloud_get,35,1
cloud_get,35,-1
edge_get,36,1
edge_get,36,-1
cloud_get,36,1
cloud_get,36,-1
edge_get,36,1
edge_get,36,-1
cloud_get,36,1
cloud_get,36,-1
edge_get,36,1
edge_get,36,-1
cloud_get,36,1
cloud_get,36,-1
edge_get,36,1
edge_get,36,-1
cloud_get,36,1
cloud_get,36,-1
edge_get,36,1
edge_get,36,-1
cloud_get,36,1
cloud_get,36,-1
edge_get,36,1
edge_get,36,-1
cloud_get,36,1
cloud_get,36,-1
edge_get,36,1
edge_get,36,-1
cloud_get,36,1
cloud_get,36,-1
edge_get,36,1
edge_get,36,-1
cloud_get,36,1
cloud_get,36,-1
edge_get,36,1
edge_get,36,-1
cloud_get,36,1
cloud_get,36,-1
edge_get,36,1
edge_get,36,-1
cloud_get,36,1
cloud_get,36,-1
edge_get,36,1
edge_get,36,-1
cloud_get,36,1
cloud_get,36,-1
edge_get,36,1
edge_get,36,-1
cloud_get,36,1
cloud_get,36,-1
edge_get,36,1
edge_get,36,-1
cloud_get,36,1
cloud_get,36,-1
edge_get,36,1
edge_get,36,-1
cloud_get,36,1
cloud_get,36,-1
edge_get,36,1
edge_get,36,-1
cloud_get,36,1
cloud_get,36,-1
edge_get,36,1
edge_get,36,-1
cloud_get,36,1
cloud_get,36,-1
edge_get,36,1
edge_get,36,-1
cloud_get,36,1
cloud_get,36,-1
edge_get,36,1
edge_get,36,-1
cloud_get,36,1
cloud_get,36,-1
edge_get,36,1
edge_get,36,-1
cloud_get,36,1
cloud_get,36,-1
edge_get,36,1
edge_get,36,-1
cloud_get,36,1
cloud_get,36,-1
edge_get,36,1
edge_get,36,-1
cloud_get,36,1
cloud_get,36,-1
edge_get,36,1
edge_get,36,-1
cloud_get,36,1
cloud_get,36,-1
edge_get,36,1
edge_get,36,-1
cloud_get,36,1
cloud_get,36,-1
edge_get,36,1
edge_get,36,-1
cloud_get,36,1
cloud_get,37,-1
edge_get,37,1
edge_get,37,-1
cloud_get,37,1
cloud_get,37,-1
edge_get,37,1
edge_get,37,-1
cloud_get,37,1
cloud_get,37,-1
edge_get,37,1
edge_get,37,-1
cloud_get,37,1
cloud_get,37,-1
edge_get,37,1
edge_get,37,-1
cloud_get,37,1
cloud_get,37,-1
edge_get,37,1
edge_get,37,-1
cloud_get,37,1
cloud_get,37,-1
edge_get,37,1
edge_get,37,-1
cloud_get,37,1
cloud_get,37,-1
edge_get,37,1
edge_get,37,-1
cloud_get,37,1
cloud_get,37,-1
edge_get,37,1
edge_get,37,-1
cloud_get,37,1
cloud_get,37,-1
edge_get,37,1
edge_get,37,-1
cloud_get,37,1
cloud_get,37,-1
edge_get,37,1
edge_get,37,-1
cloud_get,37,1
cloud_get,37,-1
edge_get,37,1
edge_get,37,-1
cloud_get,37,1
cloud_get,37,-1
edge_get,37,1
edge_get,37,-1
cloud_get,37,1
cloud_get,37,-1
edge_get,37,1
edge_get,37,-1
cloud_get,37,1
cloud_get,37,-1
edge_get,37,1
edge_get,37,-1
cloud_get,37,1
cloud_get,37,-1
edge_get,37,1
edge_get,37,-1
cloud_get,37,1
cloud_get,37,-1
edge_get,37,1
edge_get,37,-1
cloud_get,37,1
cloud_get,37,-1
edge_get,37,1
edge_get,37,-1
cloud_get,37,1
cloud_get,37,-1
edge_get,37,1
edge_get,37,-1
cloud_get,37,1
cloud_get,37,-1
edge_get,37,1
edge_get,37,-1
cloud_get,37,1
cloud_get,37,-1
edge_get,37,1
edge_get,37,-1
cloud_get,37,1
cloud_get,37,-1
edge_get,37,1
edge_get,37,-1
cloud_get,37,1
cloud_get,37,-1
edge_get,37,1
edge_get,37,-1
cloud_get,37,1
cloud_get,37,-1
edge_get,37,1
edge_get,37,-1
cloud_get,37,1
cloud_get,37,-1
edge_get,37,1
edge_get,37,-1
cloud_get,37,1
cloud_get,37,-1
edge_get,37,1
edge_get,37,-1
cloud_get,37,1
cloud_get,37,-1
edge_get,37,1
edge_get,37,-1
cloud_get,37,1
cloud_get,37,-1
edge_get,38,1
edge_get,38,-1
cloud_get,38,1
cloud_get,38,-1
edge_get,38,1
edge_get,38,-1
cloud_get,38,1
cloud_get,38,-1
edge_get,38,1
edge_get,38,-1
cloud_get,38,1
cloud_get,38,-1
edge_get,38,1
edge_get,38,-1
cloud_get,38,1
cloud_get,38,-1
edge_get,38,1
edge_get,38,-1
cloud_get,38,1
cloud_get,38,-1
edge_get,38,1
edge_get,38,-1
cloud_get,38,1
cloud_get,38,-1
edge_get,38,1
edge_get,38,-1
cloud_get,38,1
cloud_get,38,-1
edge_get,38,1
edge_get,38,-1
cloud_get,38,1
cloud_get,38,-1
edge_get,38,1
edge_get,38,-1
cloud_get,38,1
cloud_get,38,-1
edge_get,38,1
edge_get,38,-1
cloud_get,38,1
cloud_get,38,-1
edge_get,38,1
edge_get,38,-1
cloud_get,38,1
cloud_get,38,-1
edge_get,38,1
edge_get,38,-1
cloud_get,38,1
cloud_get,38,-1
edge_get,38,1
edge_get,38,-1
cloud_get,38,1
cloud_get,38,-1
edge_get,38,1
edge_get,38,-1
cloud_get,38,1
cloud_get,38,-1
edge_get,38,1
edge_get,38,-1
cloud_get,38,1
cloud_get,38,-1
edge_get,38,1
edge_get,38,-1
cloud_get,38,1
cloud_get,38,-1
edge_get,38,1
edge_get,38,-1
cloud_get,38,1
cloud_get,38,-1
edge_get,38,1
edge_get,38,-1
cloud_get,38,1
cloud_get,38,-1
edge_get,38,1
edge_get,38,-1
cloud_get,38,1
cloud_get,38,-1
edge_get,38,1
edge_get,38,-1
cloud_get,38,1
cloud_get,38,-1
edge_get,38,1
edge_get,38,-1
cloud_get,38,1
cloud_get,38,-1
edge_get,39,1
edge_get,39,-1
cloud_get,39,1
cloud_get,39,-1
edge_get,39,1
edge_get,39,-1
cloud_get,39,1
cloud_get,39,-1
edge_get,39,1
edge_get,39,-1
cloud_get,39,1
cloud_get,39,-1
edge_get,39,1
edge_get,39,-1
cloud_get,39,1
cloud_get,39,-1
edge_get,39,1
edge_get,39,-1
cloud_get,39,1
cloud_get,39,-1
edge_get,39,1
edge_get,39,-1
cloud_get,39,1
cloud_get,39,-1
edge_get,39,1
edge_get,39,-1
cloud_get,39,1
cloud_get,39,-1
edge_get,39,1
edge_get,39,-1
cloud_get,39,1
cloud_get,39,-1
edge_get,39,1
edge_get,39,-1
cloud_get,39,1
cloud_get,39,-1
edge_get,39,1
edge_get,39,-1
cloud_get,39,1
cloud_get,39,-1
edge_get,39,1
edge_get,39,-1
cloud_get,39,1
cloud_get,39,-1
edge_get,39,1
edge_get,39,-1
cloud_get,39,1
cloud_get,39,-1
edge_get,39,1
edge_get,39,-1
cloud_get,39,1
cloud_get,39,-1
edge_get,39,1
edge_get,39,-1
cloud_get,39,1
cloud_get,39,-1
edge_get,39,1
edge_get,39,-1
cloud_get,39,1
cloud_get,39,-1
edge_get,39,1
edge_get,39,-1
cloud_get,39,1
cloud_get,39,-1
edge_get,39,1
edge_get,39,-1
cloud_get,39,1
cloud_get,39,-1
edge_get,39,1
edge_get,39,-1
cloud_get,39,1
cloud_get,39,-1
edge_get,39,1
edge_get,39,-1
cloud_get,39,1
cloud_get,39,-1
edge_get,39,1
edge_get,39,-1
cloud_get,39,1
cloud_get,39,-1
edge_get,39,1
edge_get,39,-1
cloud_get,39,1
cloud_get,39,-1
edge_get,39,1
edge_get,39,-1
cloud_get,39,1
cloud_get,39,-1
edge_get,39,1
edge_get,39,-1
cloud_get,39,1
cloud_get,39,-1
edge_get,39,1
edge_get,39,-1
cloud_get,39,1
cloud_get,39,-1
edge_get,39,1
edge_get,39,-1
cloud_get,39,1
cloud_get,39,-1
edge_get,39,1
edge_get,39,-1
cloud_get,39,1
cloud_get,39,-1
edge_get,39,1
edge_get,39,-1
cloud_get,39,1
cloud_get,39,-1
edge_get,39,1
edge_get,39,-1
cloud_get,39,1
cloud_get,39,-1
edge_get,40,1
edge_get,40,-1
cloud_get,40,1
cloud_get,40,-1
edge_get,40,1
edge_get,40,-1
cloud_get,40,1
cloud_get,40,-1
edge_get,40,1
edge_get,40,-1
cloud_get,40,1
cloud_get,40,-1
edge_get,40,1
edge_get,40,-1
cloud_get,40,1
cloud_get,40,-1
edge_get,40,1
edge_get,40,-1
cloud_get,40,1
cloud_get,40,-1
edge_get,40,1
edge_get,40,-1
cloud_get,40,1
cloud_get,40,-1
edge_get,40,1
edge_get,40,-1
cloud_get,40,1
cloud_get,40,-1
edge_get,40,1
edge_get,40,-1
cloud_get,40,1
cloud_get,40,-1
edge_get,40,1
edge_get,40,-1
cloud_get,40,1
cloud_get,40,-1
edge_get,40,1
edge_get,40,-1
cloud_get,40,1
cloud_get,40,-1
edge_get,40,1
edge_get,40,-1
cloud_get,40,1
cloud_get,40,-1
edge_get,40,1
edge_get,40,-1
cloud_get,40,1
cloud_get,40,-1
edge_get,40,1
edge_get,40,-1
cloud_get,40,1
cloud_get,40,-1
edge_get,40,1
edge_get,40,-1
cloud_get,40,1
cloud_get,40,-1
edge_get,40,1
edge_get,40,-1
cloud_get,40,1
cloud_get,40,-1
edge_get,40,1
edge_get,40,-1
cloud_get,40,1
cloud_get,40,-1
edge_get,40,1
edge_get,40,-1
cloud_get,40,1
cloud_get,40,-1
edge_get,41,1
edge_get,41,-1
cloud_get,41,1
cloud_get,41,-1
edge_get,41,1
edge_get,41,-1
cloud_get,41,1
cloud_get,41,-1
edge_get,41,1
edge_get,41,-1
cloud_get,41,1
cloud_get,41,-1
edge_get,41,1
edge_get,41,-1
cloud_get,41,1
cloud_get,41,-1
edge_get,41,1
edge_get,41,-1
cloud_get,41,1
edge_get,41,1
edge_get,41,-1
cloud_get,41,1
cloud_get,41,-1
cloud_get,41,-1
edge_get,41,1
edge_get,41,-1
cloud_get,41,1
cloud_get,41,-1
edge_get,41,1
edge_get,41,-1
cloud_get,41,1
cloud_get,41,-1
edge_get,41,1
edge_get,41,-1
cloud_get,41,1
cloud_get,41,-1
edge_get,41,1
edge_get,41,-1
cloud_get,41,1
cloud_get,41,-1
edge_get,41,1
edge_get,41,-1
cloud_get,41,1
cloud_get,41,-1
edge_get,41,1
edge_get,41,-1
cloud_get,41,1
cloud_get,41,-1
edge_get,41,1
edge_get,41,-1
cloud_get,41,1
cloud_get,41,-1
edge_get,41,1
edge_get,41,-1
cloud_get,41,1
cloud_get,41,-1
edge_get,41,1
edge_get,41,-1
cloud_get,41,1
cloud_get,41,-1
edge_get,41,1
edge_get,41,-1
cloud_get,41,1
cloud_get,41,-1
edge_get,41,1
edge_get,41,-1
cloud_get,41,1
cloud_get,41,-1
edge_get,41,1
edge_get,41,-1
cloud_get,41,1
cloud_get,41,-1
edge_get,41,1
edge_get,41,-1
cloud_get,41,1
cloud_get,41,-1
edge_get,41,1
edge_get,41,-1
cloud_get,41,1
cloud_get,41,-1
edge_get,41,1
edge_get,41,-1
cloud_get,41,1
cloud_get,41,-1
edge_get,41,1
edge_get,41,-1
cloud_get,41,1
cloud_get,41,-1
edge_get,41,1
edge_get,41,-1
cloud_get,41,1
cloud_get,41,-1
edge_get,41,1
edge_get,41,-1
cloud_get,41,1
cloud_get,41,-1
edge_get,41,1
edge_get,41,-1
cloud_get,41,1
cloud_get,41,-1
edge_get,41,1
edge_get,41,-1
cloud_get,41,1
cloud_get,41,-1
edge_get,41,1
edge_get,41,-1
cloud_get,41,1
cloud_get,41,-1
edge_get,41,1
edge_get,41,-1
cloud_get,41,1
cloud_get,41,-1
edge_get,41,1
edge_get,41,-1
cloud_get,41,1
cloud_get,41,-1
edge_get,42,1
edge_get,42,-1
cloud_get,42,1
cloud_get,42,-1
edge_get,42,1
edge_get,42,-1
cloud_get,42,1
cloud_get,42,-1
edge_get,42,1
edge_get,42,-1
cloud_get,42,1
cloud_get,42,-1
edge_get,42,1
edge_get,42,-1
cloud_get,42,1
cloud_get,42,-1
edge_get,42,1
edge_get,42,-1
cloud_get,42,1
cloud_get,42,-1
edge_get,42,1
edge_get,42,-1
cloud_get,42,1
cloud_get,42,-1
edge_get,42,1
edge_get,42,-1
cloud_get,42,1
cloud_get,42,-1
edge_get,42,1
edge_get,42,-1
cloud_get,42,1
cloud_get,42,-1
edge_get,42,1
edge_get,42,-1
cloud_get,42,1
cloud_get,42,-1
edge_get,42,1
edge_get,42,-1
cloud_get,42,1
cloud_get,42,-1
edge_get,42,1
edge_get,42,-1
cloud_get,42,1
cloud_get,42,-1
edge_get,42,1
edge_get,42,-1
cloud_get,42,1
cloud_get,42,-1
edge_get,42,1
edge_get,42,-1
cloud_get,42,1
cloud_get,42,-1
edge_get,42,1
edge_get,42,-1
cloud_get,42,1
cloud_get,42,-1
edge_get,42,1
edge_get,42,-1
cloud_get,42,1
cloud_get,42,-1
edge_get,42,1
edge_get,42,-1
cloud_get,42,1
cloud_get,42,-1
edge_get,42,1
edge_get,42,-1
cloud_get,42,1
cloud_get,42,-1
edge_get,42,1
edge_get,42,-1
cloud_get,42,1
cloud_get,42,-1
edge_get,42,1
edge_get,42,-1
cloud_get,42,1
cloud_get,42,-1
edge_get,42,1
edge_get,42,-1
cloud_get,42,1
cloud_get,42,-1
edge_get,42,1
edge_get,42,-1
cloud_get,42,1
cloud_get,42,-1
edge_get,42,1
edge_get,42,-1
cloud_get,42,1
cloud_get,42,-1
edge_get,42,1
edge_get,42,-1
cloud_get,42,1
cloud_get,42,-1
edge_get,43,1
edge_get,43,-1
cloud_get,43,1
cloud_get,43,-1
edge_get,43,1
edge_get,43,-1
cloud_get,43,1
cloud_get,43,-1
edge_get,43,1
edge_get,43,-1
cloud_get,43,1
cloud_get,43,-1
edge_get,43,1
edge_get,43,-1
cloud_get,43,1
cloud_get,43,-1
edge_get,43,1
edge_get,43,-1
cloud_get,43,1
cloud_get,43,-1
edge_get,43,1
edge_get,43,-1
cloud_get,43,1
cloud_get,43,-1
edge_get,43,1
edge_get,43,-1
cloud_get,43,1
cloud_get,43,-1
edge_get,43,1
edge_get,43,-1
cloud_get,43,1
cloud_get,43,-1
edge_get,43,1
edge_get,43,-1
cloud_get,43,1
cloud_get,43,-1
edge_get,43,1
edge_get,43,-1
cloud_get,43,1
cloud_get,43,-1
edge_get,43,1
edge_get,43,-1
cloud_get,43,1
cloud_get,43,-1
edge_get,43,1
edge_get,43,-1
cloud_get,43,1
cloud_get,43,-1
edge_get,43,1
edge_get,43,-1
cloud_get,43,1
cloud_get,43,-1
edge_get,43,1
edge_get,43,-1
cloud_get,43,1
cloud_get,43,-1
edge_get,43,1
edge_get,43,-1
cloud_get,43,1
cloud_get,43,-1
edge_get,43,1
edge_get,43,-1
cloud_get,43,1
cloud_get,43,-1
edge_get,43,1
edge_get,43,-1
cloud_get,43,1
cloud_get,43,-1
edge_get,43,1
edge_get,43,-1
cloud_get,43,1
cloud_get,43,-1
edge_get,43,1
edge_get,43,-1
cloud_get,43,1
cloud_get,43,-1
edge_get,43,1
edge_get,43,-1
cloud_get,43,1
cloud_get,43,-1
edge_get,43,1
edge_get,43,-1
cloud_get,43,1
cloud_get,43,-1
edge_get,43,1
edge_get,43,-1
cloud_get,43,1
cloud_get,43,-1
edge_get,43,1
edge_get,43,-1
cloud_get,43,1
cloud_get,43,-1
edge_get,43,1
edge_get,43,-1
cloud_get,43,1
cloud_get,43,-1
edge_get,44,1
edge_get,44,-1
cloud_get,44,1
cloud_get,44,-1
edge_get,44,1
edge_get,44,-1
cloud_get,44,1
cloud_get,44,-1
edge_get,44,1
edge_get,44,-1
cloud_get,44,1
cloud_get,44,-1
edge_get,44,1
edge_get,44,-1
cloud_get,44,1
cloud_get,44,-1
edge_get,44,1
edge_get,44,-1
cloud_get,44,1
cloud_get,44,-1
edge_get,44,1
edge_get,44,-1
cloud_get,44,1
cloud_get,44,-1
edge_get,44,1
edge_get,44,-1
cloud_get,44,1
cloud_get,44,-1
edge_get,44,1
edge_get,44,-1
cloud_get,44,1
cloud_get,44,-1
edge_get,44,1
edge_get,44,-1
cloud_get,44,1
cloud_get,44,-1
edge_get,44,1
edge_get,44,-1
cloud_get,44,1
cloud_get,44,-1
edge_get,44,1
edge_get,44,-1
cloud_get,44,1
cloud_get,44,-1
edge_get,44,1
edge_get,44,-1
cloud_get,44,1
cloud_get,44,-1
edge_get,44,1
edge_get,44,-1
cloud_get,44,1
cloud_get,44,-1
edge_get,44,1
edge_get,44,-1
cloud_get,44,1
cloud_get,44,-1
edge_get,44,1
edge_get,44,-1
cloud_get,44,1
cloud_get,44,-1
edge_get,44,1
edge_get,44,-1
cloud_get,44,1
cloud_get,45,-1
edge_get,45,1
edge_get,45,-1
cloud_get,45,1
cloud_get,45,-1
edge_get,45,1
edge_get,45,-1
cloud_get,45,1
cloud_get,45,-1
edge_get,45,1
edge_get,45,-1
cloud_get,45,1
cloud_get,45,-1
edge_get,45,1
edge_get,45,-1
cloud_get,45,1
cloud_get,45,-1
edge_get,45,1
edge_get,45,-1
cloud_get,45,1
cloud_get,45,-1
edge_get,45,1
edge_get,45,-1
cloud_get,45,1
cloud_get,45,-1
edge_get,45,1
edge_get,45,1
edge_get,45,-1
cloud_get,45,1
edge_get,45,-1
cloud_get,45,1
cloud_get,45,-1
cloud_get,45,-1
edge_get,45,1
edge_get,45,-1
cloud_get,45,1
cloud_get,45,-1
edge_get,45,1
edge_get,45,-1
cloud_get,45,1
cloud_get,45,-1
edge_get,45,1
edge_get,45,-1
cloud_get,45,1
cloud_get,45,-1
edge_get,45,1
edge_get,45,-1
cloud_get,45,1
cloud_get,45,-1
edge_get,45,1
edge_get,45,-1
cloud_get,45,1
cloud_get,45,-1
edge_get,45,1
edge_get,45,-1
cloud_get,45,1
cloud_get,45,-1
edge_get,45,1
edge_get,45,-1
cloud_get,45,1
cloud_get,45,-1
edge_get,45,1
edge_get,45,-1
cloud_get,45,1
cloud_get,45,-1
edge_get,45,1
edge_get,45,-1
cloud_get,45,1
cloud_get,45,-1
edge_get,45,1
edge_get,45,-1
cloud_get,45,1
cloud_get,45,-1
edge_get,46,1
edge_get,46,-1
cloud_get,46,1
cloud_get,46,-1
edge_get,46,1
edge_get,46,-1
cloud_get,46,1
cloud_get,46,-1
edge_get,46,1
edge_get,46,-1
cloud_get,46,1
cloud_get,46,-1
edge_get,46,1
edge_get,46,-1
cloud_get,46,1
cloud_get,46,-1
edge_get,46,1
edge_get,46,-1
cloud_get,46,1
cloud_get,46,-1
edge_get,46,1
edge_get,46,-1
cloud_get,46,1
cloud_get,46,-1
edge_get,46,1
edge_get,46,-1
cloud_get,46,1
cloud_get,46,-1
edge_get,46,1
edge_get,46,-1
cloud_get,46,1
cloud_get,46,-1
edge_get,46,1
edge_get,46,-1
cloud_get,46,1
cloud_get,46,-1
edge_get,46,1
edge_get,46,-1
cloud_get,46,1
cloud_get,46,-1
edge_get,46,1
edge_get,46,-1
cloud_get,46,1
cloud_get,46,-1
edge_get,46,1
edge_get,46,-1
cloud_get,46,1
cloud_get,46,-1
edge_get,46,1
edge_get,46,-1
cloud_get,46,1
cloud_get,46,-1
edge_get,46,1
edge_get,46,-1
cloud_get,46,1
cloud_get,46,-1
edge_get,46,1
edge_get,46,-1
cloud_get,46,1
cloud_get,46,-1
edge_get,46,1
edge_get,46,-1
cloud_get,46,1
cloud_get,46,-1
edge_get,46,1
edge_get,46,-1
cloud_get,46,1
cloud_get,46,-1
edge_get,46,1
edge_get,46,-1
cloud_get,46,1
cloud_get,46,-1
edge_get,46,1
edge_get,46,-1
cloud_get,46,1
cloud_get,46,-1
edge_get,46,1
edge_get,46,-1
cloud_get,46,1
cloud_get,46,-1
edge_get,46,1
edge_get,46,-1
cloud_get,46,1
cloud_get,46,-1
edge_get,46,1
edge_get,46,-1
cloud_get,46,1
cloud_get,46,-1
edge_get,46,1
edge_get,46,-1
cloud_get,46,1
cloud_get,46,-1
edge_get,46,1
edge_get,46,-1
cloud_get,46,1
cloud_get,46,-1
edge_get,46,1
edge_get,46,-1
cloud_get,46,1
cloud_get,46,-1
edge_get,46,1
edge_get,46,-1
cloud_get,46,1
cloud_get,46,-1
edge_get,46,1
edge_get,46,-1
cloud_get,46,1
cloud_get,46,-1
edge_get,46,1
edge_get,46,-1
cloud_get,46,1
cloud_get,46,-1
edge_get,47,1
edge_get,47,-1
cloud_get,47,1
cloud_get,47,-1
edge_get,47,1
edge_get,47,-1
cloud_get,47,1
cloud_get,47,-1
edge_get,47,1
edge_get,47,-1
cloud_get,47,1
cloud_get,47,-1
edge_get,47,1
edge_get,47,-1
cloud_get,47,1
cloud_get,47,-1
edge_get,47,1
edge_get,47,-1
cloud_get,47,1
cloud_get,47,-1
edge_get,47,1
edge_get,47,-1
cloud_get,47,1
cloud_get,47,-1
edge_get,47,1
edge_get,47,-1
cloud_get,47,1
cloud_get,47,-1
edge_get,47,1
edge_get,47,-1
cloud_get,47,1
cloud_get,47,-1
edge_get,47,1
edge_get,47,-1
cloud_get,47,1
cloud_get,47,-1
edge_get,47,1
edge_get,47,-1
cloud_get,47,1
cloud_get,47,-1
edge_get,47,1
edge_get,47,-1
cloud_get,47,1
cloud_get,47,-1
edge_get,47,1
edge_get,47,-1
cloud_get,47,1
cloud_get,47,-1
edge_get,47,1
edge_get,47,-1
cloud_get,47,1
cloud_get,47,-1
edge_get,47,1
edge_get,47,-1
cloud_get,47,1
cloud_get,47,-1
edge_get,47,1
edge_get,47,-1
cloud_get,47,1
cloud_get,47,-1
edge_get,47,1
edge_get,47,-1
cloud_get,47,1
cloud_get,47,-1
edge_get,47,1
edge_get,47,-1
cloud_get,47,1
cloud_get,47,-1
edge_get,47,1
edge_get,47,-1
cloud_get,47,1
cloud_get,47,-1
edge_get,47,1
edge_get,47,-1
cloud_get,47,1
cloud_get,47,-1
edge_get,47,1
edge_get,47,-1
cloud_get,47,1
cloud_get,47,-1
edge_get,47,1
edge_get,47,-1
cloud_get,47,1
cloud_get,47,-1
edge_get,47,1
edge_get,47,-1
cloud_get,47,1
cloud_get,47,-1
edge_get,47,1
edge_get,47,-1
cloud_get,47,1
cloud_get,47,-1
edge_get,47,1
edge_get,47,-1
cloud_get,47,1
cloud_get,47,-1
edge_get,48,1
edge_get,48,-1
cloud_get,48,1
cloud_get,48,-1
edge_get,48,1
edge_get,48,-1
cloud_get,48,1
cloud_get,48,-1
edge_get,48,1
edge_get,48,-1
cloud_get,48,1
cloud_get,48,-1
edge_get,48,1
edge_get,48,-1
cloud_get,48,1
cloud_get,48,-1
edge_get,48,1
edge_get,48,-1
cloud_get,48,1
cloud_get,48,-1
edge_get,48,1
edge_get,48,-1
cloud_get,48,1
cloud_get,48,-1
edge_get,48,1
edge_get,48,-1
cloud_get,48,1
cloud_get,48,-1
edge_get,48,1
edge_get,48,-1
cloud_get,48,1
cloud_get,48,-1
edge_get,48,1
edge_get,48,-1
cloud_get,48,1
cloud_get,48,-1
edge_get,48,1
edge_get,48,-1
cloud_get,48,1
cloud_get,48,-1
edge_get,48,1
edge_get,48,-1
cloud_get,48,1
cloud_get,48,-1
edge_get,48,1
edge_get,48,-1
cloud_get,48,1
cloud_get,48,-1
edge_get,48,1
edge_get,48,-1
cloud_get,48,1
cloud_get,48,-1
edge_get,48,1
edge_get,48,-1
cloud_get,48,1
cloud_get,48,-1
edge_get,48,1
edge_get,48,-1
cloud_get,48,1
cloud_get,48,-1
edge_get,48,1
edge_get,48,-1
cloud_get,48,1
cloud_get,48,-1
edge_get,48,1
edge_get,48,-1
cloud_get,48,1
cloud_get,48,-1
edge_get,48,1
edge_get,48,-1
cloud_get,48,1
cloud_get,48,-1
edge_get,48,1
edge_get,48,-1
cloud_get,48,1
cloud_get,48,-1
edge_get,48,1
edge_get,48,-1
cloud_get,48,1
cloud_get,48,-1
edge_get,48,1
edge_get,48,-1
cloud_get,48,1
cloud_get,48,-1
edge_get,48,1
edge_get,48,-1
cloud_get,48,1
cloud_get,48,-1
edge_get,48,1
edge_get,48,-1
cloud_get,48,1
cloud_get,48,-1
edge_get,48,1
edge_get,48,-1
cloud_get,48,1
cloud_get,48,-1
edge_get,48,1
edge_get,48,-1
cloud_get,48,1
cloud_get,48,-1
edge_get,48,1
edge_get,48,-1
cloud_get,48,1
cloud_get,48,-1
edge_get,48,1
edge_get,48,-1
cloud_get,48,1
cloud_get,48,-1
edge_get,48,1
edge_get,48,-1
cloud_get,48,1
cloud_get,48,-1
edge_get,48,1
edge_get,48,-1
cloud_get,48,1
cloud_get,49,-1
edge_get,49,1
edge_get,49,-1
cloud_get,49,1
cloud_get,49,-1
edge_get,49,1
edge_get,49,-1
cloud_get,49,1
cloud_get,49,-1
edge_get,49,1
edge_get,49,-1
cloud_get,49,1
cloud_get,49,-1
edge_get,49,1
edge_get,49,-1
cloud_get,49,1
cloud_get,49,-1
edge_get,49,1
edge_get,49,-1
cloud_get,49,1
cloud_get,49,-1
edge_get,49,1
edge_get,49,-1
cloud_get,49,1
cloud_get,49,-1
edge_get,49,1
edge_get,49,-1
cloud_get,49,1
cloud_get,49,-1
edge_get,49,1
edge_get,49,-1
cloud_get,49,1
cloud_get,49,-1
edge_get,49,1
edge_get,49,-1
cloud_get,49,1
cloud_get,49,-1
edge_get,49,1
edge_get,49,-1
cloud_get,49,1
cloud_get,49,-1
edge_get,49,1
edge_get,49,-1
cloud_get,49,1
cloud_get,49,-1
edge_get,49,1
edge_get,49,-1
cloud_get,49,1
cloud_get,49,-1
edge_get,49,1
edge_get,49,-1
cloud_get,49,1
cloud_get,49,-1
edge_get,49,1
edge_get,49,-1
cloud_get,49,1
cloud_get,49,-1
edge_get,49,1
edge_get,49,-1
cloud_get,49,1
cloud_get,49,-1
edge_get,49,1
edge_get,49,-1
cloud_get,49,1
cloud_get,49,-1
edge_get,50,1
edge_get,50,-1
cloud_get,50,1
cloud_get,50,-1
edge_get,50,1
edge_get,50,-1
cloud_get,50,1
cloud_get,50,-1
edge_get,50,1
edge_get,50,-1
cloud_get,50,1
cloud_get,50,-1
edge_get,50,1
edge_get,50,-1
cloud_get,50,1
cloud_get,50,-1
edge_get,50,1
edge_get,50,-1
cloud_get,50,1
cloud_get,50,-1
edge_get,50,1
edge_get,50,-1
cloud_get,50,1
cloud_get,50,-1
edge_get,50,1
edge_get,50,-1
cloud_get,50,1
cloud_get,50,-1
edge_get,50,1
edge_get,50,-1
cloud_get,50,1
cloud_get,50,-1
edge_get,50,1
edge_get,50,-1
cloud_get,50,1
cloud_get,50,-1
edge_get,50,1
edge_get,50,-1
cloud_get,50,1
cloud_get,50,-1
edge_get,50,1
edge_get,50,-1
cloud_get,50,1
cloud_get,50,-1
edge_get,50,1
edge_get,50,-1
cloud_get,50,1
cloud_get,50,-1
edge_get,50,1
edge_get,50,-1
cloud_get,50,1
cloud_get,50,-1
edge_get,50,1
edge_get,50,-1
cloud_get,50,1
cloud_get,50,-1
edge_get,50,1
edge_get,50,-1
cloud_get,50,1
cloud_get,50,-1
edge_get,50,1
edge_get,50,-1
cloud_get,50,1
cloud_get,50,-1
edge_get,50,1
edge_get,50,-1
cloud_get,50,1
cloud_get,50,-1
edge_get,50,1
edge_get,50,-1
cloud_get,50,1
cloud_get,50,-1
edge_get,50,1
edge_get,50,-1
cloud_get,50,1
cloud_get,50,-1
edge_get,50,1
edge_get,50,-1
cloud_get,50,1
cloud_get,50,-1
edge_get,50,1
edge_get,50,-1
cloud_get,50,1
cloud_get,50,-1
edge_get,50,1
edge_get,50,-1
cloud_get,50,1
cloud_get,50,-1
edge_get,50,1
edge_get,50,-1
cloud_get,50,1
cloud_get,50,-1
edge_get,50,1
edge_get,50,-1
cloud_get,50,1
cloud_get,50,-1
edge_get,51,1
edge_get,51,-1
cloud_get,51,1
cloud_get,51,-1
edge_get,51,1
edge_get,51,-1
cloud_get,51,1
cloud_get,51,-1
edge_get,51,1
edge_get,51,-1
cloud_get,51,1
cloud_get,51,-1
edge_get,51,1
edge_get,51,-1
cloud_get,51,1
cloud_get,51,-1
edge_get,51,1
edge_get,51,-1
cloud_get,51,1
cloud_get,51,-1
edge_get,51,1
edge_get,51,-1
cloud_get,51,1
cloud_get,51,-1
edge_get,51,1
edge_get,51,-1
cloud_get,51,1
cloud_get,51,-1
edge_get,51,1
edge_get,51,-1
cloud_get,51,1
cloud_get,51,-1
edge_get,51,1
edge_get,51,-1
cloud_get,51,1
cloud_get,51,-1
edge_get,51,1
edge_get,51,-1
cloud_get,51,1
cloud_get,51,-1
edge_get,51,1
edge_get,51,-1
cloud_get,51,1
cloud_get,51,-1
edge_get,51,1
edge_get,51,-1
cloud_get,51,1
cloud_get,51,-1
edge_get,51,1
edge_get,51,-1
cloud_get,51,1
cloud_get,51,-1
edge_get,51,1
edge_get,51,-1
cloud_get,51,1
cloud_get,51,-1
edge_get,51,1
edge_get,51,-1
cloud_get,51,1
cloud_get,51,-1
edge_get,51,1
edge_get,51,-1
cloud_get,51,1
cloud_get,51,-1
edge_get,51,1
edge_get,51,-1
cloud_get,51,1
cloud_get,51,-1
edge_get,51,1
edge_get,51,-1
cloud_get,51,1
cloud_get,51,-1
edge_get,51,1
edge_get,51,-1
cloud_get,51,1
cloud_get,51,-1
edge_get,51,1
edge_get,51,-1
cloud_get,51,1
cloud_get,51,-1
edge_get,51,1
edge_get,51,-1
cloud_get,51,1
cloud_get,51,-1
edge_get,51,1
edge_get,51,-1
cloud_get,51,1
cloud_get,51,-1
edge_get,51,1
edge_get,51,-1
cloud_get,51,1
cloud_get,51,-1
edge_get,52,1
edge_get,52,-1
cloud_get,52,1
cloud_get,52,-1
edge_get,52,1
edge_get,52,-1
cloud_get,52,1
cloud_get,52,-1
edge_get,52,1
edge_get,52,-1
cloud_get,52,1
cloud_get,52,-1
edge_get,52,1
edge_get,52,-1
cloud_get,52,1
cloud_get,52,-1
edge_get,52,1
edge_get,52,-1
cloud_get,52,1
cloud_get,52,-1
edge_get,52,1
edge_get,52,-1
cloud_get,52,1
cloud_get,52,-1
edge_get,52,1
edge_get,52,-1
cloud_get,52,1
cloud_get,52,-1
edge_get,52,1
edge_get,52,-1
cloud_get,52,1
cloud_get,52,-1
edge_get,52,1
edge_get,52,-1
cloud_get,52,1
cloud_get,52,-1
edge_get,52,1
edge_get,52,-1
cloud_get,52,1
cloud_get,52,-1
edge_get,52,1
edge_get,52,-1
cloud_get,52,1
cloud_get,52,-1
edge_get,52,1
edge_get,52,-1
cloud_get,52,1
cloud_get,52,-1
edge_get,52,1
edge_get,52,-1
cloud_get,52,1
cloud_get,52,-1
edge_get,52,1
edge_get,52,-1
cloud_get,52,1
cloud_get,52,-1
edge_get,52,1
edge_get,52,-1
cloud_get,52,1
cloud_get,52,-1
edge_get,52,1
edge_get,52,-1
cloud_get,52,1
cloud_get,52,-1
edge_get,52,1
edge_get,52,-1
cloud_get,52,1
cloud_get,52,-1
edge_get,52,1
edge_get,52,-1
cloud_get,52,1
cloud_get,52,-1
edge_get,52,1
edge_get,52,-1
cloud_get,52,1
cloud_get,52,-1
edge_get,52,1
edge_get,52,-1
cloud_get,52,1
cloud_get,52,-1
edge_get,52,1
edge_get,52,-1
cloud_get,52,1
cloud_get,52,-1
edge_get,53,1
edge_get,53,-1
cloud_get,53,1
cloud_get,53,-1
edge_get,53,1
edge_get,53,-1
cloud_get,53,1
cloud_get,53,-1
edge_get,53,1
edge_get,53,-1
cloud_get,53,1
cloud_get,53,-1
edge_get,53,1
edge_get,53,-1
cloud_get,53,1
cloud_get,53,-1
edge_get,53,1
edge_get,53,-1
cloud_get,53,1
cloud_get,53,-1
edge_get,53,1
edge_get,53,-1
cloud_get,53,1
cloud_get,53,-1
edge_get,53,1
edge_get,53,-1
cloud_get,53,1
cloud_get,53,-1
edge_get,53,1
edge_get,53,-1
cloud_get,53,1
cloud_get,53,-1
edge_get,53,1
edge_get,53,-1
cloud_get,53,1
cloud_get,53,-1
edge_get,53,1
edge_get,53,-1
cloud_get,53,1
cloud_get,53,-1
edge_get,53,1
edge_get,53,-1
cloud_get,53,1
cloud_get,53,-1
edge_get,53,1
edge_get,53,-1
cloud_get,53,1
cloud_get,53,-1
edge_get,53,1
edge_get,53,-1
cloud_get,53,1
cloud_get,53,-1
edge_get,53,1
edge_get,53,-1
cloud_get,53,1
cloud_get,53,-1
edge_get,53,1
edge_get,53,-1
cloud_get,53,1
cloud_get,53,-1
edge_get,53,1
edge_get,53,-1
cloud_get,53,1
cloud_get,53,-1
edge_get,53,1
edge_get,53,-1
cloud_get,53,1
cloud_get,53,-1
edge_get,53,1
edge_get,53,-1
cloud_get,53,1
cloud_get,53,-1
edge_get,53,1
edge_get,53,-1
cloud_get,53,1
cloud_get,53,-1
edge_get,53,1
edge_get,53,-1
cloud_get,53,1
cloud_get,53,-1
edge_get,53,1
edge_get,53,-1
cloud_get,53,1
cloud_get,53,-1
edge_get,54,1
edge_get,54,-1
cloud_get,54,1
cloud_get,54,-1
edge_get,54,1
edge_get,54,-1
cloud_get,54,1
cloud_get,54,-1
edge_get,54,1
edge_get,54,-1
cloud_get,54,1
cloud_get,54,-1
edge_get,54,1
edge_get,54,-1
cloud_get,54,1
cloud_get,54,-1
edge_get,54,1
edge_get,54,-1
cloud_get,54,1
cloud_get,54,-1
edge_get,54,1
edge_get,54,-1
cloud_get,54,1
cloud_get,54,-1
edge_get,54,1
edge_get,54,-1
cloud_get,54,1
cloud_get,54,-1
edge_get,54,1
edge_get,54,-1
cloud_get,54,1
cloud_get,54,-1
edge_get,54,1
edge_get,54,-1
cloud_get,54,1
cloud_get,54,-1
edge_get,54,1
edge_get,54,-1
cloud_get,54,1
cloud_get,54,-1
edge_get,54,1
edge_get,54,-1
cloud_get,54,1
cloud_get,54,-1
edge_get,54,1
edge_get,54,-1
cloud_get,54,1
cloud_get,54,-1
edge_get,54,1
edge_get,54,-1
cloud_get,54,1
cloud_get,54,-1
edge_get,54,1
edge_get,54,-1
cloud_get,54,1
cloud_get,54,-1
edge_get,54,1
edge_get,54,-1
cloud_get,54,1
cloud_get,54,-1
edge_get,54,1
edge_get,54,-1
cloud_get,54,1
cloud_get,54,-1
edge_get,54,1
edge_get,54,-1
cloud_get,54,1
cloud_get,54,-1
edge_get,54,1
edge_get,54,-1
cloud_get,54,1
cloud_get,54,-1
edge_get,54,1
edge_get,54,-1
cloud_get,54,1
cloud_get,54,-1
edge_get,54,1
edge_get,54,-1
cloud_get,54,1
cloud_get,54,-1
edge_get,54,1
edge_get,54,-1
cloud_get,54,1
cloud_get,54,-1
edge_get,54,1
edge_get,54,-1
cloud_get,54,1
cloud_get,54,-1
edge_get,55,1
edge_get,55,-1
cloud_get,55,1
cloud_get,55,-1
edge_get,55,1
edge_get,55,-1
cloud_get,55,1
cloud_get,55,-1
edge_get,55,1
edge_get,55,-1
cloud_get,55,1
cloud_get,55,-1
edge_get,55,1
edge_get,55,-1
cloud_get,55,1
cloud_get,55,-1
edge_get,55,1
edge_get,55,-1
cloud_get,55,1
cloud_get,55,-1
edge_get,55,1
edge_get,55,-1
cloud_get,55,1
cloud_get,55,-1
edge_get,55,1
edge_get,55,-1
cloud_get,55,1
cloud_get,55,-1
edge_get,55,1
edge_get,55,-1
cloud_get,55,1
cloud_get,55,-1
edge_get,55,1
edge_get,55,-1
cloud_get,55,1
cloud_get,55,-1
edge_get,55,1
edge_get,55,-1
cloud_get,55,1
cloud_get,55,-1
edge_get,55,1
edge_get,55,-1
cloud_get,55,1
cloud_get,55,-1
edge_get,55,1
edge_get,55,-1
cloud_get,55,1
cloud_get,55,-1
edge_get,55,1
edge_get,55,-1
cloud_get,55,1
cloud_get,55,-1
edge_get,55,1
edge_get,55,-1
cloud_get,55,1
cloud_get,55,-1
edge_get,55,1
edge_get,55,-1
cloud_get,55,1
cloud_get,55,-1
edge_get,55,1
edge_get,55,-1
cloud_get,55,1
cloud_get,55,-1
edge_get,55,1
edge_get,55,-1
cloud_get,55,1
cloud_get,55,-1
edge_get,55,1
edge_get,55,-1
cloud_get,55,1
cloud_get,55,-1
edge_get,55,1
edge_get,55,-1
cloud_get,55,1
cloud_get,55,-1
edge_get,55,1
edge_get,55,-1
cloud_get,55,1
cloud_get,55,-1
edge_get,55,1
edge_get,55,-1
cloud_get,55,1
cloud_get,55,-1
edge_get,55,1
edge_get,55,-1
cloud_get,55,1
cloud_get,55,-1
edge_get,55,1
edge_get,55,-1
cloud_get,55,1
cloud_get,55,-1
edge_get,56,1
edge_get,56,-1
cloud_get,56,1
cloud_get,56,-1
edge_get,56,1
edge_get,56,-1
cloud_get,56,1
cloud_get,56,-1
edge_get,56,1
edge_get,56,-1
cloud_get,56,1
cloud_get,56,-1
edge_get,56,1
edge_get,56,-1
cloud_get,56,1
cloud_get,56,-1
edge_get,56,1
edge_get,56,-1
cloud_get,56,1
cloud_get,56,-1
edge_get,56,1
edge_get,56,-1
cloud_get,56,1
cloud_get,56,-1
edge_get,56,1
edge_get,56,-1
cloud_get,56,1
cloud_get,56,-1
edge_get,56,1
edge_get,56,-1
cloud_get,56,1
cloud_get,56,-1
edge_get,56,1
edge_get,56,-1
cloud_get,56,1
cloud_get,56,-1
edge_get,56,1
edge_get,56,-1
cloud_get,56,1
cloud_get,56,-1
edge_get,56,1
edge_get,56,-1
cloud_get,56,1
cloud_get,56,-1
edge_get,56,1
edge_get,56,-1
cloud_get,56,1
cloud_get,56,-1
edge_get,56,1
edge_get,56,-1
cloud_get,56,1
cloud_get,56,-1
edge_get,56,1
edge_get,56,-1
cloud_get,56,1
cloud_get,56,-1
edge_get,56,1
edge_get,56,-1
cloud_get,56,1
cloud_get,56,-1
edge_get,56,1
edge_get,56,-1
cloud_get,56,1
cloud_get,56,-1
edge_get,56,1
edge_get,56,-1
cloud_get,56,1
cloud_get,56,-1
edge_get,56,1
edge_get,56,-1
cloud_get,56,1
cloud_get,56,-1
edge_get,56,1
edge_get,56,-1
cloud_get,56,1
cloud_get,56,-1
edge_get,56,1
edge_get,56,-1
cloud_get,56,1
cloud_get,56,-1
edge_get,56,1
edge_get,56,-1
cloud_get,56,1
cloud_get,56,-1
edge_get,56,1
edge_get,56,-1
cloud_get,56,1
cloud_get,56,-1
edge_get,56,1
edge_get,56,-1
cloud_get,56,1
cloud_get,56,-1
edge_get,57,1
edge_get,57,-1
cloud_get,57,1
cloud_get,57,-1
edge_get,57,1
edge_get,57,-1
cloud_get,57,1
cloud_get,57,-1
edge_get,57,1
edge_get,57,-1
cloud_get,57,1
cloud_get,57,-1
edge_get,57,1
edge_get,57,-1
cloud_get,57,1
cloud_get,57,-1
edge_get,57,1
edge_get,57,-1
cloud_get,57,1
cloud_get,57,-1
edge_get,57,1
edge_get,57,-1
cloud_get,57,1
cloud_get,57,-1
edge_get,57,1
edge_get,57,-1
cloud_get,57,1
cloud_get,57,-1
edge_get,57,1
edge_get,57,-1
cloud_get,57,1
cloud_get,57,-1
edge_get,57,1
edge_get,57,-1
cloud_get,57,1
cloud_get,57,-1
edge_get,57,1
edge_get,57,-1
cloud_get,57,1
cloud_get,57,-1
edge_get,57,1
edge_get,57,-1
cloud_get,57,1
cloud_get,57,-1
edge_get,57,1
edge_get,57,-1
cloud_get,57,1
cloud_get,57,-1
edge_get,57,1
edge_get,57,-1
cloud_get,57,1
cloud_get,57,-1
edge_get,57,1
edge_get,57,-1
cloud_get,57,1
cloud_get,57,-1
edge_get,57,1
edge_get,57,-1
cloud_get,57,1
cloud_get,57,-1
edge_get,57,1
edge_get,57,-1
cloud_get,57,1
cloud_get,57,-1
edge_get,57,1
edge_get,57,-1
cloud_get,57,1
cloud_get,57,-1
edge_get,57,1
edge_get,57,-1
cloud_get,57,1
cloud_get,57,-1
edge_get,57,1
edge_get,57,-1
cloud_get,57,1
cloud_get,57,-1
edge_get,58,1
edge_get,58,-1
cloud_get,58,1
cloud_get,58,-1
edge_get,58,1
edge_get,58,-1
cloud_get,58,1
cloud_get,58,-1
edge_get,58,1
edge_get,58,-1
cloud_get,58,1
cloud_get,58,-1
edge_get,58,1
edge_get,58,-1
cloud_get,58,1
cloud_get,58,-1
edge_get,58,1
edge_get,58,-1
cloud_get,58,1
cloud_get,58,-1
edge_get,58,1
edge_get,58,-1
cloud_get,58,1
cloud_get,58,-1
edge_get,58,1
edge_get,58,-1
cloud_get,58,1
cloud_get,58,-1
edge_get,58,1
edge_get,58,-1
cloud_get,58,1
cloud_get,58,-1
edge_get,58,1
edge_get,58,-1
cloud_get,58,1
cloud_get,58,-1
edge_get,58,1
edge_get,58,-1
cloud_get,58,1
cloud_get,58,-1
edge_get,58,1
edge_get,58,-1
cloud_get,58,1
cloud_get,58,-1
edge_get,58,1
edge_get,58,-1
cloud_get,58,1
cloud_get,58,-1
edge_get,58,1
edge_get,58,-1
cloud_get,58,1
cloud_get,58,-1
edge_get,58,1
edge_get,58,-1
cloud_get,58,1
cloud_get,58,-1
edge_get,58,1
edge_get,58,-1
cloud_get,58,1
cloud_get,58,-1
edge_get,58,1
edge_get,58,-1
cloud_get,58,1
cloud_get,58,-1
edge_get,58,1
edge_get,58,-1
cloud_get,58,1
cloud_get,58,-1
edge_get,58,1
edge_get,58,-1
cloud_get,58,1
cloud_get,58,-1
edge_get,58,1
edge_get,58,-1
cloud_get,58,1
cloud_get,58,-1
edge_get,58,1
edge_get,58,-1
cloud_get,58,1
cloud_get,58,-1
edge_get,58,1
edge_get,58,-1
cloud_get,58,1
cloud_get,58,-1
edge_get,58,1
edge_get,58,-1
cloud_get,58,1
cloud_get,58,-1
edge_get,58,1
edge_get,58,-1
cloud_get,58,1
cloud_get,58,-1
edge_get,58,1
edge_get,58,-1
cloud_get,58,1
cloud_get,58,-1
edge_get,59,1
edge_get,59,-1
cloud_get,59,1
cloud_get,59,-1
edge_get,59,1
edge_get,59,-1
cloud_get,59,1
cloud_get,59,-1
edge_get,59,1
edge_get,59,-1
cloud_get,59,1
cloud_get,59,-1
edge_get,59,1
edge_get,59,-1
cloud_get,59,1
cloud_get,59,-1
edge_get,59,1
edge_get,59,-1
cloud_get,59,1
cloud_get,59,-1
edge_get,59,1
edge_get,59,-1
cloud_get,59,1
cloud_get,59,-1
edge_get,59,1
edge_get,59,-1
cloud_get,59,1
cloud_get,59,-1
edge_get,59,1
edge_get,59,-1
cloud_get,59,1
cloud_get,59,-1
edge_get,59,1
edge_get,59,-1
cloud_get,59,1
cloud_get,59,-1
edge_get,59,1
edge_get,59,-1
cloud_get,59,1
cloud_get,59,-1
edge_get,59,1
edge_get,59,-1
cloud_get,59,1
cloud_get,59,-1
edge_get,59,1
edge_get,59,-1
cloud_get,59,1
cloud_get,59,-1
edge_get,59,1
edge_get,59,-1
cloud_get,59,1
cloud_get,59,-1
edge_get,59,1
edge_get,59,-1
cloud_get,59,1
cloud_get,59,-1
edge_get,59,1
edge_get,59,-1
cloud_get,59,1
cloud_get,59,-1
edge_get,59,1
edge_get,59,-1
cloud_get,59,1
cloud_get,59,-1
edge_get,59,1
edge_get,59,-1
cloud_get,59,1
cloud_get,59,-1
edge_get,59,1
edge_get,59,-1
cloud_get,59,1
cloud_get,59,-1
edge_get,59,1
edge_get,59,-1
cloud_get,59,1
cloud_get,59,-1
edge_get,59,1
edge_get,59,-1
cloud_get,59,1
cloud_get,59,-1
edge_get,59,1
edge_get,59,-1
cloud_get,59,1
edge_get,59,1
cloud_get,59,-1
edge_get,59,-1
cloud_get,59,1
cloud_get,59,-1
edge_get,59,1
edge_get,59,-1
cloud_get,59,1
cloud_get,59,-1
edge_get,59,1
edge_get,59,-1
cloud_get,59,1
cloud_get,59,-1
edge_get,60,1
edge_get,60,-1
cloud_get,60,1
cloud_get,60,-1
edge_get,60,1
edge_get,60,-1
cloud_get,60,1
cloud_get,60,-1
edge_get,60,1
edge_get,60,-1
cloud_get,60,1
cloud_get,60,-1
edge_get,60,1
edge_get,60,-1
cloud_get,60,1
cloud_get,60,-1
edge_get,60,1
edge_get,60,-1
cloud_get,60,1
cloud_get,60,-1
edge_get,60,1
edge_get,60,-1
cloud_get,60,1
cloud_get,60,-1
edge_get,60,1
edge_get,60,-1
cloud_get,60,1
cloud_get,60,-1
edge_get,60,1
edge_get,60,-1
cloud_get,60,1
cloud_get,60,-1
edge_get,60,1
edge_get,60,-1
cloud_get,60,1
cloud_get,60,-1
edge_get,60,1
edge_get,60,-1
cloud_get,60,1
cloud_get,60,-1
edge_get,60,1
edge_get,60,-1
cloud_get,60,1
cloud_get,60,-1
edge_get,60,1
edge_get,60,-1
cloud_get,60,1
cloud_get,60,-1
edge_get,60,1
edge_get,60,-1
cloud_get,60,1
cloud_get,60,-1
edge_get,60,1
edge_get,60,-1
cloud_get,60,1
cloud_get,60,-1
edge_get,60,1
edge_get,60,-1
cloud_get,60,1
cloud_get,60,-1
edge_get,60,1
edge_get,60,-1
cloud_get,60,1
cloud_get,60,-1
edge_get,60,1
edge_get,60,-1
cloud_get,60,1
cloud_get,60,-1
edge_get,60,1
edge_get,60,-1
cloud_get,60,1
cloud_get,60,-1
edge_get,60,1
edge_get,60,-1
cloud_get,60,1
cloud_get,60,-1
edge_get,60,1
edge_get,60,-1
cloud_get,60,1
cloud_get,60,-1
edge_get,60,1
edge_get,60,-1
cloud_get,60,1
cloud_get,60,-1
edge_get,60,1
edge_get,60,-1
cloud_get,60,1
cloud_get,60,-1
edge_get,60,1
edge_get,60,-1
cloud_get,60,1
cloud_get,60,-1
edge_get,60,1
edge_get,60,-1
cloud_get,60,1
cloud_get,60,-1
edge_get,60,1
edge_get,60,-1
cloud_get,60,1
cloud_get,60,-1
edge_get,61,1
edge_get,61,-1
cloud_get,61,1
cloud_get,61,-1
edge_get,61,1
edge_get,61,-1
cloud_get,61,1
cloud_get,61,-1
edge_get,61,1
edge_get,61,-1
cloud_get,61,1
cloud_get,61,-1
edge_get,61,1
edge_get,61,-1
cloud_get,61,1
cloud_get,61,-1
edge_get,61,1
edge_get,61,-1
cloud_get,61,1
cloud_get,61,-1
edge_get,61,1
edge_get,61,-1
cloud_get,61,1
cloud_get,61,-1
edge_get,61,1
edge_get,61,-1
cloud_get,61,1
cloud_get,61,-1
edge_get,61,1
edge_get,61,-1
cloud_get,61,1
cloud_get,61,-1
edge_get,61,1
edge_get,61,-1
cloud_get,61,1
cloud_get,61,-1
edge_get,61,1
edge_get,61,-1
cloud_get,61,1
cloud_get,61,-1
edge_get,61,1
edge_get,61,-1
cloud_get,61,1
cloud_get,61,-1
edge_get,61,1
edge_get,61,-1
cloud_get,61,1
cloud_get,61,-1
edge_get,61,1
edge_get,61,-1
cloud_get,61,1
cloud_get,61,-1
edge_get,61,1
edge_get,61,-1
cloud_get,61,1
cloud_get,61,-1
edge_get,61,1
edge_get,61,-1
cloud_get,61,1
cloud_get,61,-1
edge_get,61,1
edge_get,61,-1
cloud_get,61,1
cloud_get,61,-1
edge_get,61,1
edge_get,61,-1
cloud_get,61,1
cloud_get,61,-1
edge_get,61,1
edge_get,61,-1
cloud_get,61,1
cloud_get,61,-1
edge_get,62,1
edge_get,62,-1
cloud_get,62,1
cloud_get,62,-1
edge_get,62,1
edge_get,62,-1
cloud_get,62,1
cloud_get,62,-1
edge_get,62,1
edge_get,62,-1
cloud_get,62,1
cloud_get,62,-1
edge_get,62,1
edge_get,62,-1
cloud_get,62,1
cloud_get,62,-1
edge_get,62,1
edge_get,62,-1
cloud_get,62,1
cloud_get,62,-1
edge_get,62,1
edge_get,62,-1
cloud_get,62,1
cloud_get,62,-1
edge_get,62,1
edge_get,62,-1
cloud_get,62,1
cloud_get,62,-1
edge_get,62,1
edge_get,62,-1
cloud_get,62,1
cloud_get,62,-1
edge_get,62,1
edge_get,62,-1
cloud_get,62,1
cloud_get,62,-1
edge_get,62,1
edge_get,62,-1
cloud_get,62,1
cloud_get,62,-1
edge_get,62,1
edge_get,62,-1
cloud_get,62,1
cloud_get,62,-1
edge_get,62,1
edge_get,62,-1
cloud_get,62,1
cloud_get,62,-1
edge_get,62,1
edge_get,62,-1
cloud_get,62,1
cloud_get,62,-1
edge_get,62,1
edge_get,62,-1
cloud_get,62,1
cloud_get,62,-1
edge_get,62,1
edge_get,62,-1
cloud_get,62,1
cloud_get,62,-1
edge_get,62,1
edge_get,62,-1
cloud_get,62,1
cloud_get,62,-1
edge_get,62,1
edge_get,62,-1
cloud_get,62,1
cloud_get,62,-1
edge_get,62,1
edge_get,62,-1
cloud_get,62,1
cloud_get,62,-1
edge_get,62,1
edge_get,62,-1
cloud_get,62,1
cloud_get,62,-1
edge_get,62,1
edge_get,62,-1
cloud_get,62,1
cloud_get,62,-1
edge_get,62,1
edge_get,62,-1
cloud_get,62,1
cloud_get,62,-1
edge_get,62,1
edge_get,62,-1
cloud_get,62,1
cloud_get,62,-1
edge_get,62,1
edge_get,62,-1
cloud_get,62,1
cloud_get,62,-1
edge_get,63,1
edge_get,63,-1
cloud_get,63,1
cloud_get,63,-1
edge_get,63,1
edge_get,63,-1
cloud_get,63,1
cloud_get,63,-1
edge_get,63,1
edge_get,63,-1
cloud_get,63,1
cloud_get,63,-1
edge_get,63,1
edge_get,63,-1
cloud_get,63,1
cloud_get,63,-1
edge_get,63,1
edge_get,63,-1
cloud_get,63,1
cloud_get,63,-1
edge_get,63,1
edge_get,63,-1
cloud_get,63,1
cloud_get,63,-1
edge_get,63,1
edge_get,63,-1
cloud_get,63,1
cloud_get,63,-1
edge_get,63,1
edge_get,63,-1
cloud_get,63,1
cloud_get,63,-1
edge_get,63,1
edge_get,63,-1
cloud_get,63,1
cloud_get,63,-1
edge_get,63,1
edge_get,63,-1
cloud_get,63,1
cloud_get,63,-1
edge_get,63,1
edge_get,63,-1
cloud_get,63,1
cloud_get,63,-1
edge_get,63,1
edge_get,63,-1
cloud_get,63,1
cloud_get,63,-1
edge_get,63,1
edge_get,63,-1
cloud_get,63,1
cloud_get,63,-1
edge_get,63,1
edge_get,63,-1
cloud_get,63,1
cloud_get,63,-1
edge_get,63,1
edge_get,63,-1
cloud_get,63,1
cloud_get,63,-1
edge_get,63,1
edge_get,63,-1
cloud_get,63,1
cloud_get,63,-1
edge_get,63,1
edge_get,63,-1
cloud_get,63,1
cloud_get,63,-1
edge_get,63,1
edge_get,63,-1
cloud_get,63,1
cloud_get,63,-1
edge_get,63,1
edge_get,63,-1
cloud_get,63,1
cloud_get,63,-1
edge_get,64,1
edge_get,64,-1
cloud_get,64,1
cloud_get,64,-1
edge_get,64,1
edge_get,64,-1
cloud_get,64,1
cloud_get,64,-1
edge_get,64,1
edge_get,64,-1
cloud_get,64,1
cloud_get,64,-1
edge_get,64,1
edge_get,64,-1
cloud_get,64,1
cloud_get,64,-1
edge_get,64,1
edge_get,64,-1
cloud_get,64,1
cloud_get,64,-1
edge_get,64,1
edge_get,64,-1
cloud_get,64,1
cloud_get,64,-1
edge_get,64,1
edge_get,64,-1
cloud_get,64,1
cloud_get,64,-1
edge_get,64,1
edge_get,64,-1
cloud_get,64,1
cloud_get,64,-1
edge_get,64,1
edge_get,64,-1
cloud_get,64,1
cloud_get,64,-1
edge_get,64,1
edge_get,64,-1
cloud_get,64,1
cloud_get,64,-1
edge_get,64,1
edge_get,64,-1
cloud_get,64,1
cloud_get,64,-1
edge_get,64,1
edge_get,64,-1
cloud_get,64,1
cloud_get,64,-1
edge_get,64,1
edge_get,64,-1
cloud_get,64,1
cloud_get,64,-1
edge_get,64,1
edge_get,64,-1
cloud_get,64,1
cloud_get,64,-1
edge_get,64,1
edge_get,64,-1
cloud_get,64,1
cloud_get,64,-1
edge_get,64,1
edge_get,64,-1
cloud_get,64,1
cloud_get,64,-1
edge_get,64,1
edge_get,64,-1
cloud_get,64,1
cloud_get,64,-1
edge_get,64,1
edge_get,64,-1
cloud_get,64,1
cloud_get,64,-1
edge_get,64,1
edge_get,64,-1
cloud_get,64,1
cloud_get,64,-1
edge_get,64,1
edge_get,64,-1
cloud_get,64,1
cloud_get,64,-1
edge_get,64,1
edge_get,64,-1
cloud_get,64,1
cloud_get,64,-1
edge_get,64,1
edge_get,64,-1
cloud_get,64,1
cloud_get,64,-1
edge_get,64,1
edge_get,64,-1
cloud_get,64,1
cloud_get,64,-1
edge_get,64,1
edge_get,64,-1
cloud_get,64,1
cloud_get,64,-1
edge_get,64,1
edge_get,64,-1
cloud_get,64,1
cloud_get,64,-1
edge_get,64,1
edge_get,64,-1
cloud_get,64,1
cloud_get,64,-1
edge_get,64,1
edge_get,64,-1
cloud_get,64,1
cloud_get,64,-1
edge_get,64,1
edge_get,64,-1
cloud_get,64,1
cloud_get,64,-1
edge_get,64,1
edge_get,64,-1
cloud_get,64,1
cloud_get,64,-1
edge_get,64,1
edge_get,64,-1
cloud_get,64,1
cloud_get,64,-1
edge_get,65,1
edge_get,65,-1
cloud_get,65,1
cloud_get,65,-1
edge_get,65,1
edge_get,65,-1
cloud_get,65,1
cloud_get,65,-1
edge_get,65,1
edge_get,65,-1
cloud_get,65,1
cloud_get,65,-1
edge_get,65,1
edge_get,65,-1
cloud_get,65,1
cloud_get,65,-1
edge_get,65,1
edge_get,65,-1
cloud_get,65,1
cloud_get,65,-1
edge_get,65,1
edge_get,65,-1
cloud_get,65,1
cloud_get,65,-1
edge_get,65,1
edge_get,65,-1
cloud_get,65,1
cloud_get,65,-1
edge_get,65,1
edge_get,65,-1
cloud_get,65,1
cloud_get,65,-1
edge_get,65,1
edge_get,65,-1
cloud_get,65,1
cloud_get,65,-1
edge_get,65,1
edge_get,65,-1
cloud_get,65,1
cloud_get,65,-1
edge_get,65,1
edge_get,65,-1
cloud_get,65,1
cloud_get,65,-1
edge_get,65,1
edge_get,65,-1
cloud_get,65,1
cloud_get,65,-1
edge_get,65,1
edge_get,65,-1
cloud_get,65,1
cloud_get,65,-1
edge_get,65,1
edge_get,65,-1
cloud_get,65,1
cloud_get,65,-1
edge_get,65,1
edge_get,65,-1
cloud_get,65,1
cloud_get,65,-1
edge_get,65,1
edge_get,65,-1
cloud_get,65,1
cloud_get,65,-1
edge_get,65,1
edge_get,65,-1
cloud_get,65,1
cloud_get,65,-1
edge_get,65,1
edge_get,65,-1
cloud_get,65,1
cloud_get,65,-1
edge_get,65,1
edge_get,65,-1
cloud_get,65,1
cloud_get,65,-1
edge_get,65,1
edge_get,65,-1
cloud_get,65,1
cloud_get,65,-1
edge_get,65,1
edge_get,65,-1
cloud_get,65,1
cloud_get,65,-1
edge_get,65,1
edge_get,65,-1
cloud_get,65,1
cloud_get,65,-1
edge_get,66,1
edge_get,66,-1
cloud_get,66,1
cloud_get,66,-1
edge_get,66,1
edge_get,66,-1
cloud_get,66,1
cloud_get,66,-1
edge_get,66,1
edge_get,66,-1
cloud_get,66,1
cloud_get,66,-1
edge_get,66,1
edge_get,66,-1
cloud_get,66,1
cloud_get,66,-1
edge_get,66,1
edge_get,66,-1
cloud_get,66,1
cloud_get,66,-1
edge_get,66,1
edge_get,66,-1
cloud_get,66,1
cloud_get,66,-1
edge_get,66,1
edge_get,66,-1
cloud_get,66,1
cloud_get,66,-1
edge_get,66,1
edge_get,66,-1
cloud_get,66,1
cloud_get,66,-1
edge_get,66,1
edge_get,66,-1
cloud_get,66,1
cloud_get,66,-1
edge_get,66,1
edge_get,66,-1
cloud_get,66,1
cloud_get,66,-1
edge_get,66,1
edge_get,66,-1
cloud_get,66,1
cloud_get,66,-1
edge_get,66,1
edge_get,66,-1
cloud_get,66,1
cloud_get,66,-1
edge_get,66,1
edge_get,66,-1
cloud_get,66,1
cloud_get,66,-1
edge_get,66,1
edge_get,66,-1
cloud_get,66,1
cloud_get,66,-1
edge_get,66,1
edge_get,66,-1
cloud_get,66,1
cloud_get,66,-1
edge_get,66,1
edge_get,66,-1
cloud_get,66,1
cloud_get,66,-1
edge_get,66,1
edge_get,66,-1
cloud_get,66,1
cloud_get,66,-1
edge_get,66,1
edge_get,66,-1
cloud_get,66,1
cloud_get,66,-1
edge_get,66,1
edge_get,66,-1
cloud_get,66,1
cloud_get,66,-1
edge_get,66,1
edge_get,66,-1
cloud_get,66,1
cloud_get,66,-1
edge_get,66,1
edge_get,66,-1
cloud_get,66,1
cloud_get,66,-1
edge_get,66,1
edge_get,66,-1
cloud_get,66,1
cloud_get,66,-1
edge_get,66,1
edge_get,66,-1
cloud_get,66,1
cloud_get,66,-1
edge_get,66,1
edge_get,66,-1
cloud_get,66,1
cloud_get,66,-1
edge_get,66,1
edge_get,66,-1
cloud_get,66,1
cloud_get,66,-1
edge_get,66,1
edge_get,66,-1
cloud_get,66,1
cloud_get,66,-1
edge_get,66,1
edge_get,66,-1
cloud_get,66,1
cloud_get,66,-1
edge_get,66,1
edge_get,66,-1
cloud_get,66,1
cloud_get,66,-1
edge_get,66,1
edge_get,66,-1
cloud_get,66,1
cloud_get,66,-1
edge_get,66,1
edge_get,66,-1
cloud_get,66,1
cloud_get,66,-1
edge_get,66,1
edge_get,66,-1
cloud_get,66,1
cloud_get,67,-1
edge_get,67,1
edge_get,67,-1
cloud_get,67,1
cloud_get,67,-1
edge_get,67,1
edge_get,67,-1
cloud_get,67,1
cloud_get,67,-1
edge_get,67,1
edge_get,67,-1
cloud_get,67,1
cloud_get,67,-1
edge_get,67,1
edge_get,67,-1
cloud_get,67,1
cloud_get,67,-1
edge_get,67,1
edge_get,67,-1
cloud_get,67,1
cloud_get,67,-1
edge_get,67,1
edge_get,67,-1
cloud_get,67,1
cloud_get,67,-1
edge_get,67,1
edge_get,67,-1
cloud_get,67,1
cloud_get,67,-1
edge_get,67,1
edge_get,67,-1
cloud_get,67,1
cloud_get,67,-1
edge_get,67,1
edge_get,67,-1
cloud_get,67,1
cloud_get,67,-1
edge_get,67,1
edge_get,67,-1
cloud_get,67,1
cloud_get,67,-1
edge_get,67,1
edge_get,67,-1
cloud_get,67,1
cloud_get,67,-1
edge_get,67,1
edge_get,67,-1
cloud_get,67,1
cloud_get,67,-1
edge_get,67,1
edge_get,67,-1
cloud_get,67,1
cloud_get,67,-1
edge_get,67,1
edge_get,67,-1
cloud_get,67,1
cloud_get,67,-1
edge_get,67,1
edge_get,67,-1
cloud_get,67,1
cloud_get,67,-1
edge_get,67,1
edge_get,67,-1
cloud_get,67,1
cloud_get,67,-1
edge_get,67,1
edge_get,67,-1
cloud_get,67,1
cloud_get,67,-1
edge_get,67,1
edge_get,67,-1
cloud_get,67,1
cloud_get,67,-1
edge_get,67,1
edge_get,67,-1
cloud_get,67,1
cloud_get,67,-1
edge_get,67,1
edge_get,67,-1
cloud_get,67,1
cloud_get,67,-1
edge_get,67,1
edge_get,67,-1
cloud_get,67,1
cloud_get,67,-1
edge_get,67,1
edge_get,67,-1
cloud_get,67,1
cloud_get,67,-1
edge_get,67,1
edge_get,67,-1
cloud_get,67,1
cloud_get,67,-1
edge_get,67,1
edge_get,67,-1
cloud_get,67,1
cloud_get,67,-1
edge_get,67,1
edge_get,67,-1
cloud_get,67,1
cloud_get,67,-1
edge_get,67,1
edge_get,67,-1
cloud_get,67,1
cloud_get,67,-1
edge_get,67,1
edge_get,67,-1
cloud_get,67,1
cloud_get,68,-1
edge_get,68,1
edge_get,68,-1
cloud_get,68,1
cloud_get,68,-1
edge_get,68,1
edge_get,68,-1
cloud_get,68,1
cloud_get,68,-1
edge_get,68,1
edge_get,68,-1
cloud_get,68,1
cloud_get,68,-1
edge_get,68,1
edge_get,68,-1
cloud_get,68,1
cloud_get,68,-1
edge_get,68,1
edge_get,68,-1
cloud_get,68,1
cloud_get,68,-1
edge_get,68,1
edge_get,68,-1
cloud_get,68,1
edge_get,68,1
edge_get,68,-1
cloud_get,68,1
cloud_get,68,-1
cloud_get,68,-1
edge_get,68,1
edge_get,68,-1
cloud_get,68,1
cloud_get,68,-1
edge_get,68,1
edge_get,68,-1
cloud_get,68,1
cloud_get,68,-1
edge_get,68,1
edge_get,68,-1
cloud_get,68,1
cloud_get,68,-1
edge_get,68,1
edge_get,68,-1
cloud_get,68,1
cloud_get,68,-1
edge_get,68,1
edge_get,68,-1
cloud_get,68,1
cloud_get,68,-1
edge_get,68,1
edge_get,68,-1
cloud_get,68,1
cloud_get,68,-1
edge_get,68,1
edge_get,68,-1
cloud_get,68,1
cloud_get,68,-1
edge_get,68,1
edge_get,68,-1
cloud_get,68,1
cloud_get,68,-1
edge_get,68,1
edge_get,68,-1
cloud_get,68,1
cloud_get,68,-1
edge_get,68,1
edge_get,68,-1
cloud_get,68,1
cloud_get,68,-1
edge_get,68,1
edge_get,68,-1
cloud_get,68,1
cloud_get,68,-1
edge_get,68,1
edge_get,68,-1
cloud_get,68,1
cloud_get,68,-1
edge_get,68,1
edge_get,68,-1
cloud_get,68,1
cloud_get,69,-1
edge_get,69,1
edge_get,69,-1
cloud_get,69,1
cloud_get,69,-1
edge_get,69,1
edge_get,69,-1
cloud_get,69,1
cloud_get,69,-1
edge_get,69,1
edge_get,69,-1
cloud_get,69,1
cloud_get,69,-1
edge_get,69,1
edge_get,69,-1
cloud_get,69,1
cloud_get,69,-1
edge_get,69,1
edge_get,69,-1
cloud_get,69,1
cloud_get,69,-1
edge_get,69,1
edge_get,69,-1
cloud_get,69,1
cloud_get,69,-1
edge_get,69,1
edge_get,69,-1
cloud_get,69,1
cloud_get,69,-1
edge_get,69,1
edge_get,69,-1
cloud_get,69,1
cloud_get,69,-1
edge_get,69,1
edge_get,69,-1
cloud_get,69,1
cloud_get,69,-1
edge_get,69,1
edge_get,69,-1
cloud_get,69,1
cloud_get,69,-1
edge_get,69,1
edge_get,69,-1
cloud_get,69,1
cloud_get,69,-1
edge_get,69,1
edge_get,69,-1
cloud_get,69,1
cloud_get,69,-1
edge_get,69,1
edge_get,69,-1
cloud_get,69,1
cloud_get,69,-1
edge_get,69,1
edge_get,69,-1
cloud_get,69,1
cloud_get,69,-1
edge_get,69,1
edge_get,69,-1
cloud_get,69,1
cloud_get,69,-1
edge_get,69,1
edge_get,69,-1
cloud_get,69,1
cloud_get,69,-1
edge_get,69,1
edge_get,69,-1
cloud_get,69,1
cloud_get,69,-1
edge_get,69,1
edge_get,69,-1
cloud_get,69,1
cloud_get,69,-1
edge_get,69,1
edge_get,69,-1
cloud_get,69,1
cloud_get,69,-1
edge_get,69,1
edge_get,69,-1
cloud_get,69,1
cloud_get,69,-1
edge_get,70,1
edge_get,70,-1
cloud_get,70,1
cloud_get,70,-1
edge_get,70,1
edge_get,70,-1
cloud_get,70,1
cloud_get,70,-1
edge_get,70,1
edge_get,70,-1
cloud_get,70,1
cloud_get,70,-1
edge_get,70,1
edge_get,70,-1
cloud_get,70,1
cloud_get,70,-1
edge_get,70,1
edge_get,70,-1
cloud_get,70,1
cloud_get,70,-1
edge_get,70,1
edge_get,70,-1
cloud_get,70,1
cloud_get,70,-1
edge_get,70,1
edge_get,70,-1
cloud_get,70,1
cloud_get,70,-1
edge_get,70,1
edge_get,70,-1
cloud_get,70,1
cloud_get,70,-1
edge_get,70,1
edge_get,70,-1
cloud_get,70,1
cloud_get,70,-1
edge_get,70,1
edge_get,70,-1
cloud_get,70,1
cloud_get,70,-1
edge_get,70,1
edge_get,70,-1
cloud_get,70,1
cloud_get,70,-1
edge_get,70,1
edge_get,70,-1
cloud_get,70,1
cloud_get,70,-1
edge_get,70,1
edge_get,70,-1
cloud_get,70,1
cloud_get,70,-1
edge_get,70,1
edge_get,70,-1
cloud_get,70,1
cloud_get,70,-1
edge_get,70,1
edge_get,70,-1
cloud_get,70,1
cloud_get,70,-1
edge_get,70,1
edge_get,70,-1
cloud_get,70,1
cloud_get,70,-1
edge_get,70,1
edge_get,70,-1
cloud_get,70,1
cloud_get,70,-1
edge_get,70,1
edge_get,70,-1
cloud_get,70,1
cloud_get,70,-1
edge_get,70,1
edge_get,70,-1
cloud_get,70,1
cloud_get,70,-1
edge_get,70,1
edge_get,70,-1
cloud_get,70,1
cloud_get,70,-1
edge_get,70,1
edge_get,70,-1
cloud_get,70,1
cloud_get,70,-1
edge_get,70,1
edge_get,70,-1
cloud_get,70,1
cloud_get,70,-1
edge_get,70,1
edge_get,70,-1
cloud_get,70,1
cloud_get,71,-1
edge_get,71,1
edge_get,71,-1
cloud_get,71,1
cloud_get,71,-1
edge_get,71,1
edge_get,71,-1
cloud_get,71,1
cloud_get,71,-1
edge_get,71,1
edge_get,71,-1
cloud_get,71,1
cloud_get,71,-1
edge_get,71,1
edge_get,71,-1
cloud_get,71,1
cloud_get,71,-1
edge_get,71,1
edge_get,71,-1
cloud_get,71,1
cloud_get,71,-1
edge_get,71,1
edge_get,71,-1
cloud_get,71,1
cloud_get,71,-1
edge_get,71,1
edge_get,71,-1
cloud_get,71,1
cloud_get,71,-1
edge_get,71,1
edge_get,71,-1
cloud_get,71,1
cloud_get,71,-1
edge_get,71,1
edge_get,71,-1
cloud_get,71,1
cloud_get,71,-1
edge_get,71,1
edge_get,71,-1
cloud_get,71,1
cloud_get,71,-1
edge_get,71,1
edge_get,71,-1
cloud_get,71,1
cloud_get,71,-1
edge_get,71,1
edge_get,71,-1
cloud_get,71,1
cloud_get,71,-1
edge_get,71,1
edge_get,71,-1
cloud_get,71,1
cloud_get,71,-1
edge_get,71,1
edge_get,71,-1
cloud_get,71,1
cloud_get,71,-1
edge_get,71,1
edge_get,71,-1
cloud_get,71,1
cloud_get,71,-1
edge_get,71,1
edge_get,71,-1
cloud_get,71,1
cloud_get,71,-1
edge_get,71,1
edge_get,71,-1
cloud_get,71,1
cloud_get,71,-1
edge_get,71,1
edge_get,71,-1
cloud_get,71,1
cloud_get,71,-1
edge_get,71,1
edge_get,71,-1
cloud_get,71,1
cloud_get,71,-1
edge_get,71,1
edge_get,71,-1
cloud_get,71,1
cloud_get,71,-1
edge_get,71,1
edge_get,71,-1
cloud_get,71,1
cloud_get,71,-1
edge_get,71,1
edge_get,71,-1
cloud_get,71,1
cloud_get,71,-1
edge_get,71,1
edge_get,71,-1
cloud_get,71,1
edge_get,71,1
edge_get,71,-1
cloud_get,71,1
cloud_get,71,-1
cloud_get,71,-1
edge_get,71,1
edge_get,71,-1
cloud_get,71,1
cloud_get,71,-1
edge_get,71,1
edge_get,71,-1
cloud_get,71,1
cloud_get,71,-1
edge_get,72,1
edge_get,72,-1
cloud_get,72,1
cloud_get,72,-1
edge_get,72,1
edge_get,72,-1
cloud_get,72,1
cloud_get,72,-1
edge_get,72,1
edge_get,72,-1
cloud_get,72,1
cloud_get,72,-1
edge_get,72,1
edge_get,72,-1
cloud_get,72,1
cloud_get,72,-1
edge_get,72,1
edge_get,72,-1
cloud_get,72,1
cloud_get,72,-1
edge_get,72,1
edge_get,72,-1
cloud_get,72,1
cloud_get,72,-1
edge_get,72,1
edge_get,72,-1
cloud_get,72,1
cloud_get,72,-1
edge_get,72,1
edge_get,72,-1
cloud_get,72,1
cloud_get,72,-1
edge_get,72,1
edge_get,72,-1
cloud_get,72,1
cloud_get,72,-1
edge_get,72,1
edge_get,72,-1
cloud_get,72,1
cloud_get,72,-1
edge_get,72,1
edge_get,72,-1
cloud_get,72,1
cloud_get,72,-1
edge_get,72,1
edge_get,72,-1
cloud_get,72,1
cloud_get,72,-1
edge_get,72,1
edge_get,72,-1
cloud_get,72,1
cloud_get,72,-1
edge_get,72,1
edge_get,72,-1
cloud_get,72,1
cloud_get,72,-1
edge_get,72,1
edge_get,72,-1
cloud_get,72,1
cloud_get,72,-1
edge_get,72,1
edge_get,72,-1
cloud_get,72,1
cloud_get,72,-1
edge_get,72,1
edge_get,72,-1
cloud_get,72,1
cloud_get,72,-1
edge_get,72,1
edge_get,72,-1
cloud_get,72,1
cloud_get,73,-1
edge_get,73,1
edge_get,73,-1
cloud_get,73,1
cloud_get,73,-1
edge_get,73,1
edge_get,73,-1
cloud_get,73,1
cloud_get,73,-1
edge_get,73,1
edge_get,73,-1
cloud_get,73,1
cloud_get,73,-1
edge_get,73,1
edge_get,73,-1
cloud_get,73,1
cloud_get,73,-1
edge_get,73,1
edge_get,73,-1
cloud_get,73,1
cloud_get,73,-1
edge_get,73,1
edge_get,73,-1
cloud_get,73,1
cloud_get,73,-1
edge_get,73,1
edge_get,73,-1
cloud_get,73,1
cloud_get,73,-1
edge_get,73,1
edge_get,73,-1
cloud_get,73,1
cloud_get,73,-1
edge_get,73,1
edge_get,73,-1
cloud_get,73,1
cloud_get,73,-1
edge_get,73,1
edge_get,73,-1
cloud_get,73,1
cloud_get,73,-1
edge_get,73,1
edge_get,73,-1
cloud_get,73,1
cloud_get,73,-1
edge_get,73,1
edge_get,73,-1
cloud_get,73,1
cloud_get,73,-1
edge_get,73,1
edge_get,73,-1
cloud_get,73,1
cloud_get,73,-1
edge_get,73,1
edge_get,73,-1
cloud_get,73,1
cloud_get,73,-1
edge_get,73,1
edge_get,73,-1
cloud_get,73,1
cloud_get,73,-1
edge_get,73,1
edge_get,73,-1
cloud_get,73,1
cloud_get,73,-1
edge_get,73,1
edge_get,73,-1
cloud_get,73,1
cloud_get,73,-1
edge_get,73,1
edge_get,73,-1
cloud_get,73,1
cloud_get,73,-1
edge_get,73,1
edge_get,73,-1
cloud_get,73,1
cloud_get,73,-1
edge_get,73,1
edge_get,73,-1
cloud_get,73,1
cloud_get,73,-1
edge_get,74,1
edge_get,74,-1
cloud_get,74,1
cloud_get,74,-1
edge_get,74,1
edge_get,74,-1
cloud_get,74,1
cloud_get,74,-1
edge_get,74,1
edge_get,74,-1
cloud_get,74,1
cloud_get,74,-1
edge_get,74,1
edge_get,74,-1
cloud_get,74,1
cloud_get,74,-1
edge_get,74,1
edge_get,74,-1
cloud_get,74,1
cloud_get,74,-1
edge_get,74,1
edge_get,74,-1
cloud_get,74,1
cloud_get,74,-1
edge_get,74,1
edge_get,74,-1
cloud_get,74,1
cloud_get,74,-1
edge_get,74,1
edge_get,74,-1
cloud_get,74,1
cloud_get,74,-1
edge_get,74,1
edge_get,74,-1
cloud_get,74,1
cloud_get,74,-1
edge_get,74,1
edge_get,74,-1
cloud_get,74,1
cloud_get,74,-1
edge_get,74,1
edge_get,74,-1
cloud_get,74,1
cloud_get,74,-1
edge_get,74,1
edge_get,74,-1
cloud_get,74,1
edge_get,74,1
edge_get,74,-1
cloud_get,74,1
cloud_get,74,-1
cloud_get,74,-1
edge_get,74,1
edge_get,74,-1
cloud_get,74,1
cloud_get,74,-1
edge_get,74,1
edge_get,74,-1
cloud_get,74,1
cloud_get,74,-1
edge_get,74,1
edge_get,74,-1
cloud_get,74,1
cloud_get,75,-1
edge_get,75,1
edge_get,75,-1
cloud_get,75,1
cloud_get,75,-1
edge_get,75,1
edge_get,75,-1
cloud_get,75,1
cloud_get,75,-1
edge_get,75,1
edge_get,75,-1
cloud_get,75,1
cloud_get,75,-1
edge_get,75,1
edge_get,75,-1
cloud_get,75,1
cloud_get,75,-1
edge_get,75,1
edge_get,75,-1
cloud_get,75,1
cloud_get,75,-1
edge_get,75,1
edge_get,75,-1
cloud_get,75,1
cloud_get,75,-1
edge_get,75,1
edge_get,75,-1
cloud_get,75,1
cloud_get,75,-1
edge_get,75,1
edge_get,75,-1
cloud_get,75,1
cloud_get,75,-1
edge_get,75,1
edge_get,75,-1
cloud_get,75,1
cloud_get,75,-1
edge_get,75,1
edge_get,75,-1
cloud_get,75,1
cloud_get,75,-1
edge_get,75,1
edge_get,75,-1
cloud_get,75,1
cloud_get,75,-1
edge_get,75,1
edge_get,75,-1
cloud_get,75,1
cloud_get,75,-1
edge_get,75,1
edge_get,75,-1
cloud_get,75,1
cloud_get,75,-1
edge_get,75,1
edge_get,75,-1
cloud_get,75,1
cloud_get,75,-1
edge_get,75,1
edge_get,75,-1
cloud_get,75,1
cloud_get,75,-1
edge_get,75,1
edge_get,75,-1
cloud_get,75,1
cloud_get,75,-1
edge_get,75,1
edge_get,75,-1
cloud_get,75,1
cloud_get,75,-1
edge_get,75,1
edge_get,75,-1
cloud_get,75,1
cloud_get,75,-1
edge_get,75,1
edge_get,75,-1
cloud_get,75,1
cloud_get,75,-1
edge_get,75,1
edge_get,75,-1
cloud_get,75,1
cloud_get,75,-1
edge_get,75,1
edge_get,75,-1
cloud_get,75,1
cloud_get,75,-1
edge_get,75,1
edge_get,75,-1
cloud_get,75,1
cloud_get,75,-1
edge_get,75,1
edge_get,75,-1
cloud_get,75,1
cloud_get,75,-1
edge_get,75,1
edge_get,75,-1
cloud_get,75,1
cloud_get,75,-1
edge_get,75,1
edge_get,75,-1
cloud_get,75,1
cloud_get,75,-1
edge_get,75,1
edge_get,75,-1
cloud_get,75,1
cloud_get,75,-1
edge_get,75,1
edge_get,75,-1
cloud_get,75,1
edge_get,75,1
edge_get,75,-1
cloud_get,75,1
cloud_get,75,-1
cloud_get,75,-1
edge_get,76,1
edge_get,76,-1
cloud_get,76,1
cloud_get,76,-1
edge_get,76,1
edge_get,76,-1
cloud_get,76,1
cloud_get,76,-1
edge_get,76,1
edge_get,76,-1
cloud_get,76,1
cloud_get,76,-1
edge_get,76,1
edge_get,76,-1
cloud_get,76,1
cloud_get,76,-1
edge_get,76,1
edge_get,76,-1
cloud_get,76,1
cloud_get,76,-1
edge_get,76,1
edge_get,76,-1
cloud_get,76,1
cloud_get,76,-1
edge_get,76,1
edge_get,76,-1
cloud_get,76,1
cloud_get,76,-1
edge_get,76,1
edge_get,76,-1
cloud_get,76,1
cloud_get,76,-1
edge_get,76,1
edge_get,76,-1
cloud_get,76,1
cloud_get,76,-1
edge_get,76,1
edge_get,76,-1
cloud_get,76,1
cloud_get,76,-1
edge_get,76,1
edge_get,76,-1
cloud_get,76,1
cloud_get,76,-1
edge_get,76,1
edge_get,76,-1
cloud_get,76,1
cloud_get,76,-1
edge_get,76,1
edge_get,76,-1
cloud_get,76,1
cloud_get,76,-1
edge_get,76,1
edge_get,76,-1
cloud_get,76,1
cloud_get,76,-1
edge_get,76,1
edge_get,76,-1
cloud_get,76,1
cloud_get,76,-1
edge_get,76,1
edge_get,76,-1
cloud_get,76,1
cloud_get,76,-1
edge_get,76,1
edge_get,76,-1
cloud_get,76,1
cloud_get,76,-1
edge_get,76,1
edge_get,76,-1
cloud_get,76,1
cloud_get,76,-1
edge_get,76,1
edge_get,76,-1
cloud_get,76,1
cloud_get,76,-1
edge_get,76,1
edge_get,76,-1
cloud_get,76,1
cloud_get,76,-1
edge_get,76,1
edge_get,76,-1
cloud_get,76,1
cloud_get,76,-1
edge_get,77,1
edge_get,77,-1
cloud_get,77,1
cloud_get,77,-1
edge_get,77,1
edge_get,77,-1
cloud_get,77,1
cloud_get,77,-1
edge_get,77,1
edge_get,77,-1
cloud_get,77,1
cloud_get,77,-1
edge_get,77,1
edge_get,77,-1
cloud_get,77,1
cloud_get,77,-1
edge_get,77,1
edge_get,77,-1
cloud_get,77,1
cloud_get,77,-1
edge_get,77,1
edge_get,77,-1
cloud_get,77,1
cloud_get,77,-1
edge_get,77,1
edge_get,77,-1
cloud_get,77,1
cloud_get,77,-1
edge_get,77,1
edge_get,77,-1
cloud_get,77,1
cloud_get,77,-1
edge_get,77,1
edge_get,77,-1
cloud_get,77,1
cloud_get,77,-1
edge_get,77,1
edge_get,77,-1
cloud_get,77,1
cloud_get,77,-1
edge_get,77,1
edge_get,77,-1
cloud_get,77,1
cloud_get,77,-1
edge_get,77,1
edge_get,77,-1
cloud_get,77,1
cloud_get,77,-1
edge_get,77,1
edge_get,77,-1
cloud_get,77,1
cloud_get,77,-1
edge_get,77,1
edge_get,77,-1
cloud_get,77,1
cloud_get,77,-1
edge_get,77,1
edge_get,77,-1
cloud_get,77,1
cloud_get,77,-1
edge_get,77,1
edge_get,77,-1
cloud_get,77,1
cloud_get,77,-1
edge_get,78,1
edge_get,78,-1
cloud_get,78,1
cloud_get,78,-1
edge_get,78,1
edge_get,78,-1
cloud_get,78,1
cloud_get,78,-1
edge_get,78,1
edge_get,78,-1
cloud_get,78,1
cloud_get,78,-1
edge_get,78,1
edge_get,78,-1
cloud_get,78,1
cloud_get,78,-1
edge_get,78,1
edge_get,78,-1
cloud_get,78,1
cloud_get,78,-1
edge_get,78,1
edge_get,78,-1
cloud_get,78,1
cloud_get,78,-1
edge_get,78,1
edge_get,78,-1
cloud_get,78,1
cloud_get,78,-1
edge_get,78,1
edge_get,78,-1
cloud_get,78,1
cloud_get,78,-1
edge_get,78,1
edge_get,78,-1
cloud_get,78,1
cloud_get,78,-1
edge_get,78,1
edge_get,78,-1
cloud_get,78,1
cloud_get,78,-1
edge_get,78,1
edge_get,78,-1
cloud_get,78,1
cloud_get,78,-1
edge_get,78,1
edge_get,78,-1
cloud_get,78,1
cloud_get,78,-1
edge_get,78,1
edge_get,78,-1
cloud_get,78,1
cloud_get,78,-1
edge_get,78,1
edge_get,78,-1
cloud_get,78,1
cloud_get,78,-1
edge_get,78,1
edge_get,78,-1
cloud_get,78,1
cloud_get,78,-1
edge_get,78,1
edge_get,78,-1
cloud_get,78,1
cloud_get,78,-1
edge_get,78,1
edge_get,78,-1
cloud_get,78,1
cloud_get,78,-1
edge_get,78,1
edge_get,78,-1
cloud_get,78,1
cloud_get,78,-1
edge_get,78,1
edge_get,78,-1
cloud_get,78,1
cloud_get,78,-1
edge_get,78,1
edge_get,78,-1
cloud_get,78,1
cloud_get,78,-1
edge_get,78,1
edge_get,78,-1
cloud_get,78,1
cloud_get,78,-1
edge_get,78,1
edge_get,78,-1
cloud_get,78,1
cloud_get,78,-1
edge_get,78,1
edge_get,78,-1
cloud_get,78,1
cloud_get,78,-1
edge_get,78,1
edge_get,78,-1
cloud_get,78,1
cloud_get,79,-1
edge_get,79,1
edge_get,79,-1
cloud_get,79,1
cloud_get,79,-1
edge_get,79,1
edge_get,79,-1
cloud_get,79,1
cloud_get,79,-1
edge_get,79,1
edge_get,79,-1
cloud_get,79,1
cloud_get,79,-1
edge_get,79,1
edge_get,79,-1
cloud_get,79,1
cloud_get,79,-1
edge_get,79,1
edge_get,79,-1
cloud_get,79,1
cloud_get,79,-1
edge_get,79,1
edge_get,79,-1
cloud_get,79,1
cloud_get,79,-1
edge_get,79,1
edge_get,79,-1
cloud_get,79,1
cloud_get,79,-1
edge_get,79,1
edge_get,79,-1
cloud_get,79,1
cloud_get,79,-1
edge_get,79,1
edge_get,79,-1
cloud_get,79,1
cloud_get,79,-1
edge_get,79,1
edge_get,79,-1
cloud_get,79,1
cloud_get,79,-1
edge_get,79,1
edge_get,79,-1
cloud_get,79,1
cloud_get,79,-1
edge_get,79,1
edge_get,79,-1
cloud_get,79,1
cloud_get,79,-1
edge_get,79,1
edge_get,79,-1
cloud_get,79,1
cloud_get,79,-1
edge_get,79,1
edge_get,79,-1
cloud_get,79,1
cloud_get,79,-1
edge_get,79,1
edge_get,79,-1
cloud_get,79,1
cloud_get,79,-1
edge_get,79,1
edge_get,79,-1
cloud_get,79,1
cloud_get,79,-1
edge_get,79,1
edge_get,79,-1
cloud_get,79,1
cloud_get,79,-1
edge_get,79,1
edge_get,79,-1
cloud_get,79,1
cloud_get,79,-1
edge_get,79,1
edge_get,79,-1
cloud_get,79,1
cloud_get,79,-1
edge_get,79,1
edge_get,79,-1
cloud_get,79,1
cloud_get,79,-1
edge_get,79,1
edge_get,79,-1
cloud_get,79,1
cloud_get,79,-1
edge_get,80,1
edge_get,80,-1
cloud_get,80,1
cloud_get,80,-1
edge_get,80,1
edge_get,80,-1
cloud_get,80,1
cloud_get,80,-1
edge_get,80,1
edge_get,80,-1
cloud_get,80,1
cloud_get,80,-1
edge_get,80,1
edge_get,80,-1
cloud_get,80,1
cloud_get,80,-1
edge_get,80,1
edge_get,80,-1
cloud_get,80,1
cloud_get,80,-1
edge_get,80,1
edge_get,80,-1
cloud_get,80,1
cloud_get,80,-1
edge_get,80,1
edge_get,80,-1
cloud_get,80,1
cloud_get,80,-1
edge_get,80,1
edge_get,80,-1
cloud_get,80,1
cloud_get,80,-1
edge_get,80,1
edge_get,80,-1
cloud_get,80,1
cloud_get,80,-1
edge_get,80,1
edge_get,80,-1
cloud_get,80,1
cloud_get,80,-1
edge_get,80,1
edge_get,80,-1
cloud_get,80,1
cloud_get,80,-1
edge_get,80,1
edge_get,80,-1
cloud_get,80,1
cloud_get,80,-1
edge_get,80,1
edge_get,80,-1
cloud_get,80,1
cloud_get,80,-1
edge_get,80,1
edge_get,80,-1
cloud_get,80,1
cloud_get,80,-1
edge_get,80,1
edge_get,80,-1
cloud_get,80,1
cloud_get,80,-1
edge_get,80,1
edge_get,80,-1
cloud_get,80,1
cloud_get,80,-1
edge_get,80,1
edge_get,80,-1
cloud_get,80,1
cloud_get,80,-1
edge_get,80,1
edge_get,80,-1
cloud_get,80,1
cloud_get,80,-1
edge_get,80,1
edge_get,80,-1
cloud_get,80,1
cloud_get,80,-1
edge_get,80,1
edge_get,80,-1
cloud_get,80,1
cloud_get,80,-1
edge_get,80,1
edge_get,80,-1
cloud_get,80,1
cloud_get,80,-1
edge_get,80,1
edge_get,80,-1
cloud_get,80,1
cloud_get,80,-1
edge_get,80,1
edge_get,80,-1
cloud_get,80,1
cloud_get,80,-1
edge_get,80,1
edge_get,80,-1
cloud_get,80,1
cloud_get,81,-1
edge_get,81,1
edge_get,81,-1
cloud_get,81,1
cloud_get,81,-1
edge_get,81,1
edge_get,81,-1
cloud_get,81,1
cloud_get,81,-1
edge_get,81,1
edge_get,81,-1
cloud_get,81,1
cloud_get,81,-1
edge_get,81,1
edge_get,81,-1
cloud_get,81,1
cloud_get,81,-1
edge_get,81,1
edge_get,81,-1
cloud_get,81,1
cloud_get,81,-1
edge_get,81,1
edge_get,81,-1
cloud_get,81,1
cloud_get,81,-1
edge_get,81,1
edge_get,81,-1
cloud_get,81,1
cloud_get,81,-1
edge_get,81,1
edge_get,81,-1
cloud_get,81,1
cloud_get,81,-1
edge_get,81,1
edge_get,81,-1
cloud_get,81,1
cloud_get,81,-1
edge_get,81,1
edge_get,81,-1
cloud_get,81,1
cloud_get,81,-1
edge_get,81,1
edge_get,81,-1
cloud_get,81,1
cloud_get,81,-1
edge_get,81,1
edge_get,81,-1
cloud_get,81,1
cloud_get,81,-1
edge_get,81,1
edge_get,81,-1
cloud_get,81,1
cloud_get,81,-1
edge_get,81,1
edge_get,81,-1
cloud_get,81,1
cloud_get,81,-1
edge_get,81,1
edge_get,81,-1
cloud_get,81,1
cloud_get,81,-1
edge_get,81,1
edge_get,81,-1
cloud_get,81,1
cloud_get,81,-1
edge_get,81,1
edge_get,81,-1
cloud_get,81,1
cloud_get,81,-1
edge_get,81,1
edge_get,81,-1
cloud_get,81,1
cloud_get,81,-1
edge_get,81,1
edge_get,81,-1
cloud_get,81,1
cloud_get,81,-1
edge_get,81,1
edge_get,81,-1
cloud_get,81,1
cloud_get,81,-1
edge_get,81,1
edge_get,81,-1
cloud_get,81,1
cloud_get,81,-1
edge_get,81,1
edge_get,81,-1
cloud_get,81,1
cloud_get,81,-1
edge_get,81,1
edge_get,81,-1
cloud_get,81,1
cloud_get,81,-1
edge_get,81,1
edge_get,81,-1
cloud_get,81,1
cloud_get,81,-1
edge_get,81,1
edge_get,81,-1
cloud_get,81,1
cloud_get,81,-1
edge_get,81,1
edge_get,81,-1
cloud_get,81,1
cloud_get,81,-1
edge_get,81,1
edge_get,81,-1
cloud_get,81,1
cloud_get,81,-1
edge_get,82,1
edge_get,82,-1
cloud_get,82,1
cloud_get,82,-1
edge_get,82,1
edge_get,82,-1
cloud_get,82,1
cloud_get,82,-1
edge_get,82,1
edge_get,82,-1
cloud_get,82,1
edge_get,82,1
edge_get,82,-1
cloud_get,82,1
cloud_get,82,-1
cloud_get,82,-1
edge_get,82,1
edge_get,82,-1
cloud_get,82,1
cloud_get,82,-1
edge_get,82,1
edge_get,82,-1
cloud_get,82,1
cloud_get,82,-1
edge_get,82,1
edge_get,82,-1
cloud_get,82,1
cloud_get,82,-1
edge_get,82,1
edge_get,82,-1
cloud_get,82,1
cloud_get,82,-1
edge_get,82,1
edge_get,82,-1
cloud_get,82,1
cloud_get,82,-1
edge_get,82,1
edge_get,82,-1
cloud_get,82,1
cloud_get,82,-1
edge_get,82,1
edge_get,82,-1
cloud_get,82,1
cloud_get,82,-1
edge_get,82,1
edge_get,82,-1
cloud_get,82,1
cloud_get,82,-1
edge_get,82,1
edge_get,82,-1
cloud_get,82,1
cloud_get,82,-1
edge_get,82,1
edge_get,82,-1
cloud_get,82,1
cloud_get,82,-1
edge_get,82,1
edge_get,82,-1
cloud_get,82,1
cloud_get,82,-1
edge_get,82,1
edge_get,82,-1
cloud_get,82,1
cloud_get,82,-1
edge_get,82,1
edge_get,82,-1
cloud_get,82,1
cloud_get,82,-1
edge_get,82,1
edge_get,82,-1
cloud_get,82,1
cloud_get,82,-1
edge_get,82,1
edge_get,82,-1
cloud_get,82,1
cloud_get,82,-1
edge_get,82,1
edge_get,82,-1
cloud_get,82,1
cloud_get,82,-1
edge_get,82,1
edge_get,82,-1
cloud_get,82,1
cloud_get,82,-1
edge_get,82,1
edge_get,82,-1
cloud_get,82,1
cloud_get,83,-1
edge_get,83,1
edge_get,83,-1
cloud_get,83,1
cloud_get,83,-1
edge_get,83,1
edge_get,83,-1
cloud_get,83,1
cloud_get,83,-1
edge_get,83,1
edge_get,83,-1
cloud_get,83,1
cloud_get,83,-1
edge_get,83,1
edge_get,83,-1
cloud_get,83,1
cloud_get,83,-1
edge_get,83,1
edge_get,83,-1
cloud_get,83,1
cloud_get,83,-1
edge_get,83,1
edge_get,83,-1
cloud_get,83,1
cloud_get,83,-1
edge_get,83,1
edge_get,83,-1
cloud_get,83,1
cloud_get,83,-1
edge_get,83,1
edge_get,83,-1
cloud_get,83,1
cloud_get,83,-1
edge_get,83,1
edge_get,83,-1
cloud_get,83,1
cloud_get,83,-1
edge_get,83,1
edge_get,83,-1
cloud_get,83,1
cloud_get,83,-1
edge_get,83,1
edge_get,83,-1
cloud_get,83,1
cloud_get,83,-1
edge_get,83,1
edge_get,83,-1
cloud_get,83,1
cloud_get,83,-1
edge_get,83,1
edge_get,83,-1
cloud_get,83,1
cloud_get,83,-1
edge_get,83,1
edge_get,83,-1
cloud_get,83,1
cloud_get,83,-1
edge_get,83,1
edge_get,83,-1
cloud_get,83,1
cloud_get,83,-1
edge_get,83,1
edge_get,83,-1
cloud_get,83,1
cloud_get,83,-1
edge_get,83,1
edge_get,83,-1
cloud_get,83,1
cloud_get,83,-1
edge_get,83,1
edge_get,83,-1
cloud_get,83,1
cloud_get,83,-1
edge_get,83,1
edge_get,83,-1
cloud_get,83,1
cloud_get,83,-1
edge_get,83,1
edge_get,83,-1
cloud_get,83,1
cloud_get,83,-1
edge_get,83,1
edge_get,83,-1
cloud_get,83,1
cloud_get,83,-1
edge_get,83,1
edge_get,83,-1
cloud_get,83,1
cloud_get,83,-1
edge_get,83,1
edge_get,83,-1
cloud_get,83,1
cloud_get,83,-1
edge_get,83,1
edge_get,83,-1
cloud_get,83,1
cloud_get,83,-1
edge_get,83,1
edge_get,83,-1
cloud_get,83,1
cloud_get,83,-1
edge_get,83,1
edge_get,83,-1
cloud_get,83,1
cloud_get,83,-1
edge_get,83,1
edge_get,83,-1
cloud_get,83,1
cloud_get,83,-1
edge_get,83,1
edge_get,83,-1
cloud_get,83,1
cloud_get,83,-1
edge_get,83,1
edge_get,83,-1
cloud_get,83,1
cloud_get,84,-1
edge_get,84,1
edge_get,84,-1
cloud_get,84,1
cloud_get,84,-1
edge_get,84,1
edge_get,84,-1
cloud_get,84,1
cloud_get,84,-1
edge_get,84,1
edge_get,84,-1
cloud_get,84,1
cloud_get,84,-1
edge_get,84,1
edge_get,84,-1
cloud_get,84,1
cloud_get,84,-1
edge_get,84,1
edge_get,84,-1
cloud_get,84,1
cloud_get,84,-1
edge_get,84,1
edge_get,84,-1
cloud_get,84,1
cloud_get,84,-1
edge_get,84,1
edge_get,84,-1
cloud_get,84,1
cloud_get,84,-1
edge_get,84,1
edge_get,84,-1
cloud_get,84,1
cloud_get,84,-1
edge_get,84,1
edge_get,84,-1
cloud_get,84,1
cloud_get,84,-1
edge_get,84,1
edge_get,84,-1
cloud_get,84,1
cloud_get,84,-1
edge_get,84,1
edge_get,84,-1
cloud_get,84,1
cloud_get,84,-1
edge_get,84,1
edge_get,84,-1
cloud_get,84,1
cloud_get,84,-1
edge_get,84,1
edge_get,84,-1
cloud_get,84,1
cloud_get,84,-1
edge_get,84,1
edge_get,84,-1
cloud_get,84,1
cloud_get,84,-1
edge_get,84,1
edge_get,84,-1
cloud_get,84,1
cloud_get,84,-1
edge_get,84,1
edge_get,84,-1
cloud_get,84,1
cloud_get,84,-1
edge_get,84,1
edge_get,84,-1
cloud_get,84,1
cloud_get,84,-1
edge_get,84,1
edge_get,84,-1
cloud_get,84,1
cloud_get,84,-1
edge_get,84,1
edge_get,84,-1
cloud_get,84,1
cloud_get,84,-1
edge_get,84,1
edge_get,84,-1
cloud_get,84,1
cloud_get,84,-1
edge_get,84,1
edge_get,84,-1
cloud_get,84,1
cloud_get,84,-1
edge_get,84,1
edge_get,84,-1
cloud_get,84,1
cloud_get,84,-1
edge_get,84,1
edge_get,84,-1
cloud_get,84,1
cloud_get,84,-1
edge_get,84,1
edge_get,84,-1
cloud_get,84,1
cloud_get,84,-1
edge_get,84,1
edge_get,84,-1
cloud_get,84,1
cloud_get,84,-1
edge_get,84,1
edge_get,84,-1
cloud_get,84,1
cloud_get,84,-1
edge_get,85,1
edge_get,85,-1
cloud_get,85,1
cloud_get,85,-1
edge_get,85,1
edge_get,85,-1
cloud_get,85,1
cloud_get,85,-1
edge_get,85,1
edge_get,85,-1
cloud_get,85,1
cloud_get,85,-1
edge_get,85,1
edge_get,85,-1
cloud_get,85,1
cloud_get,85,-1
edge_get,85,1
edge_get,85,-1
cloud_get,85,1
cloud_get,85,-1
edge_get,85,1
edge_get,85,-1
cloud_get,85,1
cloud_get,85,-1
edge_get,85,1
edge_get,85,-1
cloud_get,85,1
cloud_get,85,-1
edge_get,85,1
edge_get,85,-1
cloud_get,85,1
cloud_get,85,-1
edge_get,85,1
edge_get,85,-1
cloud_get,85,1
cloud_get,85,-1
edge_get,85,1
edge_get,85,-1
cloud_get,85,1
cloud_get,85,-1
edge_get,85,1
edge_get,85,-1
cloud_get,85,1
cloud_get,85,-1
edge_get,85,1
edge_get,85,-1
cloud_get,85,1
cloud_get,85,-1
edge_get,85,1
edge_get,85,-1
cloud_get,85,1
cloud_get,85,-1
edge_get,85,1
edge_get,85,-1
cloud_get,85,1
cloud_get,85,-1
edge_get,85,1
edge_get,85,-1
cloud_get,85,1
cloud_get,85,-1
edge_get,85,1
edge_get,85,-1
cloud_get,85,1
cloud_get,85,-1
edge_get,85,1
edge_get,85,-1
cloud_get,85,1
cloud_get,85,-1
edge_get,85,1
edge_get,85,-1
cloud_get,85,1
cloud_get,85,-1
edge_get,85,1
edge_get,85,-1
cloud_get,85,1
cloud_get,85,-1
edge_get,86,1
edge_get,86,-1
cloud_get,86,1
cloud_get,86,-1
edge_get,86,1
edge_get,86,-1
cloud_get,86,1
cloud_get,86,-1
edge_get,86,1
edge_get,86,-1
cloud_get,86,1
cloud_get,86,-1
edge_get,86,1
edge_get,86,-1
cloud_get,86,1
cloud_get,86,-1
edge_get,86,1
edge_get,86,-1
cloud_get,86,1
cloud_get,86,-1
edge_get,86,1
edge_get,86,-1
cloud_get,86,1
cloud_get,86,-1
edge_get,86,1
edge_get,86,-1
cloud_get,86,1
cloud_get,86,-1
edge_get,86,1
edge_get,86,-1
cloud_get,86,1
cloud_get,86,-1
edge_get,86,1
edge_get,86,-1
cloud_get,86,1
cloud_get,86,-1
edge_get,86,1
edge_get,86,-1
cloud_get,86,1
cloud_get,86,-1
edge_get,86,1
edge_get,86,-1
cloud_get,86,1
cloud_get,86,-1
edge_get,86,1
edge_get,86,-1
cloud_get,86,1
cloud_get,86,-1
edge_get,86,1
edge_get,86,-1
cloud_get,86,1
cloud_get,86,-1
edge_get,86,1
edge_get,86,-1
cloud_get,86,1
cloud_get,86,-1
edge_get,86,1
edge_get,86,-1
cloud_get,86,1
cloud_get,86,-1
edge_get,86,1
edge_get,86,-1
cloud_get,86,1
cloud_get,86,-1
edge_get,86,1
edge_get,86,-1
cloud_get,86,1
cloud_get,86,-1
edge_get,86,1
edge_get,86,-1
cloud_get,86,1
cloud_get,86,-1
edge_get,86,1
edge_get,86,-1
cloud_get,86,1
cloud_get,86,-1
edge_get,87,1
edge_get,87,-1
cloud_get,87,1
cloud_get,87,-1
edge_get,87,1
edge_get,87,-1
cloud_get,87,1
cloud_get,87,-1
edge_get,87,1
edge_get,87,-1
cloud_get,87,1
cloud_get,87,-1
edge_get,87,1
edge_get,87,-1
cloud_get,87,1
cloud_get,87,-1
edge_get,87,1
edge_get,87,-1
cloud_get,87,1
cloud_get,87,-1
edge_get,87,1
edge_get,87,-1
cloud_get,87,1
cloud_get,87,-1
edge_get,87,1
edge_get,87,-1
cloud_get,87,1
cloud_get,87,-1
edge_get,87,1
edge_get,87,-1
cloud_get,87,1
cloud_get,87,-1
edge_get,87,1
edge_get,87,-1
cloud_get,87,1
cloud_get,87,-1
edge_get,87,1
edge_get,87,-1
cloud_get,87,1
cloud_get,87,-1
edge_get,87,1
edge_get,87,-1
cloud_get,87,1
cloud_get,87,-1
edge_get,87,1
edge_get,87,-1
cloud_get,87,1
cloud_get,87,-1
edge_get,87,1
edge_get,87,-1
cloud_get,87,1
cloud_get,87,-1
edge_get,87,1
edge_get,87,-1
cloud_get,87,1
cloud_get,87,-1
edge_get,87,1
edge_get,87,-1
cloud_get,87,1
cloud_get,87,-1
edge_get,87,1
edge_get,87,-1
cloud_get,87,1
cloud_get,87,-1
edge_get,87,1
edge_get,87,-1
cloud_get,87,1
cloud_get,87,-1
edge_get,87,1
edge_get,87,-1
cloud_get,87,1
cloud_get,87,-1
edge_get,87,1
edge_get,87,-1
cloud_get,87,1
cloud_get,87,-1
edge_get,87,1
edge_get,87,-1
cloud_get,87,1
cloud_get,87,-1
edge_get,87,1
edge_get,87,-1
cloud_get,87,1
cloud_get,87,-1
edge_get,87,1
edge_get,87,-1
cloud_get,87,1
cloud_get,87,-1
edge_get,87,1
edge_get,87,-1
cloud_get,87,1
cloud_get,87,-1
edge_get,87,1
edge_get,87,-1
cloud_get,87,1
cloud_get,87,-1
edge_get,87,1
edge_get,87,-1
cloud_get,87,1
cloud_get,87,-1
edge_get,87,1
edge_get,87,-1
cloud_get,87,1
cloud_get,87,-1
edge_get,87,1
edge_get,87,-1
cloud_get,87,1
cloud_get,87,-1
edge_get,87,1
edge_get,87,-1
cloud_get,87,1
cloud_get,87,-1
edge_get,88,1
edge_get,88,-1
cloud_get,88,1
cloud_get,88,-1
edge_get,88,1
edge_get,88,-1
cloud_get,88,1
cloud_get,88,-1
edge_get,88,1
edge_get,88,-1
cloud_get,88,1
cloud_get,88,-1
edge_get,88,1
edge_get,88,-1
cloud_get,88,1
cloud_get,88,-1
edge_get,88,1
edge_get,88,-1
cloud_get,88,1
cloud_get,88,-1
edge_get,88,1
edge_get,88,-1
cloud_get,88,1
cloud_get,88,-1
edge_get,88,1
edge_get,88,-1
cloud_get,88,1
cloud_get,88,-1
edge_get,88,1
edge_get,88,-1
cloud_get,88,1
cloud_get,88,-1
edge_get,88,1
edge_get,88,-1
cloud_get,88,1
cloud_get,88,-1
edge_get,88,1
edge_get,88,-1
cloud_get,88,1
cloud_get,88,-1
edge_get,88,1
edge_get,88,-1
cloud_get,88,1
cloud_get,88,-1
edge_get,88,1
edge_get,88,-1
cloud_get,88,1
cloud_get,88,-1
edge_get,88,1
edge_get,88,-1
cloud_get,88,1
cloud_get,88,-1
edge_get,88,1
edge_get,88,-1
cloud_get,88,1
cloud_get,88,-1
edge_get,88,1
edge_get,88,-1
cloud_get,88,1
cloud_get,88,-1
edge_get,88,1
edge_get,88,-1
cloud_get,88,1
cloud_get,88,-1
edge_get,88,1
edge_get,88,-1
cloud_get,88,1
cloud_get,88,-1
edge_get,89,1
edge_get,89,-1
cloud_get,89,1
cloud_get,89,-1
edge_get,89,1
edge_get,89,-1
cloud_get,89,1
cloud_get,89,-1
edge_get,89,1
edge_get,89,-1
cloud_get,89,1
cloud_get,89,-1
edge_get,89,1
edge_get,89,-1
cloud_get,89,1
cloud_get,89,-1
edge_get,89,1
edge_get,89,-1
cloud_get,89,1
cloud_get,89,-1
edge_get,89,1
edge_get,89,-1
cloud_get,89,1
cloud_get,89,-1
edge_get,89,1
edge_get,89,-1
cloud_get,89,1
cloud_get,89,-1
edge_get,89,1
edge_get,89,-1
cloud_get,89,1
cloud_get,89,-1
edge_get,89,1
edge_get,89,-1
cloud_get,89,1
cloud_get,89,-1
edge_get,89,1
edge_get,89,-1
cloud_get,89,1
cloud_get,89,-1
edge_get,89,1
edge_get,89,-1
cloud_get,89,1
cloud_get,89,-1
edge_get,89,1
edge_get,89,-1
cloud_get,89,1
cloud_get,89,-1
edge_get,89,1
edge_get,89,-1
cloud_get,89,1
cloud_get,89,-1
edge_get,89,1
edge_get,89,-1
cloud_get,89,1
cloud_get,89,-1
edge_get,89,1
edge_get,89,-1
cloud_get,89,1
cloud_get,89,-1
edge_get,89,1
edge_get,89,-1
cloud_get,89,1
cloud_get,89,-1
edge_get,89,1
edge_get,89,-1
cloud_get,89,1
cloud_get,89,-1
edge_get,89,1
edge_get,89,-1
cloud_get,89,1
cloud_get,89,-1
edge_get,89,1
edge_get,89,-1
cloud_get,89,1
cloud_get,89,-1
edge_get,89,1
edge_get,89,-1
cloud_get,89,1
cloud_get,89,-1
edge_get,89,1
edge_get,89,-1
cloud_get,89,1
cloud_get,89,-1
edge_get,89,1
edge_get,89,-1
cloud_get,89,1
cloud_get,89,-1
edge_get,89,1
edge_get,89,-1
cloud_get,89,1
cloud_get,89,-1
edge_get,89,1
edge_get,89,-1
cloud_get,89,1
cloud_get,89,-1
edge_get,89,1
edge_get,89,-1
cloud_get,89,1
cloud_get,90,-1
edge_get,90,1
edge_get,90,-1
cloud_get,90,1
cloud_get,90,-1
edge_get,90,1
edge_get,90,-1
cloud_get,90,1
cloud_get,90,-1
edge_get,90,1
edge_get,90,-1
cloud_get,90,1
cloud_get,90,-1
edge_get,90,1
edge_get,90,-1
cloud_get,90,1
cloud_get,90,-1
edge_get,90,1
edge_get,90,-1
cloud_get,90,1
cloud_get,90,-1
edge_get,90,1
edge_get,90,-1
cloud_get,90,1
cloud_get,90,-1
edge_get,90,1
edge_get,90,-1
cloud_get,90,1
cloud_get,90,-1
edge_get,90,1
edge_get,90,-1
cloud_get,90,1
cloud_get,90,-1
edge_get,90,1
edge_get,90,-1
cloud_get,90,1
cloud_get,90,-1
