elapsed_sec,container_name,cpu_percent,mem_used,mem_limit,mem_percent
0.087,edge3-edge3-api-1,0.23,328.4MiB,2.5GiB,12.83
0.191,edge3-edge3-mysql-1,0.33,376.3MiB,1GiB,36.75
0.286,edge3-edge3-minio-1,0.05,220.4MiB,2GiB,10.76
0.378,edge2-edge2-api-1,0.29,316.5MiB,2.5GiB,12.36
0.476,edge2-edge2-mysql-1,0.36,376.4MiB,1GiB,36.75
0.582,edge2-edge2-minio-1,0.06,223.2MiB,2GiB,10.90
0.679,edge1-edge1-api-1,0.30,336.5MiB,2.5GiB,13.15
0.785,edge1-edge1-minio-1,0.05,220.3MiB,2GiB,10.75
0.875,edge1-edge1-mysql-1,0.37,376.3MiB,1GiB,36.75
0.968,cloud_api_poc1,0.15,53.96MiB,2GiB,2.64
1.075,cloud_minio_poc1,0.05,222.3MiB,1GiB,21.71
1.192,cloud_mysql_poc1,0.43,367.8MiB,512MiB,71.84
1.282,edge3-edge3-api-1,0.23,328.4MiB,2.5GiB,12.83 
1.387,edge3-edge3-mysql-1,0.33,376.3MiB,1GiB,36.75 
1.494,edge3-edge3-minio-1,0.05,220.4MiB,2GiB,10.76 
1.592,edge2-edge2-api-1,0.29,316.5MiB,2.5GiB,12.36 
1.687,edge2-edge2-mysql-1,0.36,376.4MiB,1GiB,36.75 
1.784,edge2-edge2-minio-1,0.06,223.2MiB,2GiB,10.90 
1.877,edge1-edge1-api-1,0.30,336.5MiB,2.5GiB,13.15 
1.976,edge1-edge1-minio-1,0.05,220.3MiB,2GiB,10.75 
2.093,edge1-edge1-mysql-1,0.37,376.3MiB,1GiB,36.75 
2.186,cloud_api_poc1,0.15,53.96MiB,2GiB,2.64 
2.274,cloud_minio_poc1,0.05,222.3MiB,1GiB,21.71 
2.381,cloud_mysql_poc1,0.43,367.8MiB,512MiB,71.84 
2.480, ,,,,
2.572,edge3-edge3-api-1,0.23,328.4MiB,2.5GiB,12.83
2.670,edge3-edge3-mysql-1,0.33,376.3MiB,1GiB,36.75
2.763,edge3-edge3-minio-1,0.05,220.4MiB,2GiB,10.76
2.864,edge2-edge2-api-1,0.29,316.5MiB,2.5GiB,12.36
2.960,edge2-edge2-mysql-1,0.36,376.4MiB,1GiB,36.75
3.071,edge2-edge2-minio-1,0.06,223.2MiB,2GiB,10.90
3.187,edge1-edge1-api-1,0.30,336.5MiB,2.5GiB,13.15
3.293,edge1-edge1-minio-1,0.05,220.3MiB,2GiB,10.75
3.391,edge1-edge1-mysql-1,0.37,376.3MiB,1GiB,36.75
3.500,cloud_api_poc1,0.15,53.96MiB,2GiB,2.64
3.597,cloud_minio_poc1,0.05,222.3MiB,1GiB,21.71
3.688,cloud_mysql_poc1,0.43,367.8MiB,512MiB,71.84
3.794,edge3-edge3-api-1,0.23,328.4MiB,2.5GiB,12.83 
3.894,edge3-edge3-mysql-1,0.33,376.3MiB,1GiB,36.75 
3.989,edge3-edge3-minio-1,0.05,220.4MiB,2GiB,10.76 
4.107,edge2-edge2-api-1,0.29,316.5MiB,2.5GiB,12.36 
4.194,edge2-edge2-mysql-1,0.36,376.4MiB,1GiB,36.75 
4.284,edge2-edge2-minio-1,0.06,223.2MiB,2GiB,10.90 
4.389,edge1-edge1-api-1,0.30,336.5MiB,2.5GiB,13.15 
4.498,edge1-edge1-minio-1,0.05,220.3MiB,2GiB,10.75 
4.583,edge1-edge1-mysql-1,0.37,376.3MiB,1GiB,36.75 
4.678,cloud_api_poc1,0.15,53.96MiB,2GiB,2.64 
4.780,cloud_minio_poc1,0.05,222.3MiB,1GiB,21.71 
4.888,cloud_mysql_poc1,0.43,367.8MiB,512MiB,71.84 
5.004, ,,,,
5.120,edge3-edge3-api-1,39.85,337.1MiB,2.5GiB,13.17
5.202,edge3-edge3-mysql-1,0.45,376.3MiB,1GiB,36.75
5.289,edge3-edge3-minio-1,2.69,228.5MiB,2GiB,11.16
5.426,edge2-edge2-api-1,36.38,325.8MiB,2.5GiB,12.73
5.527,edge2-edge2-mysql-1,1.31,376.3MiB,1GiB,36.75
5.636,edge2-edge2-minio-1,3.04,231.3MiB,2GiB,11.30
5.734,edge1-edge1-api-1,40.07,348.4MiB,2.5GiB,13.61
5.831,edge1-edge1-minio-1,2.96,230.4MiB,2GiB,11.25
5.928,edge1-edge1-mysql-1,0.42,376.3MiB,1GiB,36.75
6.022,cloud_api_poc1,45.27,81.67MiB,2GiB,3.99
6.112,cloud_minio_poc1,7.94,270.9MiB,1GiB,26.46
6.204,cloud_mysql_poc1,0.42,367.8MiB,512MiB,71.84
6.303,edge3-edge3-api-1,39.85,337.1MiB,2.5GiB,13.17 
6.433,edge3-edge3-mysql-1,0.45,376.3MiB,1GiB,36.75 
6.538,edge3-edge3-minio-1,2.69,228.5MiB,2GiB,11.16 
6.642,edge2-edge2-api-1,36.38,325.8MiB,2.5GiB,12.73 
6.767,edge2-edge2-mysql-1,1.31,376.3MiB,1GiB,36.75 
6.864,edge2-edge2-minio-1,3.04,231.3MiB,2GiB,11.30 
6.969,edge1-edge1-api-1,40.07,348.4MiB,2.5GiB,13.61 
7.071,edge1-edge1-minio-1,2.96,230.4MiB,2GiB,11.25 
7.165,edge1-edge1-mysql-1,0.42,376.3MiB,1GiB,36.75 
7.264,cloud_api_poc1,45.27,81.67MiB,2GiB,3.99 
7.358,cloud_minio_poc1,7.94,270.9MiB,1GiB,26.46 
7.472,cloud_mysql_poc1,0.42,367.8MiB,512MiB,71.84 
7.582, ,,,,
7.691,edge3-edge3-api-1,39.85,337.1MiB,2.5GiB,13.17
7.783,edge3-edge3-mysql-1,0.45,376.3MiB,1GiB,36.75
7.876,edge3-edge3-minio-1,2.69,228.5MiB,2GiB,11.16
8.000,edge2-edge2-api-1,36.38,325.8MiB,2.5GiB,12.73
8.112,edge2-edge2-mysql-1,1.31,376.3MiB,1GiB,36.75
8.193,edge2-edge2-minio-1,3.04,231.3MiB,2GiB,11.30
8.292,edge1-edge1-api-1,40.07,348.4MiB,2.5GiB,13.61
8.392,edge1-edge1-minio-1,2.96,230.4MiB,2GiB,11.25
8.497,edge1-edge1-mysql-1,0.42,376.3MiB,1GiB,36.75
8.576,cloud_api_poc1,45.27,81.67MiB,2GiB,3.99
8.669,cloud_minio_poc1,7.94,270.9MiB,1GiB,26.46
8.780,cloud_mysql_poc1,0.42,367.8MiB,512MiB,71.84
8.887,edge3-edge3-api-1,39.85,337.1MiB,2.5GiB,13.17 
8.981,edge3-edge3-mysql-1,0.45,376.3MiB,1GiB,36.75 
9.079,edge3-edge3-minio-1,2.69,228.5MiB,2GiB,11.16 
9.184,edge2-edge2-api-1,36.38,325.8MiB,2.5GiB,12.73 
9.279,edge2-edge2-mysql-1,1.31,376.3MiB,1GiB,36.75 
9.378,edge2-edge2-minio-1,3.04,231.3MiB,2GiB,11.30 
9.479,edge1-edge1-api-1,40.07,348.4MiB,2.5GiB,13.61 
9.579,edge1-edge1-minio-1,2.96,230.4MiB,2GiB,11.25 
9.677,edge1-edge1-mysql-1,0.42,376.3MiB,1GiB,36.75 
9.788,cloud_api_poc1,45.27,81.67MiB,2GiB,3.99 
9.913,cloud_minio_poc1,7.94,270.9MiB,1GiB,26.46 
10.014,cloud_mysql_poc1,0.42,367.8MiB,512MiB,71.84 
10.107, ,,,,
10.204,edge3-edge3-api-1,57.76,349.8MiB,2.5GiB,13.67
10.290,edge3-edge3-mysql-1,0.75,376.3MiB,1GiB,36.75
10.396,edge3-edge3-minio-1,2.62,238.6MiB,2GiB,11.65
10.538,edge2-edge2-api-1,45.74,334.4MiB,2.5GiB,13.06
10.642,edge2-edge2-mysql-1,0.41,376.3MiB,1GiB,36.75
10.749,edge2-edge2-minio-1,2.81,241.6MiB,2GiB,11.80
10.852,edge1-edge1-api-1,45.76,356.4MiB,2.5GiB,13.92
10.949,edge1-edge1-minio-1,3.51,240.9MiB,2GiB,11.76
11.053,edge1-edge1-mysql-1,0.36,376.3MiB,1GiB,36.75
11.156,cloud_api_poc1,51.76,107.4MiB,2GiB,5.25
11.253,cloud_minio_poc1,9.59,318.2MiB,1GiB,31.07
11.346,cloud_mysql_poc1,0.41,367.8MiB,512MiB,71.84
11.441,edge3-edge3-api-1,57.76,349.8MiB,2.5GiB,13.67 
11.545,edge3-edge3-mysql-1,0.75,376.3MiB,1GiB,36.75 
11.647,edge3-edge3-minio-1,2.62,238.6MiB,2GiB,11.65 
11.754,edge2-edge2-api-1,45.74,334.4MiB,2.5GiB,13.06 
11.855,edge2-edge2-mysql-1,0.41,376.3MiB,1GiB,36.75 
11.957,edge2-edge2-minio-1,2.81,241.6MiB,2GiB,11.80 
12.068,edge1-edge1-api-1,45.76,356.4MiB,2.5GiB,13.92 
12.189,edge1-edge1-minio-1,3.51,240.9MiB,2GiB,11.76 
12.289,edge1-edge1-mysql-1,0.36,376.3MiB,1GiB,36.75 
12.387,cloud_api_poc1,51.76,107.4MiB,2GiB,5.25 
12.484,cloud_minio_poc1,9.59,318.2MiB,1GiB,31.07 
12.581,cloud_mysql_poc1,0.41,367.8MiB,512MiB,71.84 
12.682, ,,,,
12.791,edge3-edge3-api-1,57.76,349.8MiB,2.5GiB,13.67
12.887,edge3-edge3-mysql-1,0.75,376.3MiB,1GiB,36.75
12.984,edge3-edge3-minio-1,2.62,238.6MiB,2GiB,11.65
13.103,edge2-edge2-api-1,45.74,334.4MiB,2.5GiB,13.06
13.208,edge2-edge2-mysql-1,0.41,376.3MiB,1GiB,36.75
13.296,edge2-edge2-minio-1,2.81,241.6MiB,2GiB,11.80
13.389,edge1-edge1-api-1,45.76,356.4MiB,2.5GiB,13.92
13.506,edge1-edge1-minio-1,3.51,240.9MiB,2GiB,11.76
13.613,edge1-edge1-mysql-1,0.36,376.3MiB,1GiB,36.75
13.762,cloud_api_poc1,51.76,107.4MiB,2GiB,5.25
13.855,cloud_minio_poc1,9.59,318.2MiB,1GiB,31.07
13.933,cloud_mysql_poc1,0.41,367.8MiB,512MiB,71.84
14.008,edge3-edge3-api-1,57.76,349.8MiB,2.5GiB,13.67 
14.082,edge3-edge3-mysql-1,0.75,376.3MiB,1GiB,36.75 
14.205,edge3-edge3-minio-1,2.62,238.6MiB,2GiB,11.65 
14.306,edge2-edge2-api-1,45.74,334.4MiB,2.5GiB,13.06 
14.413,edge2-edge2-mysql-1,0.41,376.3MiB,1GiB,36.75 
14.519,edge2-edge2-minio-1,2.81,241.6MiB,2GiB,11.80 
14.612,edge1-edge1-api-1,45.76,356.4MiB,2.5GiB,13.92 
14.696,edge1-edge1-minio-1,3.51,240.9MiB,2GiB,11.76 
14.800,edge1-edge1-mysql-1,0.36,376.3MiB,1GiB,36.75 
14.925,cloud_api_poc1,51.76,107.4MiB,2GiB,5.25 
15.013,cloud_minio_poc1,9.59,318.2MiB,1GiB,31.07 
15.112,cloud_mysql_poc1,0.41,367.8MiB,512MiB,71.84 
15.213, ,,,,
15.314,edge3-edge3-api-1,51.29,355.9MiB,2.5GiB,13.90
15.411,edge3-edge3-mysql-1,1.06,376.3MiB,1GiB,36.75
15.517,edge3-edge3-minio-1,2.65,257.2MiB,2GiB,12.56
15.610,edge2-edge2-api-1,38.81,341.2MiB,2.5GiB,13.33
15.711,edge2-edge2-mysql-1,0.35,376.3MiB,1GiB,36.75
15.792,edge2-edge2-minio-1,2.71,252.9MiB,2GiB,12.35
15.888,edge1-edge1-api-1,43.46,363.3MiB,2.5GiB,14.19
15.982,edge1-edge1-minio-1,2.70,256MiB,2GiB,12.50
16.077,edge1-edge1-mysql-1,0.36,376.3MiB,1GiB,36.75
16.179,cloud_api_poc1,50.93,123.1MiB,2GiB,6.01
16.282,cloud_minio_poc1,11.57,357MiB,1GiB,34.86
16.399,cloud_mysql_poc1,1.27,367.8MiB,512MiB,71.84
16.486,edge3-edge3-api-1,51.29,355.9MiB,2.5GiB,13.90 
16.586,edge3-edge3-mysql-1,1.06,376.3MiB,1GiB,36.75 
16.674,edge3-edge3-minio-1,2.65,257.2MiB,2GiB,12.56 
16.793,edge2-edge2-api-1,38.81,341.2MiB,2.5GiB,13.33 
16.890,edge2-edge2-mysql-1,0.35,376.3MiB,1GiB,36.75 
16.981,edge2-edge2-minio-1,2.71,252.9MiB,2GiB,12.35 
17.082,edge1-edge1-api-1,43.46,363.3MiB,2.5GiB,14.19 
17.182,edge1-edge1-minio-1,2.70,256MiB,2GiB,12.50 
17.330,edge1-edge1-mysql-1,0.36,376.3MiB,1GiB,36.75 
17.421,cloud_api_poc1,50.93,123.1MiB,2GiB,6.01 
17.520,cloud_minio_poc1,11.57,357MiB,1GiB,34.86 
17.618,cloud_mysql_poc1,1.27,367.8MiB,512MiB,71.84 
17.722, ,,,,
17.816,edge3-edge3-api-1,51.29,355.9MiB,2.5GiB,13.90
17.910,edge3-edge3-mysql-1,1.06,376.3MiB,1GiB,36.75
18.024,edge3-edge3-minio-1,2.65,257.2MiB,2GiB,12.56
18.111,edge2-edge2-api-1,38.81,341.2MiB,2.5GiB,13.33
18.242,edge2-edge2-mysql-1,0.35,376.3MiB,1GiB,36.75
18.348,edge2-edge2-minio-1,2.71,252.9MiB,2GiB,12.35
18.451,edge1-edge1-api-1,43.46,363.3MiB,2.5GiB,14.19
18.570,edge1-edge1-minio-1,2.70,256MiB,2GiB,12.50
18.678,edge1-edge1-mysql-1,0.36,376.3MiB,1GiB,36.75
18.771,cloud_api_poc1,50.93,123.1MiB,2GiB,6.01
18.849,cloud_minio_poc1,11.57,357MiB,1GiB,34.86
18.934,cloud_mysql_poc1,1.27,367.8MiB,512MiB,71.84
19.027,edge3-edge3-api-1,51.29,355.9MiB,2.5GiB,13.90 
19.147,edge3-edge3-mysql-1,1.06,376.3MiB,1GiB,36.75 
19.256,edge3-edge3-minio-1,2.65,257.2MiB,2GiB,12.56 
19.380,edge2-edge2-api-1,38.81,341.2MiB,2.5GiB,13.33 
19.475,edge2-edge2-mysql-1,0.35,376.3MiB,1GiB,36.75 
19.585,edge2-edge2-minio-1,2.71,252.9MiB,2GiB,12.35 
19.704,edge1-edge1-api-1,43.46,363.3MiB,2.5GiB,14.19 
19.791,edge1-edge1-minio-1,2.70,256MiB,2GiB,12.50 
19.881,edge1-edge1-mysql-1,0.36,376.3MiB,1GiB,36.75 
20.013,cloud_api_poc1,50.93,123.1MiB,2GiB,6.01 
20.127,cloud_minio_poc1,11.57,357MiB,1GiB,34.86 
20.210,cloud_mysql_poc1,1.27,367.8MiB,512MiB,71.84 
20.305, ,,,,
20.407,edge3-edge3-api-1,56.71,363.7MiB,2.5GiB,14.21
20.510,edge3-edge3-mysql-1,0.42,376.3MiB,1GiB,36.75
20.628,edge3-edge3-minio-1,3.28,275.2MiB,2GiB,13.44
20.744,edge2-edge2-api-1,45.17,349.2MiB,2.5GiB,13.64
20.850,edge2-edge2-mysql-1,0.41,376.3MiB,1GiB,36.75
20.945,edge2-edge2-minio-1,3.79,271.5MiB,2GiB,13.26
21.045,edge1-edge1-api-1,49.49,369.3MiB,2.5GiB,14.43
21.140,edge1-edge1-minio-1,4.42,279.4MiB,2GiB,13.64
21.258,edge1-edge1-mysql-1,1.09,376.3MiB,1GiB,36.75
21.369,cloud_api_poc1,51.36,133.3MiB,2GiB,6.51
21.468,cloud_minio_poc1,7.58,358.2MiB,1GiB,34.98
21.561,cloud_mysql_poc1,0.36,367.8MiB,512MiB,71.84
21.685,edge3-edge3-api-1,56.71,363.7MiB,2.5GiB,14.21 
21.784,edge3-edge3-mysql-1,0.42,376.3MiB,1GiB,36.75 
21.876,edge3-edge3-minio-1,3.28,275.2MiB,2GiB,13.44 
21.965,edge2-edge2-api-1,45.17,349.2MiB,2.5GiB,13.64 
22.074,edge2-edge2-mysql-1,0.41,376.3MiB,1GiB,36.75 
22.176,edge2-edge2-minio-1,3.79,271.5MiB,2GiB,13.26 
22.283,edge1-edge1-api-1,49.49,369.3MiB,2.5GiB,14.43 
22.377,edge1-edge1-minio-1,4.42,279.4MiB,2GiB,13.64 
22.476,edge1-edge1-mysql-1,1.09,376.3MiB,1GiB,36.75 
22.567,cloud_api_poc1,51.36,133.3MiB,2GiB,6.51 
22.669,cloud_minio_poc1,7.58,358.2MiB,1GiB,34.98 
22.776,cloud_mysql_poc1,0.36,367.8MiB,512MiB,71.84 
22.877, ,,,,
22.991,edge3-edge3-api-1,56.71,363.7MiB,2.5GiB,14.21
23.082,edge3-edge3-mysql-1,0.42,376.3MiB,1GiB,36.75
23.215,edge3-edge3-minio-1,3.28,275.2MiB,2GiB,13.44
23.307,edge2-edge2-api-1,45.17,349.2MiB,2.5GiB,13.64
23.402,edge2-edge2-mysql-1,0.41,376.3MiB,1GiB,36.75
23.477,edge2-edge2-minio-1,3.79,271.5MiB,2GiB,13.26
23.559,edge1-edge1-api-1,49.49,369.3MiB,2.5GiB,14.43
23.635,edge1-edge1-minio-1,4.42,279.4MiB,2GiB,13.64
23.717,edge1-edge1-mysql-1,1.09,376.3MiB,1GiB,36.75
23.843,cloud_api_poc1,51.36,133.3MiB,2GiB,6.51
23.944,cloud_minio_poc1,7.58,358.2MiB,1GiB,34.98
24.035,cloud_mysql_poc1,0.36,367.8MiB,512MiB,71.84
24.134,edge3-edge3-api-1,56.71,363.7MiB,2.5GiB,14.21 
24.215,edge3-edge3-mysql-1,0.42,376.3MiB,1GiB,36.75 
24.304,edge3-edge3-minio-1,3.28,275.2MiB,2GiB,13.44 
24.386,edge2-edge2-api-1,45.17,349.2MiB,2.5GiB,13.64 
24.486,edge2-edge2-mysql-1,0.41,376.3MiB,1GiB,36.75 
24.587,edge2-edge2-minio-1,3.79,271.5MiB,2GiB,13.26 
24.713,edge1-edge1-api-1,49.49,369.3MiB,2.5GiB,14.43 
24.794,edge1-edge1-minio-1,4.42,279.4MiB,2GiB,13.64 
24.894,edge1-edge1-mysql-1,1.09,376.3MiB,1GiB,36.75 
24.985,cloud_api_poc1,51.36,133.3MiB,2GiB,6.51 
25.086,cloud_minio_poc1,7.58,358.2MiB,1GiB,34.98 
25.181,cloud_mysql_poc1,0.36,367.8MiB,512MiB,71.84 
25.273, ,,,,
25.394,edge3-edge3-api-1,60.23,367.3MiB,2.5GiB,14.35
25.485,edge3-edge3-mysql-1,0.33,376.3MiB,1GiB,36.75
25.586,edge3-edge3-minio-1,2.47,285.2MiB,2GiB,13.92
25.684,edge2-edge2-api-1,42.24,354MiB,2.5GiB,13.83
25.823,edge2-edge2-mysql-1,0.34,376.3MiB,1GiB,36.75
25.912,edge2-edge2-minio-1,2.06,280.2MiB,2GiB,13.68
26.014,edge1-edge1-api-1,49.94,377.6MiB,2.5GiB,14.75
26.111,edge1-edge1-minio-1,3.79,297.8MiB,2GiB,14.54
26.223,edge1-edge1-mysql-1,0.43,376.3MiB,1GiB,36.75
26.330,cloud_api_poc1,51.31,144.7MiB,2GiB,7.06
26.447,cloud_minio_poc1,8.24,360.2MiB,1GiB,35.18
26.545,cloud_mysql_poc1,0.37,367.8MiB,512MiB,71.84
26.646,edge3-edge3-api-1,60.23,367.3MiB,2.5GiB,14.35 
26.762,edge3-edge3-mysql-1,0.33,376.3MiB,1GiB,36.75 
26.858,edge3-edge3-minio-1,2.47,285.2MiB,2GiB,13.92 
26.952,edge2-edge2-api-1,42.24,354MiB,2.5GiB,13.83 
27.054,edge2-edge2-mysql-1,0.34,376.3MiB,1GiB,36.75 
27.167,edge2-edge2-minio-1,2.06,280.2MiB,2GiB,13.68 
27.267,edge1-edge1-api-1,49.94,377.6MiB,2.5GiB,14.75 
27.369,edge1-edge1-minio-1,3.79,297.8MiB,2GiB,14.54 
27.473,edge1-edge1-mysql-1,0.43,376.3MiB,1GiB,36.75 
27.569,cloud_api_poc1,51.31,144.7MiB,2GiB,7.06 
27.670,cloud_minio_poc1,8.24,360.2MiB,1GiB,35.18 
27.758,cloud_mysql_poc1,0.37,367.8MiB,512MiB,71.84 
27.861, ,,,,
27.950,edge3-edge3-api-1,60.23,367.3MiB,2.5GiB,14.35
28.044,edge3-edge3-mysql-1,0.33,376.3MiB,1GiB,36.75
28.161,edge3-edge3-minio-1,2.47,285.2MiB,2GiB,13.92
28.254,edge2-edge2-api-1,42.24,354MiB,2.5GiB,13.83
28.378,edge2-edge2-mysql-1,0.34,376.3MiB,1GiB,36.75
28.487,edge2-edge2-minio-1,2.06,280.2MiB,2GiB,13.68
28.599,edge1-edge1-api-1,49.94,377.6MiB,2.5GiB,14.75
28.728,edge1-edge1-minio-1,3.79,297.8MiB,2GiB,14.54
28.825,edge1-edge1-mysql-1,0.43,376.3MiB,1GiB,36.75
28.906,cloud_api_poc1,51.31,144.7MiB,2GiB,7.06
28.984,cloud_minio_poc1,8.24,360.2MiB,1GiB,35.18
29.062,cloud_mysql_poc1,0.37,367.8MiB,512MiB,71.84
29.138,edge3-edge3-api-1,60.23,367.3MiB,2.5GiB,14.35 
29.216,edge3-edge3-mysql-1,0.33,376.3MiB,1GiB,36.75 
29.317,edge3-edge3-minio-1,2.47,285.2MiB,2GiB,13.92 
29.414,edge2-edge2-api-1,42.24,354MiB,2.5GiB,13.83 
29.530,edge2-edge2-mysql-1,0.34,376.3MiB,1GiB,36.75 
29.646,edge2-edge2-minio-1,2.06,280.2MiB,2GiB,13.68 
29.751,edge1-edge1-api-1,49.94,377.6MiB,2.5GiB,14.75 
29.841,edge1-edge1-minio-1,3.79,297.8MiB,2GiB,14.54 
29.934,edge1-edge1-mysql-1,0.43,376.3MiB,1GiB,36.75 
30.040,cloud_api_poc1,51.31,144.7MiB,2GiB,7.06 
30.144,cloud_minio_poc1,8.24,360.2MiB,1GiB,35.18 
30.231,cloud_mysql_poc1,0.37,367.8MiB,512MiB,71.84 
30.311, ,,,,
30.389,edge3-edge3-api-1,55.14,376.8MiB,2.5GiB,14.72
30.506,edge3-edge3-mysql-1,0.41,376.3MiB,1GiB,36.75
30.603,edge3-edge3-minio-1,3.43,309.4MiB,2GiB,15.11
30.717,edge2-edge2-api-1,36.74,359.2MiB,2.5GiB,14.03
30.807,edge2-edge2-mysql-1,1.23,376.4MiB,1GiB,36.75
30.928,edge2-edge2-minio-1,2.52,291.8MiB,2GiB,14.25
31.022,edge1-edge1-api-1,42.17,383.4MiB,2.5GiB,14.97
31.111,edge1-edge1-minio-1,2.43,303.5MiB,2GiB,14.82
31.191,edge1-edge1-mysql-1,0.36,376.3MiB,1GiB,36.75
31.292,cloud_api_poc1,51.62,157.7MiB,2GiB,7.70
31.387,cloud_minio_poc1,7.87,366.2MiB,1GiB,35.76
31.482,cloud_mysql_poc1,0.35,367.8MiB,512MiB,71.84
31.591,edge3-edge3-api-1,55.14,376.8MiB,2.5GiB,14.72 
31.699,edge3-edge3-mysql-1,0.41,376.3MiB,1GiB,36.75 
31.802,edge3-edge3-minio-1,3.43,309.4MiB,2GiB,15.11 
31.888,edge2-edge2-api-1,36.74,359.2MiB,2.5GiB,14.03 
31.987,edge2-edge2-mysql-1,1.23,376.4MiB,1GiB,36.75 
32.082,edge2-edge2-minio-1,2.52,291.8MiB,2GiB,14.25 
32.187,edge1-edge1-api-1,42.17,383.4MiB,2.5GiB,14.97 
32.316,edge1-edge1-minio-1,2.43,303.5MiB,2GiB,14.82 
32.418,edge1-edge1-mysql-1,0.36,376.3MiB,1GiB,36.75 
32.503,cloud_api_poc1,51.62,157.7MiB,2GiB,7.70 
32.614,cloud_minio_poc1,7.87,366.2MiB,1GiB,35.76 
32.693,cloud_mysql_poc1,0.35,367.8MiB,512MiB,71.84 
32.835, ,,,,
32.943,edge3-edge3-api-1,55.14,376.8MiB,2.5GiB,14.72
33.042,edge3-edge3-mysql-1,0.41,376.3MiB,1GiB,36.75
33.155,edge3-edge3-minio-1,3.43,309.4MiB,2GiB,15.11
33.254,edge2-edge2-api-1,36.74,359.2MiB,2.5GiB,14.03
33.350,edge2-edge2-mysql-1,1.23,376.4MiB,1GiB,36.75
33.443,edge2-edge2-minio-1,2.52,291.8MiB,2GiB,14.25
33.548,edge1-edge1-api-1,42.17,383.4MiB,2.5GiB,14.97
33.662,edge1-edge1-minio-1,2.43,303.5MiB,2GiB,14.82
33.772,edge1-edge1-mysql-1,0.36,376.3MiB,1GiB,36.75
33.880,cloud_api_poc1,51.62,157.7MiB,2GiB,7.70
33.972,cloud_minio_poc1,7.87,366.2MiB,1GiB,35.76
34.065,cloud_mysql_poc1,0.35,367.8MiB,512MiB,71.84
34.163,edge3-edge3-api-1,55.14,376.8MiB,2.5GiB,14.72 
34.263,edge3-edge3-mysql-1,0.41,376.3MiB,1GiB,36.75 
34.363,edge3-edge3-minio-1,3.43,309.4MiB,2GiB,15.11 
34.463,edge2-edge2-api-1,36.74,359.2MiB,2.5GiB,14.03 
34.559,edge2-edge2-mysql-1,1.23,376.4MiB,1GiB,36.75 
34.661,edge2-edge2-minio-1,2.52,291.8MiB,2GiB,14.25 
34.764,edge1-edge1-api-1,42.17,383.4MiB,2.5GiB,14.97 
34.866,edge1-edge1-minio-1,2.43,303.5MiB,2GiB,14.82 
34.964,edge1-edge1-mysql-1,0.36,376.3MiB,1GiB,36.75 
35.082,cloud_api_poc1,51.62,157.7MiB,2GiB,7.70 
35.211,cloud_minio_poc1,7.87,366.2MiB,1GiB,35.76 
35.317,cloud_mysql_poc1,0.35,367.8MiB,512MiB,71.84 
35.402, ,,,,
35.504,edge3-edge3-api-1,58.15,383.8MiB,2.5GiB,14.99
35.611,edge3-edge3-mysql-1,0.38,376.3MiB,1GiB,36.75
35.696,edge3-edge3-minio-1,3.38,344.4MiB,2GiB,16.81
35.789,edge2-edge2-api-1,40.10,363.2MiB,2.5GiB,14.19
35.884,edge2-edge2-mysql-1,0.34,376.4MiB,1GiB,36.75
35.993,edge2-edge2-minio-1,2.59,300.4MiB,2GiB,14.67
36.077,edge1-edge1-api-1,44.73,389MiB,2.5GiB,15.20
36.204,edge1-edge1-minio-1,2.99,321.7MiB,2GiB,15.71
36.364,edge1-edge1-mysql-1,0.33,376.3MiB,1GiB,36.75
36.496,cloud_api_poc1,51.64,168.8MiB,2GiB,8.24
36.613,cloud_minio_poc1,8.24,392.2MiB,1GiB,38.30
36.713,cloud_mysql_poc1,0.37,367.8MiB,512MiB,71.84
36.804,edge3-edge3-api-1,58.15,383.8MiB,2.5GiB,14.99 
36.898,edge3-edge3-mysql-1,0.38,376.3MiB,1GiB,36.75 
37.023,edge3-edge3-minio-1,3.38,344.4MiB,2GiB,16.81 
37.112,edge2-edge2-api-1,40.10,363.2MiB,2.5GiB,14.19 
37.189,edge2-edge2-mysql-1,0.34,376.4MiB,1GiB,36.75 
37.286,edge2-edge2-minio-1,2.59,300.4MiB,2GiB,14.67 
37.381,edge1-edge1-api-1,44.73,389MiB,2.5GiB,15.20 
37.480,edge1-edge1-minio-1,2.99,321.7MiB,2GiB,15.71 
37.639,edge1-edge1-mysql-1,0.33,376.3MiB,1GiB,36.75 
37.731,cloud_api_poc1,51.64,168.8MiB,2GiB,8.24 
37.822,cloud_minio_poc1,8.24,392.2MiB,1GiB,38.30 
37.913,cloud_mysql_poc1,0.37,367.8MiB,512MiB,71.84 
38.004, ,,,,
38.100,edge3-edge3-api-1,58.15,383.8MiB,2.5GiB,14.99
38.212,edge3-edge3-mysql-1,0.38,376.3MiB,1GiB,36.75
38.299,edge3-edge3-minio-1,3.38,344.4MiB,2GiB,16.81
38.387,edge2-edge2-api-1,40.10,363.2MiB,2.5GiB,14.19
38.531,edge2-edge2-mysql-1,0.34,376.4MiB,1GiB,36.75
38.638,edge2-edge2-minio-1,2.59,300.4MiB,2GiB,14.67
38.760,edge1-edge1-api-1,44.73,389MiB,2.5GiB,15.20
38.869,edge1-edge1-minio-1,2.99,321.7MiB,2GiB,15.71
38.960,edge1-edge1-mysql-1,0.33,376.3MiB,1GiB,36.75
39.037,cloud_api_poc1,51.64,168.8MiB,2GiB,8.24
39.114,cloud_minio_poc1,8.24,392.2MiB,1GiB,38.30
39.188,cloud_mysql_poc1,0.37,367.8MiB,512MiB,71.84
39.263,edge3-edge3-api-1,58.15,383.8MiB,2.5GiB,14.99 
39.337,edge3-edge3-mysql-1,0.38,376.3MiB,1GiB,36.75 
39.409,edge3-edge3-minio-1,3.38,344.4MiB,2GiB,16.81 
39.512,edge2-edge2-api-1,40.10,363.2MiB,2.5GiB,14.19 
39.646,edge2-edge2-mysql-1,0.34,376.4MiB,1GiB,36.75 
39.753,edge2-edge2-minio-1,2.59,300.4MiB,2GiB,14.67 
39.861,edge1-edge1-api-1,44.73,389MiB,2.5GiB,15.20 
39.967,edge1-edge1-minio-1,2.99,321.7MiB,2GiB,15.71 
40.072,edge1-edge1-mysql-1,0.33,376.3MiB,1GiB,36.75 
40.257,cloud_api_poc1,51.64,168.8MiB,2GiB,8.24 
40.354,cloud_minio_poc1,8.24,392.2MiB,1GiB,38.30 
40.444,cloud_mysql_poc1,0.37,367.8MiB,512MiB,71.84 
40.549, ,,,,
40.662,edge3-edge3-api-1,54.32,388.1MiB,2.5GiB,15.16
40.779,edge3-edge3-mysql-1,1.18,376.3MiB,1GiB,36.75
40.887,edge3-edge3-minio-1,5.41,349.2MiB,2GiB,17.05
41.011,edge2-edge2-api-1,42.63,367.6MiB,2.5GiB,14.36
41.132,edge2-edge2-mysql-1,0.31,376.4MiB,1GiB,36.75
41.253,edge2-edge2-minio-1,2.96,311.4MiB,2GiB,15.21
41.337,edge1-edge1-api-1,48.66,392MiB,2.5GiB,15.31
41.431,edge1-edge1-minio-1,2.73,332.4MiB,2GiB,16.23
41.556,edge1-edge1-mysql-1,0.34,376.3MiB,1GiB,36.75
41.675,cloud_api_poc1,53.79,182.8MiB,2GiB,8.92
41.768,cloud_minio_poc1,11.54,413.2MiB,1GiB,40.35
41.923,cloud_mysql_poc1,1.05,367.8MiB,512MiB,71.84
42.044,edge3-edge3-api-1,54.32,388.1MiB,2.5GiB,15.16 
42.154,edge3-edge3-mysql-1,1.18,376.3MiB,1GiB,36.75 
42.279,edge3-edge3-minio-1,5.41,349.2MiB,2GiB,17.05 
42.372,edge2-edge2-api-1,42.63,367.6MiB,2.5GiB,14.36 
42.476,edge2-edge2-mysql-1,0.31,376.4MiB,1GiB,36.75 
42.563,edge2-edge2-minio-1,2.96,311.4MiB,2GiB,15.21 
42.662,edge1-edge1-api-1,48.66,392MiB,2.5GiB,15.31 
42.774,edge1-edge1-minio-1,2.73,332.4MiB,2GiB,16.23 
42.866,edge1-edge1-mysql-1,0.34,376.3MiB,1GiB,36.75 
42.964,cloud_api_poc1,53.79,182.8MiB,2GiB,8.92 
43.073,cloud_minio_poc1,11.54,413.2MiB,1GiB,40.35 
43.217,cloud_mysql_poc1,1.05,367.8MiB,512MiB,71.84 
43.321, ,,,,
43.412,edge3-edge3-api-1,54.32,388.1MiB,2.5GiB,15.16
43.519,edge3-edge3-mysql-1,1.18,376.3MiB,1GiB,36.75
43.618,edge3-edge3-minio-1,5.41,349.2MiB,2GiB,17.05
43.727,edge2-edge2-api-1,42.63,367.6MiB,2.5GiB,14.36
43.851,edge2-edge2-mysql-1,0.31,376.4MiB,1GiB,36.75
43.950,edge2-edge2-minio-1,2.96,311.4MiB,2GiB,15.21
44.065,edge1-edge1-api-1,48.66,392MiB,2.5GiB,15.31
44.161,edge1-edge1-minio-1,2.73,332.4MiB,2GiB,16.23
44.260,edge1-edge1-mysql-1,0.34,376.3MiB,1GiB,36.75
44.368,cloud_api_poc1,53.79,182.8MiB,2GiB,8.92
44.468,cloud_minio_poc1,11.54,413.2MiB,1GiB,40.35
44.568,cloud_mysql_poc1,1.05,367.8MiB,512MiB,71.84
44.666,edge3-edge3-api-1,54.32,388.1MiB,2.5GiB,15.16 
44.765,edge3-edge3-mysql-1,1.18,376.3MiB,1GiB,36.75 
44.881,edge3-edge3-minio-1,5.41,349.2MiB,2GiB,17.05 
44.970,edge2-edge2-api-1,42.63,367.6MiB,2.5GiB,14.36 
45.065,edge2-edge2-mysql-1,0.31,376.4MiB,1GiB,36.75 
45.164,edge2-edge2-minio-1,2.96,311.4MiB,2GiB,15.21 
45.267,edge1-edge1-api-1,48.66,392MiB,2.5GiB,15.31 
45.361,edge1-edge1-minio-1,2.73,332.4MiB,2GiB,16.23 
45.462,edge1-edge1-mysql-1,0.34,376.3MiB,1GiB,36.75 
45.564,cloud_api_poc1,53.79,182.8MiB,2GiB,8.92 
45.684,cloud_minio_poc1,11.54,413.2MiB,1GiB,40.35 
45.785,cloud_mysql_poc1,1.05,367.8MiB,512MiB,71.84 
45.876, ,,,,
45.996,edge3-edge3-api-1,52.14,389.7MiB,2.5GiB,15.22
46.090,edge3-edge3-mysql-1,0.42,376.3MiB,1GiB,36.75
46.172,edge3-edge3-minio-1,2.91,350.6MiB,2GiB,17.12
46.345,edge2-edge2-api-1,38.31,367.5MiB,2.5GiB,14.36
46.458,edge2-edge2-mysql-1,0.36,376.4MiB,1GiB,36.75
46.561,edge2-edge2-minio-1,1.23,313.5MiB,2GiB,15.31
46.667,edge1-edge1-api-1,44.33,396.7MiB,2.5GiB,15.50
46.773,edge1-edge1-minio-1,3.09,342.2MiB,2GiB,16.71
46.867,edge1-edge1-mysql-1,1.11,376.4MiB,1GiB,36.76
46.978,cloud_api_poc1,52.08,189.7MiB,2GiB,9.26
47.078,cloud_minio_poc1,7.91,412.1MiB,1GiB,40.24
47.176,cloud_mysql_poc1,0.40,367.8MiB,512MiB,71.84
47.281,edge3-edge3-api-1,52.14,389.7MiB,2.5GiB,15.22 
47.380,edge3-edge3-mysql-1,0.42,376.3MiB,1GiB,36.75 
47.479,edge3-edge3-minio-1,2.91,350.6MiB,2GiB,17.12 
47.612,edge2-edge2-api-1,38.31,367.5MiB,2.5GiB,14.36 
47.685,edge2-edge2-mysql-1,0.36,376.4MiB,1GiB,36.75 
47.776,edge2-edge2-minio-1,1.23,313.5MiB,2GiB,15.31 
47.874,edge1-edge1-api-1,44.33,396.7MiB,2.5GiB,15.50 
47.984,edge1-edge1-minio-1,3.09,342.2MiB,2GiB,16.71 
48.088,edge1-edge1-mysql-1,1.11,376.4MiB,1GiB,36.76 
48.198,cloud_api_poc1,52.08,189.7MiB,2GiB,9.26 
48.292,cloud_minio_poc1,7.91,412.1MiB,1GiB,40.24 
48.391,cloud_mysql_poc1,0.40,367.8MiB,512MiB,71.84 
48.513, ,,,,
48.625,edge3-edge3-api-1,52.14,389.7MiB,2.5GiB,15.22
48.746,edge3-edge3-mysql-1,0.42,376.3MiB,1GiB,36.75
48.863,edge3-edge3-minio-1,2.91,350.6MiB,2GiB,17.12
48.964,edge2-edge2-api-1,38.31,367.5MiB,2.5GiB,14.36
49.080,edge2-edge2-mysql-1,0.36,376.4MiB,1GiB,36.75
49.179,edge2-edge2-minio-1,1.23,313.5MiB,2GiB,15.31
49.271,edge1-edge1-api-1,44.33,396.7MiB,2.5GiB,15.50
49.366,edge1-edge1-minio-1,3.09,342.2MiB,2GiB,16.71
49.480,edge1-edge1-mysql-1,1.11,376.4MiB,1GiB,36.76
49.589,cloud_api_poc1,52.08,189.7MiB,2GiB,9.26
49.682,cloud_minio_poc1,7.91,412.1MiB,1GiB,40.24
49.778,cloud_mysql_poc1,0.40,367.8MiB,512MiB,71.84
49.880,edge3-edge3-api-1,52.14,389.7MiB,2.5GiB,15.22 
49.983,edge3-edge3-mysql-1,0.42,376.3MiB,1GiB,36.75 
50.083,edge3-edge3-minio-1,2.91,350.6MiB,2GiB,17.12 
50.177,edge2-edge2-api-1,38.31,367.5MiB,2.5GiB,14.36 
50.271,edge2-edge2-mysql-1,0.36,376.4MiB,1GiB,36.75 
50.370,edge2-edge2-minio-1,1.23,313.5MiB,2GiB,15.31 
50.472,edge1-edge1-api-1,44.33,396.7MiB,2.5GiB,15.50 
50.567,edge1-edge1-minio-1,3.09,342.2MiB,2GiB,16.71 
50.689,edge1-edge1-mysql-1,1.11,376.4MiB,1GiB,36.76 
50.773,cloud_api_poc1,52.08,189.7MiB,2GiB,9.26 
50.862,cloud_minio_poc1,7.91,412.1MiB,1GiB,40.24 
50.958,cloud_mysql_poc1,0.40,367.8MiB,512MiB,71.84 
51.080, ,,,,
51.171,edge3-edge3-api-1,51.25,397.2MiB,2.5GiB,15.51
51.275,edge3-edge3-mysql-1,0.33,376.3MiB,1GiB,36.75
51.378,edge3-edge3-minio-1,2.19,352.3MiB,2GiB,17.20
51.472,edge2-edge2-api-1,35.98,372.4MiB,2.5GiB,14.55
51.582,edge2-edge2-mysql-1,0.34,376.3MiB,1GiB,36.75
51.703,edge2-edge2-minio-1,2.83,338.6MiB,2GiB,16.53
51.816,edge1-edge1-api-1,43.72,404.2MiB,2.5GiB,15.79
51.906,edge1-edge1-minio-1,6.68,352.8MiB,2GiB,17.23
51.998,edge1-edge1-mysql-1,0.37,376.3MiB,1GiB,36.75
52.104,cloud_api_poc1,51.03,203.2MiB,2GiB,9.92
52.199,cloud_minio_poc1,7.58,417.7MiB,1GiB,40.79
52.325,cloud_mysql_poc1,0.34,367.8MiB,512MiB,71.84
52.414,edge3-edge3-api-1,51.25,397.2MiB,2.5GiB,15.51 
52.509,edge3-edge3-mysql-1,0.33,376.3MiB,1GiB,36.75 
52.601,edge3-edge3-minio-1,2.19,352.3MiB,2GiB,17.20 
52.683,edge2-edge2-api-1,35.98,372.4MiB,2.5GiB,14.55 
52.778,edge2-edge2-mysql-1,0.34,376.3MiB,1GiB,36.75 
52.854,edge2-edge2-minio-1,2.83,338.6MiB,2GiB,16.53 
52.930,edge1-edge1-api-1,43.72,404.2MiB,2.5GiB,15.79 
53.003,edge1-edge1-minio-1,6.68,352.8MiB,2GiB,17.23 
53.079,edge1-edge1-mysql-1,0.37,376.3MiB,1GiB,36.75 
53.154,cloud_api_poc1,51.03,203.2MiB,2GiB,9.92 
53.231,cloud_minio_poc1,7.58,417.7MiB,1GiB,40.79 
53.357,cloud_mysql_poc1,0.34,367.8MiB,512MiB,71.84 
53.453, ,,,,
53.560,edge3-edge3-api-1,51.25,397.2MiB,2.5GiB,15.51
53.658,edge3-edge3-mysql-1,0.33,376.3MiB,1GiB,36.75
53.757,edge3-edge3-minio-1,2.19,352.3MiB,2GiB,17.20
53.856,edge2-edge2-api-1,35.98,372.4MiB,2.5GiB,14.55
53.961,edge2-edge2-mysql-1,0.34,376.3MiB,1GiB,36.75
54.061,edge2-edge2-minio-1,2.83,338.6MiB,2GiB,16.53
54.178,edge1-edge1-api-1,43.72,404.2MiB,2.5GiB,15.79
54.279,edge1-edge1-minio-1,6.68,352.8MiB,2GiB,17.23
54.405,edge1-edge1-mysql-1,0.37,376.3MiB,1GiB,36.75
54.540,cloud_api_poc1,51.03,203.2MiB,2GiB,9.92
54.644,cloud_minio_poc1,7.58,417.7MiB,1GiB,40.79
54.761,cloud_mysql_poc1,0.34,367.8MiB,512MiB,71.84
54.865,edge3-edge3-api-1,51.25,397.2MiB,2.5GiB,15.51 
54.972,edge3-edge3-mysql-1,0.33,376.3MiB,1GiB,36.75 
55.077,edge3-edge3-minio-1,2.19,352.3MiB,2GiB,17.20 
55.186,edge2-edge2-api-1,35.98,372.4MiB,2.5GiB,14.55 
55.302,edge2-edge2-mysql-1,0.34,376.3MiB,1GiB,36.75 
55.421,edge2-edge2-minio-1,2.83,338.6MiB,2GiB,16.53 
55.542,edge1-edge1-api-1,43.72,404.2MiB,2.5GiB,15.79 
55.639,edge1-edge1-minio-1,6.68,352.8MiB,2GiB,17.23 
55.744,edge1-edge1-mysql-1,0.37,376.3MiB,1GiB,36.75 
55.865,cloud_api_poc1,51.03,203.2MiB,2GiB,9.92 
55.966,cloud_minio_poc1,7.58,417.7MiB,1GiB,40.79 
56.069,cloud_mysql_poc1,0.34,367.8MiB,512MiB,71.84 
56.163, ,,,,
56.266,edge3-edge3-api-1,57.00,402.2MiB,2.5GiB,15.71
56.426,edge3-edge3-mysql-1,0.41,376.3MiB,1GiB,36.75
56.538,edge3-edge3-minio-1,3.22,354.1MiB,2GiB,17.29
56.623,edge2-edge2-api-1,43.50,378.2MiB,2.5GiB,14.77
56.726,edge2-edge2-mysql-1,1.06,376.3MiB,1GiB,36.75
56.836,edge2-edge2-minio-1,3.42,363MiB,2GiB,17.73
56.933,edge1-edge1-api-1,51.59,409.5MiB,2.5GiB,16.00
57.022,edge1-edge1-minio-1,2.40,354.4MiB,2GiB,17.30
57.163,edge1-edge1-mysql-1,0.39,376.3MiB,1GiB,36.75
57.255,cloud_api_poc1,51.42,215.3MiB,2GiB,10.51
57.355,cloud_minio_poc1,9.12,418.9MiB,1GiB,40.91
57.451,cloud_mysql_poc1,0.33,367.8MiB,512MiB,71.84
57.549,edge3-edge3-api-1,57.00,402.2MiB,2.5GiB,15.71 
57.636,edge3-edge3-mysql-1,0.41,376.3MiB,1GiB,36.75 
57.722,edge3-edge3-minio-1,3.22,354.1MiB,2GiB,17.29 
57.798,edge2-edge2-api-1,43.50,378.2MiB,2.5GiB,14.77 
57.876,edge2-edge2-mysql-1,1.06,376.3MiB,1GiB,36.75 
57.980,edge2-edge2-minio-1,3.42,363MiB,2GiB,17.73 
58.099,edge1-edge1-api-1,51.59,409.5MiB,2.5GiB,16.00 
58.197,edge1-edge1-minio-1,2.40,354.4MiB,2GiB,17.30 
58.314,edge1-edge1-mysql-1,0.39,376.3MiB,1GiB,36.75 
58.393,cloud_api_poc1,51.42,215.3MiB,2GiB,10.51 
58.483,cloud_minio_poc1,9.12,418.9MiB,1GiB,40.91 
58.592,cloud_mysql_poc1,0.33,367.8MiB,512MiB,71.84 
58.715, ,,,,
58.876,edge3-edge3-api-1,57.00,402.2MiB,2.5GiB,15.71
58.976,edge3-edge3-mysql-1,0.41,376.3MiB,1GiB,36.75
59.078,edge3-edge3-minio-1,3.22,354.1MiB,2GiB,17.29
59.190,edge2-edge2-api-1,43.50,378.2MiB,2.5GiB,14.77
59.295,edge2-edge2-mysql-1,1.06,376.3MiB,1GiB,36.75
59.382,edge2-edge2-minio-1,3.42,363MiB,2GiB,17.73
59.481,edge1-edge1-api-1,51.59,409.5MiB,2.5GiB,16.00
59.598,edge1-edge1-minio-1,2.40,354.4MiB,2GiB,17.30
59.693,edge1-edge1-mysql-1,0.39,376.3MiB,1GiB,36.75
59.800,cloud_api_poc1,51.42,215.3MiB,2GiB,10.51
59.882,cloud_minio_poc1,9.12,418.9MiB,1GiB,40.91
59.984,cloud_mysql_poc1,0.33,367.8MiB,512MiB,71.84
