edge_get,0,1
edge_get,0,-1
cloud_get,0,1
cloud_get,0,-1
prepare_header,0,1
prepare_header,0,-1
prepare_iterator,0,1
prepare_iterator,0,-1
body[cloud-http],0,1
body[cloud-http],0,-1
edge_get,1,1
edge_get,1,-1
prepare_header,1,1
prepare_header,1,-1
prepare_iterator,1,1
prepare_iterator,1,-1
body[edge],1,1
body[edge],1,-1
edge_get,1,1
edge_get,1,-1
prepare_header,1,1
prepare_header,1,-1
prepare_iterator,1,1
prepare_iterator,1,-1
body[edge],1,1
body[edge],1,-1
edge_get,1,1
edge_get,1,-1
prepare_header,1,1
prepare_header,1,-1
prepare_iterator,1,1
prepare_iterator,1,-1
body[edge],1,1
body[edge],1,-1
edge_get,1,1
edge_get,1,-1
prepare_header,1,1
prepare_header,1,-1
prepare_iterator,1,1
prepare_iterator,1,-1
body[edge],1,1
body[edge],1,-1
edge_get,2,1
edge_get,2,-1
cloud_get,2,1
cloud_get,2,-1
prepare_header,2,1
prepare_header,2,-1
prepare_iterator,2,1
prepare_iterator,2,-1
body[cloud-http],2,1
body[cloud-http],2,-1
edge_get,3,1
edge_get,3,-1
cloud_get,3,1
cloud_get,3,-1
prepare_header,3,1
prepare_header,3,-1
prepare_iterator,3,1
prepare_iterator,3,-1
body[cloud-http],3,1
body[cloud-http],3,-1
edge_get,3,1
edge_get,3,-1
prepare_header,3,1
prepare_header,3,-1
prepare_iterator,3,1
prepare_iterator,3,-1
body[edge],3,1
body[edge],3,-1
edge_get,3,1
edge_get,3,-1
cloud_get,3,1
cloud_get,3,-1
prepare_header,3,1
prepare_header,3,-1
prepare_iterator,3,1
prepare_iterator,3,-1
body[cloud-http],3,1
body[cloud-http],3,-1
edge_get,3,1
edge_get,3,-1
prepare_header,3,1
prepare_header,3,-1
prepare_iterator,3,1
prepare_iterator,3,-1
body[edge],3,1
body[edge],3,-1
edge_get,3,1
edge_get,3,-1
prepare_header,3,1
prepare_header,3,-1
prepare_iterator,3,1
prepare_iterator,3,-1
body[edge],3,1
body[edge],3,-1
edge_get,3,1
edge_get,3,-1
prepare_header,3,1
prepare_header,3,-1
prepare_iterator,3,1
prepare_iterator,3,-1
body[edge],3,1
body[edge],3,-1
edge_get,4,1
edge_get,4,-1
prepare_header,4,1
prepare_header,4,-1
prepare_iterator,4,1
prepare_iterator,4,-1
body[edge],4,1
body[edge],4,-1
edge_get,5,1
edge_get,5,-1
cloud_get,5,1
cloud_get,5,-1
prepare_header,5,1
prepare_header,5,-1
prepare_iterator,5,1
prepare_iterator,5,-1
body[cloud-http],5,1
body[cloud-http],5,-1
edge_get,5,1
edge_get,5,-1
prepare_header,5,1
prepare_header,5,-1
prepare_iterator,5,1
prepare_iterator,5,-1
body[edge],5,1
body[edge],5,-1
edge_get,5,1
edge_get,5,-1
prepare_header,5,1
prepare_header,5,-1
prepare_iterator,5,1
prepare_iterator,5,-1
body[edge],5,1
body[edge],5,-1
edge_get,6,1
edge_get,6,-1
prepare_header,6,1
prepare_header,6,-1
prepare_iterator,6,1
prepare_iterator,6,-1
body[edge],6,1
body[edge],6,-1
edge_get,6,1
edge_get,6,-1
cloud_get,6,1
cloud_get,6,-1
prepare_header,6,1
prepare_header,6,-1
prepare_iterator,6,1
prepare_iterator,6,-1
body[cloud-http],6,1
body[cloud-http],6,-1
edge_get,6,1
edge_get,6,-1
prepare_header,6,1
prepare_header,6,-1
prepare_iterator,6,1
prepare_iterator,6,-1
body[edge],6,1
body[edge],6,-1
edge_get,7,1
edge_get,7,-1
cloud_get,7,1
cloud_get,7,-1
prepare_header,7,1
prepare_header,7,-1
prepare_iterator,7,1
prepare_iterator,7,-1
body[cloud-http],7,1
body[cloud-http],7,-1
edge_get,7,1
edge_get,7,-1
prepare_header,7,1
prepare_header,7,-1
prepare_iterator,7,1
prepare_iterator,7,-1
body[edge],7,1
body[edge],7,-1
edge_get,7,1
edge_get,7,-1
prepare_header,7,1
prepare_header,7,-1
prepare_iterator,7,1
prepare_iterator,7,-1
body[edge],7,1
body[edge],7,-1
edge_get,8,1
edge_get,8,-1
prepare_header,8,1
prepare_header,8,-1
prepare_iterator,8,1
prepare_iterator,8,-1
body[edge],8,1
body[edge],8,-1
edge_get,8,1
edge_get,8,-1
prepare_header,8,1
prepare_header,8,-1
prepare_iterator,8,1
prepare_iterator,8,-1
body[edge],8,1
body[edge],8,-1
edge_get,9,1
edge_get,9,-1
cloud_get,9,1
cloud_get,9,-1
prepare_header,9,1
prepare_header,9,-1
prepare_iterator,9,1
prepare_iterator,9,-1
body[cloud-http],9,1
body[cloud-http],9,-1
edge_get,9,1
edge_get,9,-1
prepare_header,9,1
prepare_header,9,-1
prepare_iterator,9,1
prepare_iterator,9,-1
body[edge],9,1
body[edge],9,-1
edge_get,9,1
edge_get,9,-1
prepare_header,9,1
prepare_header,9,-1
prepare_iterator,9,1
prepare_iterator,9,-1
body[edge],9,1
body[edge],9,-1
edge_get,10,1
edge_get,10,-1
prepare_header,10,1
prepare_header,10,-1
prepare_iterator,10,1
prepare_iterator,10,-1
body[edge],10,1
body[edge],10,-1
edge_get,10,1
edge_get,10,-1
prepare_header,10,1
prepare_header,10,-1
prepare_iterator,10,1
prepare_iterator,10,-1
body[edge],10,1
body[edge],10,-1
edge_get,10,1
edge_get,10,-1
prepare_header,10,1
prepare_header,10,-1
prepare_iterator,10,1
prepare_iterator,10,-1
body[edge],10,1
body[edge],10,-1
edge_get,11,1
edge_get,11,-1
cloud_get,11,1
cloud_get,11,-1
prepare_header,11,1
prepare_header,11,-1
prepare_iterator,11,1
prepare_iterator,11,-1
body[cloud-http],11,1
body[cloud-http],11,-1
edge_get,11,1
edge_get,11,-1
cloud_get,11,1
cloud_get,11,-1
prepare_header,11,1
prepare_header,11,-1
prepare_iterator,11,1
prepare_iterator,11,-1
body[cloud-http],11,1
body[cloud-http],11,-1
edge_get,11,1
edge_get,11,-1
cloud_get,11,1
cloud_get,11,-1
prepare_header,11,1
prepare_header,11,-1
prepare_iterator,11,1
prepare_iterator,11,-1
body[cloud-http],11,1
body[cloud-http],11,-1
edge_get,11,1
edge_get,11,-1
prepare_header,11,1
prepare_header,11,-1
prepare_iterator,11,1
prepare_iterator,11,-1
body[edge],11,1
body[edge],11,-1
edge_get,12,1
edge_get,12,-1
prepare_header,12,1
prepare_header,12,-1
prepare_iterator,12,1
prepare_iterator,12,-1
body[edge],12,1
body[edge],12,-1
edge_get,12,1
edge_get,12,-1
cloud_get,12,1
cloud_get,12,-1
prepare_header,12,1
prepare_header,12,-1
prepare_iterator,12,1
prepare_iterator,12,-1
body[cloud-http],12,1
body[cloud-http],12,-1
edge_get,12,1
edge_get,12,-1
prepare_header,12,1
prepare_header,12,-1
prepare_iterator,12,1
prepare_iterator,12,-1
body[edge],12,1
body[edge],12,-1
edge_get,12,1
edge_get,12,-1
prepare_header,12,1
prepare_header,12,-1
prepare_iterator,12,1
prepare_iterator,12,-1
body[edge],12,1
body[edge],12,-1
edge_get,12,1
edge_get,12,-1
prepare_header,12,1
prepare_header,12,-1
prepare_iterator,12,1
prepare_iterator,12,-1
body[edge],12,1
body[edge],12,-1
edge_get,12,1
edge_get,12,-1
prepare_header,12,1
prepare_header,12,-1
prepare_iterator,12,1
prepare_iterator,12,-1
body[edge],12,1
body[edge],12,-1
edge_get,13,1
edge_get,13,-1
cloud_get,13,1
cloud_get,13,-1
prepare_header,13,1
prepare_header,13,-1
prepare_iterator,13,1
prepare_iterator,13,-1
body[cloud-http],13,1
body[cloud-http],13,-1
edge_get,13,1
edge_get,13,-1
prepare_header,13,1
prepare_header,13,-1
prepare_iterator,13,1
prepare_iterator,13,-1
body[edge],13,1
body[edge],13,-1
edge_get,13,1
edge_get,13,-1
prepare_header,13,1
prepare_header,13,-1
prepare_iterator,13,1
prepare_iterator,13,-1
body[edge],13,1
body[edge],13,-1
edge_get,14,1
edge_get,14,-1
prepare_header,14,1
prepare_header,14,-1
prepare_iterator,14,1
prepare_iterator,14,-1
body[edge],14,1
body[edge],14,-1
edge_get,14,1
edge_get,14,-1
prepare_header,14,1
prepare_header,14,-1
prepare_iterator,14,1
prepare_iterator,14,-1
body[edge],14,1
body[edge],14,-1
edge_get,14,1
edge_get,14,-1
prepare_header,14,1
prepare_header,14,-1
prepare_iterator,14,1
prepare_iterator,14,-1
body[edge],14,1
body[edge],14,-1
edge_get,14,1
edge_get,14,-1
cloud_get,14,1
cloud_get,14,-1
prepare_header,14,1
prepare_header,14,-1
prepare_iterator,14,1
prepare_iterator,14,-1
body[cloud-http],14,1
body[cloud-http],14,-1
edge_get,15,1
edge_get,15,-1
prepare_header,15,1
prepare_header,15,-1
prepare_iterator,15,1
prepare_iterator,15,-1
body[edge],15,1
body[edge],15,-1
edge_get,15,1
edge_get,15,-1
prepare_header,15,1
prepare_header,15,-1
prepare_iterator,15,1
prepare_iterator,15,-1
body[edge],15,1
body[edge],15,-1
edge_get,15,1
edge_get,15,-1
prepare_header,15,1
prepare_header,15,-1
prepare_iterator,15,1
prepare_iterator,15,-1
body[edge],15,1
body[edge],15,-1
edge_get,15,1
edge_get,15,-1
cloud_get,15,1
cloud_get,15,-1
prepare_header,15,1
prepare_header,15,-1
prepare_iterator,15,1
prepare_iterator,15,-1
body[cloud-http],15,1
body[cloud-http],15,-1
edge_get,15,1
edge_get,15,-1
prepare_header,15,1
prepare_header,15,-1
prepare_iterator,15,1
prepare_iterator,15,-1
body[edge],15,1
body[edge],15,-1
edge_get,15,1
edge_get,15,-1
prepare_header,15,1
prepare_header,15,-1
prepare_iterator,15,1
prepare_iterator,15,-1
body[edge],15,1
body[edge],15,-1
edge_get,16,1
edge_get,16,-1
prepare_header,16,1
prepare_header,16,-1
prepare_iterator,16,1
prepare_iterator,16,-1
body[edge],16,1
body[edge],16,-1
edge_get,16,1
edge_get,16,-1
prepare_header,16,1
prepare_header,16,-1
prepare_iterator,16,1
prepare_iterator,16,-1
body[edge],16,1
body[edge],16,-1
edge_get,17,1
edge_get,17,-1
cloud_get,17,1
cloud_get,17,-1
prepare_header,17,1
prepare_header,17,-1
prepare_iterator,17,1
prepare_iterator,17,-1
body[cloud-http],17,1
body[cloud-http],17,-1
edge_get,17,1
edge_get,17,-1
prepare_header,17,1
prepare_header,17,-1
prepare_iterator,17,1
prepare_iterator,17,-1
body[edge],17,1
body[edge],17,-1
edge_get,17,1
edge_get,17,-1
prepare_header,17,1
prepare_header,17,-1
prepare_iterator,17,1
prepare_iterator,17,-1
body[edge],17,1
body[edge],17,-1
edge_get,18,1
edge_get,18,-1
prepare_header,18,1
prepare_header,18,-1
prepare_iterator,18,1
prepare_iterator,18,-1
body[edge],18,1
body[edge],18,-1
edge_get,18,1
edge_get,18,-1
prepare_header,18,1
prepare_header,18,-1
prepare_iterator,18,1
prepare_iterator,18,-1
body[edge],18,1
body[edge],18,-1
edge_get,19,1
edge_get,19,-1
prepare_header,19,1
prepare_header,19,-1
prepare_iterator,19,1
prepare_iterator,19,-1
body[edge],19,1
body[edge],19,-1
edge_get,19,1
edge_get,19,-1
prepare_header,19,1
prepare_header,19,-1
prepare_iterator,19,1
prepare_iterator,19,-1
body[edge],19,1
body[edge],19,-1
edge_get,19,1
edge_get,19,-1
prepare_header,19,1
prepare_header,19,-1
prepare_iterator,19,1
prepare_iterator,19,-1
body[edge],19,1
body[edge],19,-1
edge_get,19,1
edge_get,19,-1
prepare_header,19,1
prepare_header,19,-1
prepare_iterator,19,1
prepare_iterator,19,-1
body[edge],19,1
body[edge],19,-1
edge_get,20,1
edge_get,20,-1
prepare_header,20,1
prepare_header,20,-1
prepare_iterator,20,1
prepare_iterator,20,-1
body[edge],20,1
body[edge],20,-1
edge_get,20,1
edge_get,20,-1
prepare_header,20,1
prepare_header,20,-1
prepare_iterator,20,1
prepare_iterator,20,-1
body[edge],20,1
body[edge],20,-1
edge_get,20,1
edge_get,20,-1
prepare_header,20,1
prepare_header,20,-1
prepare_iterator,20,1
prepare_iterator,20,-1
body[edge],20,1
body[edge],20,-1
edge_get,21,1
edge_get,21,-1
prepare_header,21,1
prepare_header,21,-1
prepare_iterator,21,1
prepare_iterator,21,-1
body[edge],21,1
body[edge],21,-1
edge_get,21,1
edge_get,21,-1
prepare_header,21,1
prepare_header,21,-1
prepare_iterator,21,1
prepare_iterator,21,-1
body[edge],21,1
body[edge],21,-1
edge_get,22,1
edge_get,22,-1
prepare_header,22,1
prepare_header,22,-1
prepare_iterator,22,1
prepare_iterator,22,-1
body[edge],22,1
body[edge],22,-1
edge_get,22,1
edge_get,22,-1
prepare_header,22,1
prepare_header,22,-1
prepare_iterator,22,1
prepare_iterator,22,-1
body[edge],22,1
body[edge],22,-1
edge_get,23,1
edge_get,23,-1
prepare_header,23,1
prepare_header,23,-1
prepare_iterator,23,1
prepare_iterator,23,-1
body[edge],23,1
body[edge],23,-1
edge_get,23,1
edge_get,23,-1
prepare_header,23,1
prepare_header,23,-1
prepare_iterator,23,1
prepare_iterator,23,-1
body[edge],23,1
body[edge],23,-1
edge_get,23,1
edge_get,23,-1
cloud_get,23,1
cloud_get,23,-1
prepare_header,23,1
prepare_header,23,-1
prepare_iterator,23,1
prepare_iterator,23,-1
body[cloud-http],23,1
body[cloud-http],23,-1
edge_get,23,1
edge_get,23,-1
prepare_header,23,1
prepare_header,23,-1
prepare_iterator,23,1
prepare_iterator,23,-1
body[edge],23,1
body[edge],23,-1
edge_get,24,1
edge_get,24,-1
prepare_header,24,1
prepare_header,24,-1
prepare_iterator,24,1
prepare_iterator,24,-1
body[edge],24,1
body[edge],24,-1
edge_get,24,1
edge_get,24,-1
cloud_get,24,1
cloud_get,24,-1
prepare_header,24,1
prepare_header,24,-1
prepare_iterator,24,1
prepare_iterator,24,-1
body[cloud-http],24,1
body[cloud-http],24,-1
edge_get,24,1
edge_get,24,-1
prepare_header,24,1
prepare_header,24,-1
prepare_iterator,24,1
prepare_iterator,24,-1
body[edge],24,1
body[edge],24,-1
edge_get,25,1
edge_get,25,-1
prepare_header,25,1
prepare_header,25,-1
prepare_iterator,25,1
prepare_iterator,25,-1
body[edge],25,1
body[edge],25,-1
edge_get,25,1
edge_get,25,-1
prepare_header,25,1
prepare_header,25,-1
prepare_iterator,25,1
prepare_iterator,25,-1
body[edge],25,1
body[edge],25,-1
edge_get,25,1
edge_get,25,-1
cloud_get,25,1
cloud_get,25,-1
prepare_header,25,1
prepare_header,25,-1
prepare_iterator,25,1
prepare_iterator,25,-1
body[cloud-http],25,1
body[cloud-http],25,-1
edge_get,25,1
edge_get,25,-1
prepare_header,25,1
prepare_header,25,-1
prepare_iterator,25,1
prepare_iterator,25,-1
body[edge],25,1
body[edge],25,-1
edge_get,26,1
edge_get,26,-1
prepare_header,26,1
prepare_header,26,-1
prepare_iterator,26,1
prepare_iterator,26,-1
body[edge],26,1
body[edge],26,-1
edge_get,26,1
edge_get,26,-1
cloud_get,26,1
cloud_get,26,-1
prepare_header,26,1
prepare_header,26,-1
prepare_iterator,26,1
prepare_iterator,26,-1
body[cloud-http],26,1
body[cloud-http],26,-1
edge_get,26,1
edge_get,26,-1
cloud_get,26,1
cloud_get,26,-1
prepare_header,26,1
prepare_header,26,-1
prepare_iterator,26,1
prepare_iterator,26,-1
body[cloud-http],26,1
body[cloud-http],26,-1
edge_get,27,1
edge_get,27,-1
cloud_get,27,1
cloud_get,27,-1
prepare_header,27,1
prepare_header,27,-1
prepare_iterator,27,1
prepare_iterator,27,-1
body[cloud-http],27,1
body[cloud-http],27,-1
edge_get,27,1
edge_get,27,-1
prepare_header,27,1
prepare_header,27,-1
prepare_iterator,27,1
prepare_iterator,27,-1
body[edge],27,1
body[edge],27,-1
edge_get,27,1
edge_get,27,-1
prepare_header,27,1
prepare_header,27,-1
prepare_iterator,27,1
prepare_iterator,27,-1
body[edge],27,1
body[edge],27,-1
edge_get,28,1
edge_get,28,-1
prepare_header,28,1
prepare_header,28,-1
prepare_iterator,28,1
prepare_iterator,28,-1
body[edge],28,1
body[edge],28,-1
edge_get,28,1
edge_get,28,-1
cloud_get,28,1
cloud_get,28,-1
prepare_header,28,1
prepare_header,28,-1
prepare_iterator,28,1
prepare_iterator,28,-1
body[cloud-http],28,1
body[cloud-http],28,-1
edge_get,28,1
edge_get,28,-1
cloud_get,28,1
cloud_get,28,-1
prepare_header,28,1
prepare_header,28,-1
prepare_iterator,28,1
prepare_iterator,28,-1
body[cloud-http],28,1
body[cloud-http],28,-1
edge_get,28,1
edge_get,28,-1
prepare_header,28,1
prepare_header,28,-1
prepare_iterator,28,1
prepare_iterator,28,-1
body[edge],28,1
body[edge],28,-1
edge_get,28,1
edge_get,28,-1
prepare_header,28,1
prepare_header,28,-1
prepare_iterator,28,1
prepare_iterator,28,-1
body[edge],28,1
body[edge],28,-1
edge_get,28,1
edge_get,28,-1
prepare_header,28,1
prepare_header,28,-1
prepare_iterator,28,1
prepare_iterator,28,-1
body[edge],28,1
body[edge],28,-1
edge_get,28,1
edge_get,28,-1
prepare_header,28,1
prepare_header,28,-1
prepare_iterator,28,1
prepare_iterator,28,-1
body[edge],28,1
body[edge],28,-1
edge_get,28,1
edge_get,28,-1
prepare_header,28,1
prepare_header,28,-1
prepare_iterator,28,1
prepare_iterator,28,-1
body[edge],28,1
body[edge],28,-1
edge_get,29,1
edge_get,29,-1
cloud_get,29,1
cloud_get,29,-1
prepare_header,29,1
prepare_header,29,-1
prepare_iterator,29,1
prepare_iterator,29,-1
body[cloud-http],29,1
body[cloud-http],29,-1
edge_get,29,1
edge_get,29,-1
cloud_get,29,1
cloud_get,29,-1
prepare_header,29,1
prepare_header,29,-1
prepare_iterator,29,1
prepare_iterator,29,-1
body[cloud-http],29,1
body[cloud-http],29,-1
edge_get,29,1
edge_get,29,-1
prepare_header,29,1
prepare_header,29,-1
prepare_iterator,29,1
prepare_iterator,29,-1
body[edge],29,1
body[edge],29,-1
edge_get,30,1
edge_get,30,-1
cloud_get,30,1
cloud_get,30,-1
prepare_header,30,1
prepare_header,30,-1
prepare_iterator,30,1
prepare_iterator,30,-1
body[cloud-http],30,1
body[cloud-http],30,-1
edge_get,30,1
edge_get,30,-1
cloud_get,30,1
cloud_get,30,-1
prepare_header,30,1
prepare_header,30,-1
prepare_iterator,30,1
prepare_iterator,30,-1
body[cloud-http],30,1
body[cloud-http],30,-1
edge_get,30,1
edge_get,30,-1
prepare_header,30,1
prepare_header,30,-1
prepare_iterator,30,1
prepare_iterator,30,-1
body[edge],30,1
body[edge],30,-1
edge_get,30,1
edge_get,30,-1
prepare_header,30,1
prepare_header,30,-1
prepare_iterator,30,1
prepare_iterator,30,-1
body[edge],30,1
body[edge],30,-1
edge_get,30,1
edge_get,30,-1
prepare_header,30,1
prepare_header,30,-1
prepare_iterator,30,1
prepare_iterator,30,-1
body[edge],30,1
body[edge],30,-1
edge_get,31,1
edge_get,31,-1
cloud_get,31,1
cloud_get,31,-1
prepare_header,31,1
prepare_header,31,-1
prepare_iterator,31,1
prepare_iterator,31,-1
body[cloud-http],31,1
body[cloud-http],31,-1
edge_get,31,1
edge_get,31,-1
prepare_header,31,1
prepare_header,31,-1
prepare_iterator,31,1
prepare_iterator,31,-1
body[edge],31,1
body[edge],31,-1
edge_get,31,1
edge_get,31,-1
cloud_get,31,1
cloud_get,31,-1
prepare_header,31,1
prepare_header,31,-1
prepare_iterator,31,1
prepare_iterator,31,-1
body[cloud-http],31,1
body[cloud-http],31,-1
edge_get,31,1
edge_get,31,-1
cloud_get,31,1
cloud_get,31,-1
prepare_header,31,1
prepare_header,31,-1
prepare_iterator,31,1
prepare_iterator,31,-1
body[cloud-http],31,1
body[cloud-http],31,-1
edge_get,31,1
edge_get,31,-1
prepare_header,31,1
prepare_header,31,-1
prepare_iterator,31,1
prepare_iterator,31,-1
body[edge],31,1
body[edge],31,-1
edge_get,32,1
edge_get,32,-1
prepare_header,32,1
prepare_header,32,-1
prepare_iterator,32,1
prepare_iterator,32,-1
body[edge],32,1
body[edge],32,-1
edge_get,32,1
edge_get,32,-1
cloud_get,32,1
cloud_get,32,-1
prepare_header,32,1
prepare_header,32,-1
prepare_iterator,32,1
prepare_iterator,32,-1
body[cloud-http],32,1
body[cloud-http],32,-1
edge_get,32,1
edge_get,32,-1
prepare_header,32,1
prepare_header,32,-1
prepare_iterator,32,1
prepare_iterator,32,-1
body[edge],32,1
body[edge],32,-1
edge_get,32,1
edge_get,32,-1
cloud_get,32,1
cloud_get,32,-1
prepare_header,32,1
prepare_header,32,-1
prepare_iterator,32,1
prepare_iterator,32,-1
body[cloud-http],32,1
body[cloud-http],32,-1
edge_get,33,1
edge_get,33,-1
prepare_header,33,1
prepare_header,33,-1
prepare_iterator,33,1
prepare_iterator,33,-1
body[edge],33,1
body[edge],33,-1
edge_get,33,1
edge_get,33,-1
prepare_header,33,1
prepare_header,33,-1
prepare_iterator,33,1
prepare_iterator,33,-1
body[edge],33,1
body[edge],33,-1
edge_get,34,1
edge_get,34,-1
cloud_get,34,1
cloud_get,34,-1
prepare_header,34,1
prepare_header,34,-1
prepare_iterator,34,1
prepare_iterator,34,-1
body[cloud-http],34,1
body[cloud-http],34,-1
edge_get,34,1
edge_get,34,-1
prepare_header,34,1
prepare_header,34,-1
prepare_iterator,34,1
prepare_iterator,34,-1
body[edge],34,1
body[edge],34,-1
edge_get,34,1
edge_get,34,-1
prepare_header,34,1
prepare_header,34,-1
prepare_iterator,34,1
prepare_iterator,34,-1
body[edge],34,1
body[edge],34,-1
edge_get,34,1
edge_get,34,-1
prepare_header,34,1
prepare_header,34,-1
prepare_iterator,34,1
prepare_iterator,34,-1
body[edge],34,1
body[edge],34,-1
edge_get,35,1
edge_get,35,-1
cloud_get,35,1
cloud_get,35,-1
prepare_header,35,1
prepare_header,35,-1
prepare_iterator,35,1
prepare_iterator,35,-1
body[cloud-http],35,1
body[cloud-http],35,-1
edge_get,35,1
edge_get,35,-1
cloud_get,35,1
cloud_get,35,-1
prepare_header,35,1
prepare_header,35,-1
prepare_iterator,35,1
prepare_iterator,35,-1
body[cloud-http],35,1
body[cloud-http],35,-1
edge_get,36,1
edge_get,36,-1
cloud_get,36,1
cloud_get,36,-1
prepare_header,36,1
prepare_header,36,-1
prepare_iterator,36,1
prepare_iterator,36,-1
body[cloud-http],36,1
body[cloud-http],36,-1
edge_get,36,1
edge_get,36,-1
prepare_header,36,1
prepare_header,36,-1
prepare_iterator,36,1
prepare_iterator,36,-1
body[edge],36,1
body[edge],36,-1
edge_get,36,1
edge_get,36,-1
prepare_header,36,1
prepare_header,36,-1
prepare_iterator,36,1
prepare_iterator,36,-1
body[edge],36,1
body[edge],36,-1
edge_get,36,1
edge_get,36,-1
cloud_get,36,1
cloud_get,36,-1
prepare_header,36,1
prepare_header,36,-1
prepare_iterator,36,1
prepare_iterator,36,-1
body[cloud-http],36,1
body[cloud-http],36,-1
edge_get,37,1
edge_get,37,-1
cloud_get,37,1
cloud_get,37,-1
prepare_header,37,1
prepare_header,37,-1
prepare_iterator,37,1
prepare_iterator,37,-1
body[cloud-http],37,1
body[cloud-http],37,-1
edge_get,37,1
edge_get,37,-1
prepare_header,37,1
prepare_header,37,-1
prepare_iterator,37,1
prepare_iterator,37,-1
body[edge],37,1
body[edge],37,-1
edge_get,37,1
edge_get,37,-1
prepare_header,37,1
prepare_header,37,-1
prepare_iterator,37,1
prepare_iterator,37,-1
body[edge],37,1
body[edge],37,-1
edge_get,38,1
edge_get,38,-1
cloud_get,38,1
cloud_get,38,-1
prepare_header,38,1
prepare_header,38,-1
prepare_iterator,38,1
prepare_iterator,38,-1
body[cloud-http],38,1
body[cloud-http],38,-1
edge_get,38,1
edge_get,38,-1
prepare_header,38,1
prepare_header,38,-1
prepare_iterator,38,1
prepare_iterator,38,-1
body[edge],38,1
body[edge],38,-1
edge_get,38,1
edge_get,38,-1
prepare_header,38,1
prepare_header,38,-1
prepare_iterator,38,1
prepare_iterator,38,-1
body[edge],38,1
body[edge],38,-1
edge_get,39,1
edge_get,39,-1
cloud_get,39,1
cloud_get,39,-1
prepare_header,39,1
prepare_header,39,-1
prepare_iterator,39,1
prepare_iterator,39,-1
body[cloud-http],39,1
body[cloud-http],39,-1
edge_get,40,1
edge_get,40,-1
prepare_header,40,1
prepare_header,40,-1
prepare_iterator,40,1
prepare_iterator,40,-1
body[edge],40,1
body[edge],40,-1
edge_get,40,1
edge_get,40,-1
cloud_get,40,1
cloud_get,40,-1
prepare_header,40,1
prepare_header,40,-1
prepare_iterator,40,1
prepare_iterator,40,-1
body[cloud-http],40,1
body[cloud-http],40,-1
edge_get,40,1
edge_get,40,-1
prepare_header,40,1
prepare_header,40,-1
prepare_iterator,40,1
prepare_iterator,40,-1
body[edge],40,1
body[edge],40,-1
edge_get,41,1
edge_get,41,-1
prepare_header,41,1
prepare_header,41,-1
prepare_iterator,41,1
prepare_iterator,41,-1
body[edge],41,1
body[edge],41,-1
edge_get,41,1
edge_get,41,-1
prepare_header,41,1
prepare_header,41,-1
prepare_iterator,41,1
prepare_iterator,41,-1
body[edge],41,1
body[edge],41,-1
edge_get,41,1
edge_get,41,-1
cloud_get,41,1
cloud_get,41,-1
prepare_header,41,1
prepare_header,41,-1
prepare_iterator,41,1
prepare_iterator,41,-1
body[cloud-http],41,1
body[cloud-http],41,-1
edge_get,43,1
edge_get,43,-1
cloud_get,43,1
cloud_get,43,-1
prepare_header,43,1
prepare_header,43,-1
prepare_iterator,43,1
prepare_iterator,43,-1
body[cloud-http],43,1
body[cloud-http],43,-1
edge_get,43,1
edge_get,43,-1
prepare_header,43,1
prepare_header,43,-1
prepare_iterator,43,1
prepare_iterator,43,-1
body[edge],43,1
body[edge],43,-1
edge_get,44,1
edge_get,44,-1
cloud_get,44,1
cloud_get,44,-1
prepare_header,44,1
prepare_header,44,-1
prepare_iterator,44,1
prepare_iterator,44,-1
body[cloud-http],44,1
body[cloud-http],44,-1
edge_get,44,1
edge_get,44,-1
cloud_get,44,1
cloud_get,44,-1
prepare_header,44,1
prepare_header,44,-1
prepare_iterator,44,1
prepare_iterator,44,-1
body[cloud-http],44,1
body[cloud-http],44,-1
edge_get,44,1
edge_get,44,-1
prepare_header,44,1
prepare_header,44,-1
prepare_iterator,44,1
prepare_iterator,44,-1
body[edge],44,1
body[edge],44,-1
edge_get,45,1
edge_get,45,-1
cloud_get,45,1
cloud_get,45,-1
prepare_header,45,1
prepare_header,45,-1
prepare_iterator,45,1
prepare_iterator,45,-1
body[cloud-http],45,1
body[cloud-http],45,-1
edge_get,45,1
edge_get,45,-1
prepare_header,45,1
prepare_header,45,-1
prepare_iterator,45,1
prepare_iterator,45,-1
body[edge],45,1
body[edge],45,-1
edge_get,45,1
edge_get,45,-1
prepare_header,45,1
prepare_header,45,-1
prepare_iterator,45,1
prepare_iterator,45,-1
body[edge],45,1
body[edge],45,-1
edge_get,46,1
edge_get,46,-1
prepare_header,46,1
prepare_header,46,-1
prepare_iterator,46,1
prepare_iterator,46,-1
body[edge],46,1
body[edge],46,-1
edge_get,47,1
edge_get,47,-1
cloud_get,47,1
cloud_get,47,-1
prepare_header,47,1
prepare_header,47,-1
prepare_iterator,47,1
prepare_iterator,47,-1
body[cloud-http],47,1
body[cloud-http],47,-1
edge_get,47,1
edge_get,47,-1
prepare_header,47,1
prepare_header,47,-1
prepare_iterator,47,1
prepare_iterator,47,-1
body[edge],47,1
body[edge],47,-1
edge_get,48,1
edge_get,48,-1
prepare_header,48,1
prepare_header,48,-1
prepare_iterator,48,1
prepare_iterator,48,-1
body[edge],48,1
body[edge],48,-1
edge_get,48,1
edge_get,48,-1
prepare_header,48,1
prepare_header,48,-1
prepare_iterator,48,1
prepare_iterator,48,-1
body[edge],48,1
body[edge],48,-1
edge_get,49,1
edge_get,49,-1
cloud_get,49,1
cloud_get,49,-1
prepare_header,49,1
prepare_header,49,-1
prepare_iterator,49,1
prepare_iterator,49,-1
body[cloud-http],49,1
body[cloud-http],49,-1
edge_get,49,1
edge_get,49,-1
prepare_header,49,1
prepare_header,49,-1
prepare_iterator,49,1
prepare_iterator,49,-1
body[edge],49,1
body[edge],49,-1
edge_get,49,1
edge_get,49,-1
cloud_get,49,1
cloud_get,49,-1
prepare_header,49,1
prepare_header,49,-1
prepare_iterator,49,1
prepare_iterator,49,-1
body[cloud-http],49,1
body[cloud-http],49,-1
edge_get,50,1
edge_get,50,-1
prepare_header,50,1
prepare_header,50,-1
prepare_iterator,50,1
prepare_iterator,50,-1
body[edge],50,1
body[edge],50,-1
edge_get,50,1
edge_get,50,-1
prepare_header,50,1
prepare_header,50,-1
prepare_iterator,50,1
prepare_iterator,50,-1
body[edge],50,1
body[edge],50,-1
edge_get,51,1
edge_get,51,-1
prepare_header,51,1
prepare_header,51,-1
prepare_iterator,51,1
prepare_iterator,51,-1
body[edge],51,1
body[edge],51,-1
edge_get,51,1
edge_get,51,-1
prepare_header,51,1
prepare_header,51,-1
prepare_iterator,51,1
prepare_iterator,51,-1
body[edge],51,1
body[edge],51,-1
edge_get,51,1
edge_get,51,-1
prepare_header,51,1
prepare_header,51,-1
prepare_iterator,51,1
prepare_iterator,51,-1
body[edge],51,1
body[edge],51,-1
edge_get,51,1
edge_get,51,-1
cloud_get,51,1
cloud_get,51,-1
prepare_header,51,1
prepare_header,51,-1
prepare_iterator,51,1
prepare_iterator,51,-1
body[cloud-http],51,1
body[cloud-http],51,-1
edge_get,51,1
edge_get,51,-1
prepare_header,51,1
prepare_header,51,-1
prepare_iterator,51,1
prepare_iterator,51,-1
body[edge],51,1
body[edge],51,-1
edge_get,52,1
edge_get,52,-1
prepare_header,52,1
prepare_header,52,-1
prepare_iterator,52,1
prepare_iterator,52,-1
body[edge],52,1
body[edge],52,-1
edge_get,52,1
edge_get,52,-1
prepare_header,52,1
prepare_header,52,-1
prepare_iterator,52,1
prepare_iterator,52,-1
body[edge],52,1
body[edge],52,-1
edge_get,52,1
edge_get,52,-1
prepare_header,52,1
prepare_header,52,-1
prepare_iterator,52,1
prepare_iterator,52,-1
body[edge],52,1
body[edge],52,-1
edge_get,52,1
edge_get,52,-1
cloud_get,52,1
cloud_get,52,-1
prepare_header,52,1
prepare_header,52,-1
prepare_iterator,52,1
prepare_iterator,52,-1
body[cloud-http],52,1
body[cloud-http],52,-1
edge_get,52,1
edge_get,52,-1
prepare_header,52,1
prepare_header,52,-1
prepare_iterator,52,1
prepare_iterator,52,-1
body[edge],52,1
body[edge],52,-1
edge_get,52,1
edge_get,52,-1
prepare_header,52,1
prepare_header,52,-1
prepare_iterator,52,1
prepare_iterator,52,-1
body[edge],52,1
body[edge],52,-1
edge_get,53,1
edge_get,53,-1
cloud_get,53,1
cloud_get,53,-1
prepare_header,53,1
prepare_header,53,-1
prepare_iterator,53,1
prepare_iterator,53,-1
body[cloud-http],53,1
body[cloud-http],53,-1
edge_get,54,1
edge_get,54,-1
cloud_get,54,1
cloud_get,54,-1
prepare_header,54,1
prepare_header,54,-1
prepare_iterator,54,1
prepare_iterator,54,-1
body[cloud-http],54,1
body[cloud-http],54,-1
edge_get,54,1
edge_get,54,-1
prepare_header,54,1
prepare_header,54,-1
prepare_iterator,54,1
prepare_iterator,54,-1
body[edge],54,1
body[edge],54,-1
edge_get,54,1
edge_get,54,-1
cloud_get,54,1
cloud_get,54,-1
prepare_header,54,1
prepare_header,54,-1
prepare_iterator,54,1
prepare_iterator,54,-1
body[cloud-http],54,1
body[cloud-http],54,-1
edge_get,54,1
edge_get,54,-1
cloud_get,54,1
cloud_get,54,-1
prepare_header,54,1
prepare_header,54,-1
prepare_iterator,54,1
prepare_iterator,54,-1
body[cloud-http],54,1
body[cloud-http],54,-1
edge_get,54,1
edge_get,54,-1
prepare_header,54,1
prepare_header,54,-1
prepare_iterator,54,1
prepare_iterator,54,-1
body[edge],54,1
body[edge],54,-1
edge_get,55,1
edge_get,55,-1
prepare_header,55,1
prepare_header,55,-1
prepare_iterator,55,1
prepare_iterator,55,-1
body[edge],55,1
body[edge],55,-1
edge_get,55,1
edge_get,55,-1
prepare_header,55,1
prepare_header,55,-1
prepare_iterator,55,1
prepare_iterator,55,-1
body[edge],55,1
body[edge],55,-1
edge_get,55,1
edge_get,55,-1
prepare_header,55,1
prepare_header,55,-1
prepare_iterator,55,1
prepare_iterator,55,-1
body[edge],55,1
body[edge],55,-1
edge_get,56,1
edge_get,56,-1
prepare_header,56,1
prepare_header,56,-1
prepare_iterator,56,1
prepare_iterator,56,-1
body[edge],56,1
body[edge],56,-1
edge_get,56,1
edge_get,56,-1
prepare_header,56,1
prepare_header,56,-1
prepare_iterator,56,1
prepare_iterator,56,-1
body[edge],56,1
body[edge],56,-1
edge_get,56,1
edge_get,56,-1
prepare_header,56,1
prepare_header,56,-1
prepare_iterator,56,1
prepare_iterator,56,-1
body[edge],56,1
body[edge],56,-1
edge_get,56,1
edge_get,56,-1
prepare_header,56,1
prepare_header,56,-1
prepare_iterator,56,1
prepare_iterator,56,-1
body[edge],56,1
body[edge],56,-1
edge_get,56,1
edge_get,56,-1
cloud_get,56,1
cloud_get,56,-1
prepare_header,56,1
prepare_header,56,-1
prepare_iterator,56,1
prepare_iterator,56,-1
body[cloud-http],56,1
body[cloud-http],56,-1
edge_get,57,1
edge_get,57,-1
cloud_get,57,1
cloud_get,57,-1
prepare_header,57,1
prepare_header,57,-1
prepare_iterator,57,1
prepare_iterator,57,-1
body[cloud-http],57,1
body[cloud-http],57,-1
edge_get,57,1
edge_get,57,-1
prepare_header,57,1
prepare_header,57,-1
prepare_iterator,57,1
prepare_iterator,57,-1
body[edge],57,1
body[edge],57,-1
edge_get,58,1
edge_get,58,-1
cloud_get,58,1
cloud_get,58,-1
prepare_header,58,1
prepare_header,58,-1
prepare_iterator,58,1
prepare_iterator,58,-1
body[cloud-http],58,1
body[cloud-http],58,-1
edge_get,58,1
edge_get,58,-1
prepare_header,58,1
prepare_header,58,-1
prepare_iterator,58,1
prepare_iterator,58,-1
body[edge],58,1
body[edge],58,-1
edge_get,59,1
edge_get,59,-1
prepare_header,59,1
prepare_header,59,-1
prepare_iterator,59,1
prepare_iterator,59,-1
body[edge],59,1
body[edge],59,-1
edge_get,59,1
edge_get,59,-1
prepare_header,59,1
prepare_header,59,-1
prepare_iterator,59,1
prepare_iterator,59,-1
body[edge],59,1
body[edge],59,-1
edge_get,59,1
edge_get,59,-1
cloud_get,59,1
cloud_get,59,-1
prepare_header,59,1
prepare_header,59,-1
prepare_iterator,59,1
prepare_iterator,59,-1
body[cloud-http],59,1
body[cloud-http],59,-1
edge_get,59,1
edge_get,59,-1
prepare_header,59,1
prepare_header,59,-1
prepare_iterator,59,1
prepare_iterator,59,-1
body[edge],59,1
body[edge],59,-1
edge_get,0,1
edge_get,0,-1
cloud_get,0,1
cloud_get,0,-1
prepare_header,0,1
prepare_header,0,-1
prepare_iterator,0,1
prepare_iterator,0,-1
body[cloud-http],0,1
body[cloud-http],0,-1
edge_get,0,1
edge_get,0,-1
cloud_get,0,1
cloud_get,0,-1
prepare_header,0,1
prepare_header,0,-1
prepare_iterator,0,1
prepare_iterator,0,-1
body[cloud-http],0,1
body[cloud-http],0,-1
edge_get,0,1
edge_get,0,-1
cloud_get,0,1
cloud_get,0,-1
prepare_header,0,1
prepare_header,0,-1
prepare_iterator,0,1
prepare_iterator,0,-1
body[cloud-http],0,1
body[cloud-http],0,-1
edge_get,0,1
edge_get,0,-1
prepare_header,0,1
prepare_header,0,-1
prepare_iterator,0,1
prepare_iterator,0,-1
body[edge],0,1
body[edge],0,-1
edge_get,1,1
edge_get,1,-1
prepare_header,1,1
prepare_header,1,-1
prepare_iterator,1,1
prepare_iterator,1,-1
body[edge],1,1
body[edge],1,-1
edge_get,1,1
edge_get,1,-1
prepare_header,1,1
prepare_header,1,-1
prepare_iterator,1,1
prepare_iterator,1,-1
body[edge],1,1
body[edge],1,-1
edge_get,1,1
edge_get,1,-1
prepare_header,1,1
prepare_header,1,-1
prepare_iterator,1,1
prepare_iterator,1,-1
body[edge],1,1
body[edge],1,-1
edge_get,1,1
edge_get,1,-1
cloud_get,1,1
cloud_get,1,-1
prepare_header,1,1
prepare_header,1,-1
prepare_iterator,1,1
prepare_iterator,1,-1
body[cloud-http],1,1
body[cloud-http],1,-1
edge_get,1,1
edge_get,1,-1
prepare_header,1,1
prepare_header,1,-1
prepare_iterator,1,1
prepare_iterator,1,-1
body[edge],1,1
body[edge],1,-1
edge_get,2,1
edge_get,2,-1
cloud_get,2,1
cloud_get,2,-1
prepare_header,2,1
prepare_header,2,-1
prepare_iterator,2,1
prepare_iterator,2,-1
body[cloud-http],2,1
body[cloud-http],2,-1
edge_get,2,1
edge_get,2,-1
prepare_header,2,1
prepare_header,2,-1
prepare_iterator,2,1
prepare_iterator,2,-1
body[edge],2,1
body[edge],2,-1
edge_get,2,1
edge_get,2,-1
cloud_get,2,1
cloud_get,2,-1
prepare_header,2,1
prepare_header,2,-1
prepare_iterator,2,1
prepare_iterator,2,-1
body[cloud-http],2,1
body[cloud-http],2,-1
edge_get,2,1
edge_get,2,-1
prepare_header,2,1
prepare_header,2,-1
prepare_iterator,2,1
prepare_iterator,2,-1
body[edge],2,1
body[edge],2,-1
edge_get,2,1
edge_get,2,-1
prepare_header,2,1
prepare_header,2,-1
prepare_iterator,2,1
prepare_iterator,2,-1
body[edge],2,1
body[edge],2,-1
edge_get,3,1
edge_get,3,-1
prepare_header,3,1
prepare_header,3,-1
prepare_iterator,3,1
prepare_iterator,3,-1
body[edge],3,1
body[edge],3,-1
edge_get,3,1
edge_get,3,-1
cloud_get,3,1
cloud_get,3,-1
prepare_header,3,1
prepare_header,3,-1
prepare_iterator,3,1
prepare_iterator,3,-1
body[cloud-http],3,1
body[cloud-http],3,-1
edge_get,4,1
edge_get,4,-1
cloud_get,4,1
cloud_get,4,-1
prepare_header,4,1
prepare_header,4,-1
prepare_iterator,4,1
prepare_iterator,4,-1
body[cloud-http],4,1
body[cloud-http],4,-1
edge_get,4,1
edge_get,4,-1
cloud_get,4,1
cloud_get,4,-1
prepare_header,4,1
prepare_header,4,-1
prepare_iterator,4,1
prepare_iterator,4,-1
body[cloud-http],4,1
body[cloud-http],4,-1
edge_get,4,1
edge_get,4,-1
prepare_header,4,1
prepare_header,4,-1
prepare_iterator,4,1
prepare_iterator,4,-1
body[edge],4,1
body[edge],4,-1
edge_get,4,1
edge_get,4,-1
cloud_get,4,1
cloud_get,4,-1
prepare_header,4,1
prepare_header,4,-1
prepare_iterator,4,1
prepare_iterator,4,-1
body[cloud-http],4,1
body[cloud-http],4,-1
edge_get,5,1
edge_get,5,-1
prepare_header,5,1
prepare_header,5,-1
prepare_iterator,5,1
prepare_iterator,5,-1
body[edge],5,1
body[edge],5,-1
edge_get,5,1
edge_get,5,-1
prepare_header,5,1
prepare_header,5,-1
prepare_iterator,5,1
prepare_iterator,5,-1
body[edge],5,1
body[edge],5,-1
edge_get,5,1
edge_get,5,-1
cloud_get,5,1
cloud_get,5,-1
prepare_header,5,1
prepare_header,5,-1
prepare_iterator,5,1
prepare_iterator,5,-1
body[cloud-http],5,1
body[cloud-http],5,-1
edge_get,6,1
edge_get,6,-1
prepare_header,6,1
prepare_header,6,-1
prepare_iterator,6,1
prepare_iterator,6,-1
body[edge],6,1
body[edge],6,-1
edge_get,6,1
edge_get,6,-1
prepare_header,6,1
prepare_header,6,-1
prepare_iterator,6,1
prepare_iterator,6,-1
body[edge],6,1
body[edge],6,-1
edge_get,6,1
edge_get,6,-1
prepare_header,6,1
prepare_header,6,-1
prepare_iterator,6,1
prepare_iterator,6,-1
body[edge],6,1
body[edge],6,-1
edge_get,6,1
edge_get,6,-1
prepare_header,6,1
prepare_header,6,-1
prepare_iterator,6,1
prepare_iterator,6,-1
body[edge],6,1
body[edge],6,-1
edge_get,7,1
edge_get,7,-1
prepare_header,7,1
prepare_header,7,-1
prepare_iterator,7,1
prepare_iterator,7,-1
body[edge],7,1
body[edge],7,-1
edge_get,7,1
edge_get,7,-1
prepare_header,7,1
prepare_header,7,-1
prepare_iterator,7,1
prepare_iterator,7,-1
body[edge],7,1
body[edge],7,-1
edge_get,7,1
edge_get,7,-1
cloud_get,7,1
cloud_get,7,-1
prepare_header,7,1
prepare_header,7,-1
prepare_iterator,7,1
prepare_iterator,7,-1
body[cloud-http],7,1
body[cloud-http],7,-1
edge_get,7,1
edge_get,7,-1
cloud_get,7,1
cloud_get,7,-1
prepare_header,7,1
prepare_header,7,-1
prepare_iterator,7,1
prepare_iterator,7,-1
body[cloud-http],7,1
body[cloud-http],7,-1
edge_get,7,1
edge_get,7,-1
prepare_header,7,1
prepare_header,7,-1
prepare_iterator,7,1
prepare_iterator,7,-1
body[edge],7,1
body[edge],7,-1
edge_get,8,1
edge_get,8,-1
prepare_header,8,1
prepare_header,8,-1
prepare_iterator,8,1
prepare_iterator,8,-1
body[edge],8,1
body[edge],8,-1
edge_get,8,1
edge_get,8,-1
prepare_header,8,1
prepare_header,8,-1
prepare_iterator,8,1
prepare_iterator,8,-1
body[edge],8,1
body[edge],8,-1
edge_get,8,1
edge_get,8,-1
cloud_get,8,1
cloud_get,8,-1
prepare_header,8,1
prepare_header,8,-1
prepare_iterator,8,1
prepare_iterator,8,-1
body[cloud-http],8,1
body[cloud-http],8,-1
edge_get,9,1
edge_get,9,-1
prepare_header,9,1
prepare_header,9,-1
prepare_iterator,9,1
prepare_iterator,9,-1
body[edge],9,1
body[edge],9,-1
edge_get,9,1
edge_get,9,-1
prepare_header,9,1
prepare_header,9,-1
prepare_iterator,9,1
prepare_iterator,9,-1
body[edge],9,1
body[edge],9,-1
edge_get,9,1
edge_get,9,-1
prepare_header,9,1
prepare_header,9,-1
prepare_iterator,9,1
prepare_iterator,9,-1
body[edge],9,1
body[edge],9,-1
edge_get,9,1
edge_get,9,-1
prepare_header,9,1
prepare_header,9,-1
prepare_iterator,9,1
prepare_iterator,9,-1
body[edge],9,1
body[edge],9,-1
edge_get,10,1
edge_get,10,-1
cloud_get,10,1
cloud_get,10,-1
prepare_header,10,1
prepare_header,10,-1
prepare_iterator,10,1
prepare_iterator,10,-1
body[cloud-http],10,1
body[cloud-http],10,-1
edge_get,10,1
edge_get,10,-1
prepare_header,10,1
prepare_header,10,-1
prepare_iterator,10,1
prepare_iterator,10,-1
body[edge],10,1
body[edge],10,-1
edge_get,11,1
edge_get,11,-1
cloud_get,11,1
cloud_get,11,-1
prepare_header,11,1
prepare_header,11,-1
prepare_iterator,11,1
prepare_iterator,11,-1
body[cloud-http],11,1
body[cloud-http],11,-1
edge_get,11,1
edge_get,11,-1
prepare_header,11,1
prepare_header,11,-1
prepare_iterator,11,1
prepare_iterator,11,-1
body[edge],11,1
body[edge],11,-1
edge_get,11,1
edge_get,11,-1
prepare_header,11,1
prepare_header,11,-1
prepare_iterator,11,1
prepare_iterator,11,-1
body[edge],11,1
body[edge],11,-1
edge_get,12,1
edge_get,12,-1
cloud_get,12,1
cloud_get,12,-1
prepare_header,12,1
prepare_header,12,-1
prepare_iterator,12,1
prepare_iterator,12,-1
body[cloud-http],12,1
body[cloud-http],12,-1
edge_get,12,1
edge_get,12,-1
cloud_get,12,1
cloud_get,12,-1
prepare_header,12,1
prepare_header,12,-1
prepare_iterator,12,1
prepare_iterator,12,-1
body[cloud-http],12,1
body[cloud-http],12,-1
edge_get,12,1
edge_get,12,-1
cloud_get,12,1
cloud_get,12,-1
prepare_header,12,1
prepare_header,12,-1
prepare_iterator,12,1
prepare_iterator,12,-1
body[cloud-http],12,1
body[cloud-http],12,-1
edge_get,13,1
edge_get,13,-1
prepare_header,13,1
prepare_header,13,-1
prepare_iterator,13,1
prepare_iterator,13,-1
body[edge],13,1
body[edge],13,-1
edge_get,13,1
edge_get,13,-1
prepare_header,13,1
prepare_header,13,-1
prepare_iterator,13,1
prepare_iterator,13,-1
body[edge],13,1
body[edge],13,-1
edge_get,13,1
edge_get,13,-1
cloud_get,13,1
cloud_get,13,-1
prepare_header,13,1
prepare_header,13,-1
prepare_iterator,13,1
prepare_iterator,13,-1
body[cloud-http],13,1
body[cloud-http],13,-1
edge_get,14,1
edge_get,14,-1
prepare_header,14,1
prepare_header,14,-1
prepare_iterator,14,1
prepare_iterator,14,-1
body[edge],14,1
body[edge],14,-1
edge_get,14,1
edge_get,14,-1
cloud_get,14,1
cloud_get,14,-1
prepare_header,14,1
prepare_header,14,-1
prepare_iterator,14,1
prepare_iterator,14,-1
body[cloud-http],14,1
body[cloud-http],14,-1
edge_get,14,1
edge_get,14,-1
prepare_header,14,1
prepare_header,14,-1
prepare_iterator,14,1
prepare_iterator,14,-1
body[edge],14,1
body[edge],14,-1
edge_get,14,1
edge_get,14,-1
prepare_header,14,1
prepare_header,14,-1
prepare_iterator,14,1
prepare_iterator,14,-1
body[edge],14,1
body[edge],14,-1
edge_get,15,1
edge_get,15,-1
prepare_header,15,1
prepare_header,15,-1
prepare_iterator,15,1
prepare_iterator,15,-1
body[edge],15,1
body[edge],15,-1
edge_get,16,1
edge_get,16,-1
prepare_header,16,1
prepare_header,16,-1
prepare_iterator,16,1
prepare_iterator,16,-1
body[edge],16,1
body[edge],16,-1
edge_get,16,1
edge_get,16,-1
prepare_header,16,1
prepare_header,16,-1
prepare_iterator,16,1
prepare_iterator,16,-1
body[edge],16,1
body[edge],16,-1
edge_get,16,1
edge_get,16,-1
cloud_get,16,1
cloud_get,16,-1
prepare_header,16,1
prepare_header,16,-1
prepare_iterator,16,1
prepare_iterator,16,-1
body[cloud-http],16,1
body[cloud-http],16,-1
edge_get,16,1
edge_get,16,-1
prepare_header,16,1
prepare_header,16,-1
prepare_iterator,16,1
prepare_iterator,16,-1
body[edge],16,1
body[edge],16,-1
edge_get,16,1
edge_get,16,-1
prepare_header,16,1
prepare_header,16,-1
prepare_iterator,16,1
prepare_iterator,16,-1
body[edge],16,1
body[edge],16,-1
edge_get,16,1
edge_get,16,-1
prepare_header,16,1
prepare_header,16,-1
prepare_iterator,16,1
prepare_iterator,16,-1
body[edge],16,1
body[edge],16,-1
edge_get,17,1
edge_get,17,-1
cloud_get,17,1
cloud_get,17,-1
prepare_header,17,1
prepare_header,17,-1
prepare_iterator,17,1
prepare_iterator,17,-1
body[cloud-http],17,1
body[cloud-http],17,-1
edge_get,17,1
edge_get,17,-1
prepare_header,17,1
prepare_header,17,-1
prepare_iterator,17,1
prepare_iterator,17,-1
body[edge],17,1
body[edge],17,-1
edge_get,17,1
edge_get,17,-1
cloud_get,17,1
cloud_get,17,-1
prepare_header,17,1
prepare_header,17,-1
prepare_iterator,17,1
prepare_iterator,17,-1
body[cloud-http],17,1
body[cloud-http],17,-1
edge_get,18,1
edge_get,18,-1
prepare_header,18,1
prepare_header,18,-1
prepare_iterator,18,1
prepare_iterator,18,-1
body[edge],18,1
body[edge],18,-1
edge_get,18,1
edge_get,18,-1
prepare_header,18,1
prepare_header,18,-1
prepare_iterator,18,1
prepare_iterator,18,-1
body[edge],18,1
body[edge],18,-1
edge_get,18,1
edge_get,18,-1
prepare_header,18,1
prepare_header,18,-1
prepare_iterator,18,1
prepare_iterator,18,-1
body[edge],18,1
body[edge],18,-1
edge_get,18,1
edge_get,18,-1
prepare_header,18,1
prepare_header,18,-1
prepare_iterator,18,1
prepare_iterator,18,-1
body[edge],18,1
body[edge],18,-1
edge_get,18,1
edge_get,18,-1
cloud_get,18,1
cloud_get,18,-1
prepare_header,18,1
prepare_header,18,-1
prepare_iterator,18,1
prepare_iterator,18,-1
body[cloud-http],18,1
body[cloud-http],18,-1
edge_get,19,1
edge_get,19,-1
prepare_header,19,1
prepare_header,19,-1
prepare_iterator,19,1
prepare_iterator,19,-1
body[edge],19,1
body[edge],19,-1
edge_get,19,1
edge_get,19,-1
prepare_header,19,1
prepare_header,19,-1
prepare_iterator,19,1
prepare_iterator,19,-1
body[edge],19,1
body[edge],19,-1
edge_get,19,1
edge_get,19,-1
cloud_get,19,1
cloud_get,19,-1
prepare_header,19,1
prepare_header,19,-1
prepare_iterator,19,1
prepare_iterator,19,-1
body[cloud-http],19,1
body[cloud-http],19,-1
edge_get,19,1
edge_get,19,-1
prepare_header,19,1
prepare_header,19,-1
prepare_iterator,19,1
prepare_iterator,19,-1
body[edge],19,1
body[edge],19,-1
edge_get,19,1
edge_get,19,-1
prepare_header,19,1
prepare_header,19,-1
prepare_iterator,19,1
prepare_iterator,19,-1
body[edge],19,1
body[edge],19,-1
edge_get,20,1
edge_get,20,-1
prepare_header,20,1
prepare_header,20,-1
prepare_iterator,20,1
prepare_iterator,20,-1
body[edge],20,1
body[edge],20,-1
edge_get,20,1
edge_get,20,-1
prepare_header,20,1
prepare_header,20,-1
prepare_iterator,20,1
prepare_iterator,20,-1
body[edge],20,1
body[edge],20,-1
edge_get,20,1
edge_get,20,-1
prepare_header,20,1
prepare_header,20,-1
prepare_iterator,20,1
prepare_iterator,20,-1
body[edge],20,1
body[edge],20,-1
edge_get,20,1
edge_get,20,-1
prepare_header,20,1
prepare_header,20,-1
prepare_iterator,20,1
prepare_iterator,20,-1
body[edge],20,1
body[edge],20,-1
edge_get,20,1
edge_get,20,-1
prepare_header,20,1
prepare_header,20,-1
prepare_iterator,20,1
prepare_iterator,20,-1
body[edge],20,1
body[edge],20,-1
edge_get,20,1
edge_get,20,-1
prepare_header,20,1
prepare_header,20,-1
prepare_iterator,20,1
prepare_iterator,20,-1
body[edge],20,1
body[edge],20,-1
edge_get,21,1
edge_get,21,-1
prepare_header,21,1
prepare_header,21,-1
prepare_iterator,21,1
prepare_iterator,21,-1
body[edge],21,1
body[edge],21,-1
edge_get,21,1
edge_get,21,-1
cloud_get,21,1
cloud_get,21,-1
prepare_header,21,1
prepare_header,21,-1
prepare_iterator,21,1
prepare_iterator,21,-1
body[cloud-http],21,1
body[cloud-http],21,-1
edge_get,21,1
edge_get,21,-1
prepare_header,21,1
prepare_header,21,-1
prepare_iterator,21,1
prepare_iterator,21,-1
body[edge],21,1
body[edge],21,-1
edge_get,21,1
edge_get,21,-1
prepare_header,21,1
prepare_header,21,-1
prepare_iterator,21,1
prepare_iterator,21,-1
body[edge],21,1
body[edge],21,-1
edge_get,21,1
edge_get,21,-1
prepare_header,21,1
prepare_header,21,-1
prepare_iterator,21,1
prepare_iterator,21,-1
body[edge],21,1
body[edge],21,-1
edge_get,22,1
edge_get,22,-1
cloud_get,22,1
cloud_get,22,-1
prepare_header,22,1
prepare_header,22,-1
prepare_iterator,22,1
prepare_iterator,22,-1
body[cloud-http],22,1
body[cloud-http],22,-1
edge_get,22,1
edge_get,22,-1
prepare_header,22,1
prepare_header,22,-1
prepare_iterator,22,1
prepare_iterator,22,-1
body[edge],22,1
body[edge],22,-1
edge_get,22,1
edge_get,22,-1
cloud_get,22,1
cloud_get,22,-1
prepare_header,22,1
prepare_header,22,-1
prepare_iterator,22,1
prepare_iterator,22,-1
body[cloud-http],22,1
body[cloud-http],22,-1
edge_get,22,1
edge_get,22,-1
prepare_header,22,1
prepare_header,22,-1
prepare_iterator,22,1
prepare_iterator,22,-1
body[edge],22,1
body[edge],22,-1
edge_get,23,1
edge_get,23,-1
prepare_header,23,1
prepare_header,23,-1
prepare_iterator,23,1
prepare_iterator,23,-1
body[edge],23,1
body[edge],23,-1
edge_get,23,1
edge_get,23,-1
cloud_get,23,1
cloud_get,23,-1
prepare_header,23,1
prepare_header,23,-1
prepare_iterator,23,1
prepare_iterator,23,-1
body[cloud-http],23,1
body[cloud-http],23,-1
edge_get,24,1
edge_get,24,-1
prepare_header,24,1
prepare_header,24,-1
prepare_iterator,24,1
prepare_iterator,24,-1
body[edge],24,1
body[edge],24,-1
edge_get,24,1
edge_get,24,-1
prepare_header,24,1
prepare_header,24,-1
prepare_iterator,24,1
prepare_iterator,24,-1
body[edge],24,1
body[edge],24,-1
edge_get,24,1
edge_get,24,-1
prepare_header,24,1
prepare_header,24,-1
prepare_iterator,24,1
prepare_iterator,24,-1
body[edge],24,1
body[edge],24,-1
edge_get,24,1
edge_get,24,-1
prepare_header,24,1
prepare_header,24,-1
prepare_iterator,24,1
prepare_iterator,24,-1
body[edge],24,1
body[edge],24,-1
edge_get,24,1
edge_get,24,-1
cloud_get,24,1
cloud_get,24,-1
prepare_header,24,1
prepare_header,24,-1
prepare_iterator,24,1
prepare_iterator,24,-1
body[cloud-http],24,1
body[cloud-http],24,-1
edge_get,25,1
edge_get,25,-1
prepare_header,25,1
prepare_header,25,-1
prepare_iterator,25,1
prepare_iterator,25,-1
body[edge],25,1
body[edge],25,-1
edge_get,25,1
edge_get,25,-1
cloud_get,25,1
cloud_get,25,-1
prepare_header,25,1
prepare_header,25,-1
prepare_iterator,25,1
prepare_iterator,25,-1
body[cloud-http],25,1
body[cloud-http],25,-1
edge_get,26,1
edge_get,26,-1
prepare_header,26,1
prepare_header,26,-1
prepare_iterator,26,1
prepare_iterator,26,-1
body[edge],26,1
body[edge],26,-1
edge_get,26,1
edge_get,26,-1
cloud_get,26,1
cloud_get,26,-1
prepare_header,26,1
prepare_header,26,-1
prepare_iterator,26,1
prepare_iterator,26,-1
body[cloud-http],26,1
body[cloud-http],26,-1
edge_get,26,1
edge_get,26,-1
prepare_header,26,1
prepare_header,26,-1
prepare_iterator,26,1
prepare_iterator,26,-1
body[edge],26,1
body[edge],26,-1
edge_get,26,1
edge_get,26,-1
prepare_header,26,1
prepare_header,26,-1
prepare_iterator,26,1
prepare_iterator,26,-1
body[edge],26,1
body[edge],26,-1
edge_get,26,1
edge_get,26,-1
prepare_header,26,1
prepare_header,26,-1
prepare_iterator,26,1
prepare_iterator,26,-1
body[edge],26,1
body[edge],26,-1
edge_get,26,1
edge_get,26,-1
prepare_header,26,1
prepare_header,26,-1
prepare_iterator,26,1
prepare_iterator,26,-1
body[edge],26,1
body[edge],26,-1
edge_get,27,1
edge_get,27,-1
cloud_get,27,1
cloud_get,27,-1
prepare_header,27,1
prepare_header,27,-1
prepare_iterator,27,1
prepare_iterator,27,-1
body[cloud-http],27,1
body[cloud-http],27,-1
edge_get,27,1
edge_get,27,-1
cloud_get,27,1
cloud_get,27,-1
prepare_header,27,1
prepare_header,27,-1
prepare_iterator,27,1
prepare_iterator,27,-1
body[cloud-http],27,1
body[cloud-http],27,-1
edge_get,27,1
edge_get,27,-1
prepare_header,27,1
prepare_header,27,-1
prepare_iterator,27,1
prepare_iterator,27,-1
body[edge],27,1
body[edge],27,-1
edge_get,27,1
edge_get,27,-1
prepare_header,27,1
prepare_header,27,-1
prepare_iterator,27,1
prepare_iterator,27,-1
body[edge],27,1
body[edge],27,-1
edge_get,27,1
edge_get,27,-1
prepare_header,27,1
prepare_header,27,-1
prepare_iterator,27,1
prepare_iterator,27,-1
body[edge],27,1
body[edge],27,-1
edge_get,29,1
edge_get,29,-1
prepare_header,29,1
prepare_header,29,-1
prepare_iterator,29,1
prepare_iterator,29,-1
body[edge],29,1
body[edge],29,-1
edge_get,29,1
edge_get,29,-1
cloud_get,29,1
cloud_get,29,-1
prepare_header,29,1
prepare_header,29,-1
prepare_iterator,29,1
prepare_iterator,29,-1
body[cloud-http],29,1
body[cloud-http],29,-1
edge_get,29,1
edge_get,29,-1
cloud_get,29,1
cloud_get,29,-1
prepare_header,29,1
prepare_header,29,-1
prepare_iterator,29,1
prepare_iterator,29,-1
body[cloud-http],29,1
body[cloud-http],29,-1
edge_get,29,1
edge_get,29,-1
prepare_header,29,1
prepare_header,29,-1
prepare_iterator,29,1
prepare_iterator,29,-1
body[edge],29,1
body[edge],29,-1
edge_get,29,1
edge_get,29,-1
cloud_get,29,1
cloud_get,29,-1
prepare_header,29,1
prepare_header,29,-1
prepare_iterator,29,1
prepare_iterator,29,-1
body[cloud-http],29,1
body[cloud-http],29,-1
edge_get,30,1
edge_get,30,-1
prepare_header,30,1
prepare_header,30,-1
prepare_iterator,30,1
prepare_iterator,30,-1
body[edge],30,1
body[edge],30,-1
edge_get,30,1
edge_get,30,-1
prepare_header,30,1
prepare_header,30,-1
prepare_iterator,30,1
prepare_iterator,30,-1
body[edge],30,1
body[edge],30,-1
edge_get,31,1
edge_get,31,-1
prepare_header,31,1
prepare_header,31,-1
prepare_iterator,31,1
prepare_iterator,31,-1
body[edge],31,1
body[edge],31,-1
edge_get,31,1
edge_get,31,-1
prepare_header,31,1
prepare_header,31,-1
prepare_iterator,31,1
prepare_iterator,31,-1
body[edge],31,1
body[edge],31,-1
edge_get,32,1
edge_get,32,-1
prepare_header,32,1
prepare_header,32,-1
prepare_iterator,32,1
prepare_iterator,32,-1
body[edge],32,1
body[edge],32,-1
edge_get,32,1
edge_get,32,-1
cloud_get,32,1
cloud_get,32,-1
prepare_header,32,1
prepare_header,32,-1
prepare_iterator,32,1
prepare_iterator,32,-1
body[cloud-http],32,1
body[cloud-http],32,-1
edge_get,32,1
edge_get,32,-1
prepare_header,32,1
prepare_header,32,-1
prepare_iterator,32,1
prepare_iterator,32,-1
body[edge],32,1
body[edge],32,-1
edge_get,32,1
edge_get,32,-1
cloud_get,32,1
cloud_get,32,-1
prepare_header,32,1
prepare_header,32,-1
prepare_iterator,32,1
prepare_iterator,32,-1
body[cloud-http],32,1
body[cloud-http],32,-1
edge_get,33,1
edge_get,33,-1
prepare_header,33,1
prepare_header,33,-1
prepare_iterator,33,1
prepare_iterator,33,-1
body[edge],33,1
body[edge],33,-1
edge_get,33,1
edge_get,33,-1
prepare_header,33,1
prepare_header,33,-1
prepare_iterator,33,1
prepare_iterator,33,-1
body[edge],33,1
body[edge],33,-1
edge_get,33,1
edge_get,33,-1
prepare_header,33,1
prepare_header,33,-1
prepare_iterator,33,1
prepare_iterator,33,-1
body[edge],33,1
body[edge],33,-1
edge_get,33,1
edge_get,33,-1
prepare_header,33,1
prepare_header,33,-1
prepare_iterator,33,1
prepare_iterator,33,-1
body[edge],33,1
body[edge],33,-1
edge_get,33,1
edge_get,33,-1
prepare_header,33,1
prepare_header,33,-1
prepare_iterator,33,1
prepare_iterator,33,-1
body[edge],33,1
body[edge],33,-1
edge_get,35,1
edge_get,35,-1
cloud_get,35,1
cloud_get,35,-1
prepare_header,35,1
prepare_header,35,-1
prepare_iterator,35,1
prepare_iterator,35,-1
body[cloud-http],35,1
body[cloud-http],35,-1
edge_get,35,1
edge_get,35,-1
cloud_get,35,1
cloud_get,35,-1
prepare_header,35,1
prepare_header,35,-1
prepare_iterator,35,1
prepare_iterator,35,-1
body[cloud-http],35,1
body[cloud-http],35,-1
edge_get,35,1
edge_get,35,-1
prepare_header,35,1
prepare_header,35,-1
prepare_iterator,35,1
prepare_iterator,35,-1
body[edge],35,1
body[edge],35,-1
edge_get,35,1
edge_get,35,-1
prepare_header,35,1
prepare_header,35,-1
prepare_iterator,35,1
prepare_iterator,35,-1
body[edge],35,1
body[edge],35,-1
edge_get,35,1
edge_get,35,-1
cloud_get,35,1
cloud_get,35,-1
prepare_header,35,1
prepare_header,35,-1
prepare_iterator,35,1
prepare_iterator,35,-1
body[cloud-http],35,1
body[cloud-http],35,-1
edge_get,36,1
edge_get,36,-1
prepare_header,36,1
prepare_header,36,-1
prepare_iterator,36,1
prepare_iterator,36,-1
body[edge],36,1
body[edge],36,-1
edge_get,37,1
edge_get,37,-1
prepare_header,37,1
prepare_header,37,-1
prepare_iterator,37,1
prepare_iterator,37,-1
body[edge],37,1
body[edge],37,-1
edge_get,37,1
edge_get,37,-1
prepare_header,37,1
prepare_header,37,-1
prepare_iterator,37,1
prepare_iterator,37,-1
body[edge],37,1
body[edge],37,-1
edge_get,37,1
edge_get,37,-1
cloud_get,37,1
cloud_get,37,-1
prepare_header,37,1
prepare_header,37,-1
prepare_iterator,37,1
prepare_iterator,37,-1
body[cloud-http],37,1
body[cloud-http],37,-1
edge_get,37,1
edge_get,37,-1
cloud_get,37,1
cloud_get,37,-1
prepare_header,37,1
prepare_header,37,-1
prepare_iterator,37,1
prepare_iterator,37,-1
body[cloud-http],37,1
body[cloud-http],37,-1
edge_get,38,1
edge_get,38,-1
prepare_header,38,1
prepare_header,38,-1
prepare_iterator,38,1
prepare_iterator,38,-1
body[edge],38,1
body[edge],38,-1
edge_get,38,1
edge_get,38,-1
prepare_header,38,1
prepare_header,38,-1
prepare_iterator,38,1
prepare_iterator,38,-1
body[edge],38,1
body[edge],38,-1
edge_get,39,1
edge_get,39,-1
cloud_get,39,1
cloud_get,39,-1
prepare_header,39,1
prepare_header,39,-1
prepare_iterator,39,1
prepare_iterator,39,-1
body[cloud-http],39,1
body[cloud-http],39,-1
edge_get,39,1
edge_get,39,-1
prepare_header,39,1
prepare_header,39,-1
prepare_iterator,39,1
prepare_iterator,39,-1
body[edge],39,1
body[edge],39,-1
edge_get,39,1
edge_get,39,-1
prepare_header,39,1
prepare_header,39,-1
prepare_iterator,39,1
prepare_iterator,39,-1
body[edge],39,1
body[edge],39,-1
edge_get,40,1
edge_get,40,-1
cloud_get,40,1
cloud_get,40,-1
prepare_header,40,1
prepare_header,40,-1
prepare_iterator,40,1
prepare_iterator,40,-1
body[cloud-http],40,1
body[cloud-http],40,-1
edge_get,40,1
edge_get,40,-1
prepare_header,40,1
prepare_header,40,-1
prepare_iterator,40,1
prepare_iterator,40,-1
body[edge],40,1
body[edge],40,-1
edge_get,41,1
edge_get,41,-1
cloud_get,41,1
cloud_get,41,-1
prepare_header,41,1
prepare_header,41,-1
prepare_iterator,41,1
prepare_iterator,41,-1
body[cloud-http],41,1
body[cloud-http],41,-1
edge_get,41,1
edge_get,41,-1
prepare_header,41,1
prepare_header,41,-1
prepare_iterator,41,1
prepare_iterator,41,-1
body[edge],41,1
body[edge],41,-1
edge_get,41,1
edge_get,41,-1
cloud_get,41,1
cloud_get,41,-1
prepare_header,41,1
prepare_header,41,-1
prepare_iterator,41,1
prepare_iterator,41,-1
body[cloud-http],41,1
body[cloud-http],41,-1
edge_get,41,1
edge_get,41,-1
prepare_header,41,1
prepare_header,41,-1
prepare_iterator,41,1
prepare_iterator,41,-1
body[edge],41,1
body[edge],41,-1
edge_get,42,1
edge_get,42,-1
cloud_get,42,1
cloud_get,42,-1
prepare_header,42,1
prepare_header,42,-1
prepare_iterator,42,1
prepare_iterator,42,-1
body[cloud-http],42,1
body[cloud-http],42,-1
edge_get,42,1
edge_get,42,-1
prepare_header,42,1
prepare_header,42,-1
prepare_iterator,42,1
prepare_iterator,42,-1
body[edge],42,1
body[edge],42,-1
edge_get,42,1
edge_get,42,-1
prepare_header,42,1
prepare_header,42,-1
prepare_iterator,42,1
prepare_iterator,42,-1
body[edge],42,1
body[edge],42,-1
edge_get,42,1
edge_get,42,-1
cloud_get,42,1
cloud_get,42,-1
prepare_header,42,1
prepare_header,42,-1
prepare_iterator,42,1
prepare_iterator,42,-1
body[cloud-http],42,1
body[cloud-http],42,-1
edge_get,43,1
edge_get,43,-1
cloud_get,43,1
cloud_get,43,-1
prepare_header,43,1
prepare_header,43,-1
prepare_iterator,43,1
prepare_iterator,43,-1
body[cloud-http],43,1
body[cloud-http],43,-1
edge_get,43,1
edge_get,43,-1
cloud_get,43,1
cloud_get,43,-1
prepare_header,43,1
prepare_header,43,-1
prepare_iterator,43,1
prepare_iterator,43,-1
body[cloud-http],43,1
body[cloud-http],43,-1
edge_get,43,1
edge_get,43,-1
prepare_header,43,1
prepare_header,43,-1
prepare_iterator,43,1
prepare_iterator,43,-1
body[edge],43,1
body[edge],43,-1
edge_get,43,1
edge_get,43,-1
prepare_header,43,1
prepare_header,43,-1
prepare_iterator,43,1
prepare_iterator,43,-1
body[edge],43,1
body[edge],43,-1
edge_get,43,1
edge_get,43,-1
cloud_get,43,1
cloud_get,43,-1
prepare_header,43,1
prepare_header,43,-1
prepare_iterator,43,1
prepare_iterator,43,-1
body[cloud-http],43,1
body[cloud-http],43,-1
edge_get,43,1
edge_get,43,-1
prepare_header,43,1
prepare_header,43,-1
prepare_iterator,43,1
prepare_iterator,43,-1
body[edge],43,1
body[edge],43,-1
edge_get,44,1
edge_get,44,-1
prepare_header,44,1
prepare_header,44,-1
prepare_iterator,44,1
prepare_iterator,44,-1
body[edge],44,1
body[edge],44,-1
edge_get,44,1
edge_get,44,-1
prepare_header,44,1
prepare_header,44,-1
prepare_iterator,44,1
prepare_iterator,44,-1
body[edge],44,1
body[edge],44,-1
edge_get,44,1
edge_get,44,-1
cloud_get,44,1
cloud_get,44,-1
prepare_header,44,1
prepare_header,44,-1
prepare_iterator,44,1
prepare_iterator,44,-1
body[cloud-http],44,1
body[cloud-http],44,-1
edge_get,44,1
edge_get,44,-1
prepare_header,44,1
prepare_header,44,-1
prepare_iterator,44,1
prepare_iterator,44,-1
body[edge],44,1
body[edge],44,-1
edge_get,45,1
edge_get,45,-1
prepare_header,45,1
prepare_header,45,-1
prepare_iterator,45,1
prepare_iterator,45,-1
body[edge],45,1
body[edge],45,-1
edge_get,45,1
edge_get,45,-1
prepare_header,45,1
prepare_header,45,-1
prepare_iterator,45,1
prepare_iterator,45,-1
body[edge],45,1
body[edge],45,-1
edge_get,45,1
edge_get,45,-1
prepare_header,45,1
prepare_header,45,-1
prepare_iterator,45,1
prepare_iterator,45,-1
body[edge],45,1
body[edge],45,-1
edge_get,45,1
edge_get,45,-1
prepare_header,45,1
prepare_header,45,-1
prepare_iterator,45,1
prepare_iterator,45,-1
body[edge],45,1
body[edge],45,-1
edge_get,45,1
edge_get,45,-1
cloud_get,45,1
cloud_get,45,-1
prepare_header,45,1
prepare_header,45,-1
prepare_iterator,45,1
prepare_iterator,45,-1
body[cloud-http],45,1
body[cloud-http],45,-1
edge_get,45,1
edge_get,45,-1
prepare_header,45,1
prepare_header,45,-1
prepare_iterator,45,1
prepare_iterator,45,-1
body[edge],45,1
body[edge],45,-1
edge_get,46,1
edge_get,46,-1
cloud_get,46,1
cloud_get,46,-1
prepare_header,46,1
prepare_header,46,-1
prepare_iterator,46,1
prepare_iterator,46,-1
body[cloud-http],46,1
body[cloud-http],46,-1
edge_get,46,1
edge_get,46,-1
prepare_header,46,1
prepare_header,46,-1
prepare_iterator,46,1
prepare_iterator,46,-1
body[edge],46,1
body[edge],46,-1
edge_get,46,1
edge_get,46,-1
cloud_get,46,1
cloud_get,46,-1
prepare_header,46,1
prepare_header,46,-1
prepare_iterator,46,1
prepare_iterator,46,-1
body[cloud-http],46,1
body[cloud-http],46,-1
edge_get,46,1
edge_get,46,-1
prepare_header,46,1
prepare_header,46,-1
prepare_iterator,46,1
prepare_iterator,46,-1
body[edge],46,1
body[edge],46,-1
edge_get,47,1
edge_get,47,-1
prepare_header,47,1
prepare_header,47,-1
prepare_iterator,47,1
prepare_iterator,47,-1
body[edge],47,1
body[edge],47,-1
edge_get,47,1
edge_get,47,-1
prepare_header,47,1
prepare_header,47,-1
prepare_iterator,47,1
prepare_iterator,47,-1
body[edge],47,1
body[edge],47,-1
edge_get,47,1
edge_get,47,-1
prepare_header,47,1
prepare_header,47,-1
prepare_iterator,47,1
prepare_iterator,47,-1
body[edge],47,1
body[edge],47,-1
edge_get,47,1
edge_get,47,-1
prepare_header,47,1
prepare_header,47,-1
prepare_iterator,47,1
prepare_iterator,47,-1
body[edge],47,1
body[edge],47,-1
edge_get,48,1
edge_get,48,-1
prepare_header,48,1
prepare_header,48,-1
prepare_iterator,48,1
prepare_iterator,48,-1
body[edge],48,1
body[edge],48,-1
edge_get,48,1
edge_get,48,-1
cloud_get,48,1
cloud_get,48,-1
prepare_header,48,1
prepare_header,48,-1
prepare_iterator,48,1
prepare_iterator,48,-1
body[cloud-http],48,1
body[cloud-http],48,-1
edge_get,48,1
edge_get,48,-1
prepare_header,48,1
prepare_header,48,-1
prepare_iterator,48,1
prepare_iterator,48,-1
body[edge],48,1
body[edge],48,-1
edge_get,48,1
edge_get,48,-1
cloud_get,48,1
cloud_get,48,-1
prepare_header,48,1
prepare_header,48,-1
prepare_iterator,48,1
prepare_iterator,48,-1
body[cloud-http],48,1
body[cloud-http],48,-1
edge_get,48,1
edge_get,48,-1
cloud_get,48,1
cloud_get,48,-1
prepare_header,48,1
prepare_header,48,-1
prepare_iterator,48,1
prepare_iterator,48,-1
body[cloud-http],48,1
body[cloud-http],48,-1
edge_get,49,1
edge_get,49,-1
cloud_get,49,1
cloud_get,49,-1
prepare_header,49,1
prepare_header,49,-1
prepare_iterator,49,1
prepare_iterator,49,-1
body[cloud-http],49,1
body[cloud-http],49,-1
edge_get,49,1
edge_get,49,-1
cloud_get,49,1
cloud_get,49,-1
prepare_header,49,1
prepare_header,49,-1
prepare_iterator,49,1
prepare_iterator,49,-1
body[cloud-http],49,1
body[cloud-http],49,-1
edge_get,49,1
edge_get,49,-1
prepare_header,49,1
prepare_header,49,-1
prepare_iterator,49,1
prepare_iterator,49,-1
body[edge],49,1
body[edge],49,-1
edge_get,49,1
edge_get,49,-1
prepare_header,49,1
prepare_header,49,-1
prepare_iterator,49,1
prepare_iterator,49,-1
body[edge],49,1
body[edge],49,-1
edge_get,49,1
edge_get,49,-1
prepare_header,49,1
prepare_header,49,-1
prepare_iterator,49,1
prepare_iterator,49,-1
body[edge],49,1
body[edge],49,-1
edge_get,50,1
edge_get,50,-1
prepare_header,50,1
prepare_header,50,-1
prepare_iterator,50,1
prepare_iterator,50,-1
body[edge],50,1
body[edge],50,-1
edge_get,51,1
edge_get,51,-1
cloud_get,51,1
cloud_get,51,-1
prepare_header,51,1
prepare_header,51,-1
prepare_iterator,51,1
prepare_iterator,51,-1
body[cloud-http],51,1
body[cloud-http],51,-1
edge_get,51,1
edge_get,51,-1
prepare_header,51,1
prepare_header,51,-1
prepare_iterator,51,1
prepare_iterator,51,-1
body[edge],51,1
body[edge],51,-1
edge_get,51,1
edge_get,51,-1
prepare_header,51,1
prepare_header,51,-1
prepare_iterator,51,1
prepare_iterator,51,-1
body[edge],51,1
body[edge],51,-1
edge_get,52,1
edge_get,52,-1
cloud_get,52,1
cloud_get,52,-1
prepare_header,52,1
prepare_header,52,-1
prepare_iterator,52,1
prepare_iterator,52,-1
body[cloud-http],52,1
body[cloud-http],52,-1
edge_get,52,1
edge_get,52,-1
prepare_header,52,1
prepare_header,52,-1
prepare_iterator,52,1
prepare_iterator,52,-1
body[edge],52,1
body[edge],52,-1
edge_get,52,1
edge_get,52,-1
prepare_header,52,1
prepare_header,52,-1
prepare_iterator,52,1
prepare_iterator,52,-1
body[edge],52,1
body[edge],52,-1
edge_get,53,1
edge_get,53,-1
cloud_get,53,1
cloud_get,53,-1
prepare_header,53,1
prepare_header,53,-1
prepare_iterator,53,1
prepare_iterator,53,-1
body[cloud-http],53,1
body[cloud-http],53,-1
edge_get,53,1
edge_get,53,-1
cloud_get,53,1
cloud_get,53,-1
prepare_header,53,1
prepare_header,53,-1
prepare_iterator,53,1
prepare_iterator,53,-1
body[cloud-http],53,1
body[cloud-http],53,-1
edge_get,53,1
edge_get,53,-1
cloud_get,53,1
cloud_get,53,-1
prepare_header,53,1
prepare_header,53,-1
prepare_iterator,53,1
prepare_iterator,53,-1
body[cloud-http],53,1
body[cloud-http],53,-1
edge_get,53,1
edge_get,53,-1
prepare_header,53,1
prepare_header,53,-1
prepare_iterator,53,1
prepare_iterator,53,-1
body[edge],53,1
body[edge],53,-1
edge_get,54,1
edge_get,54,-1
prepare_header,54,1
prepare_header,54,-1
prepare_iterator,54,1
prepare_iterator,54,-1
body[edge],54,1
body[edge],54,-1
edge_get,54,1
edge_get,54,-1
cloud_get,54,1
cloud_get,54,-1
prepare_header,54,1
prepare_header,54,-1
prepare_iterator,54,1
prepare_iterator,54,-1
body[cloud-http],54,1
body[cloud-http],54,-1
edge_get,54,1
edge_get,54,-1
cloud_get,54,1
cloud_get,54,-1
prepare_header,54,1
prepare_header,54,-1
prepare_iterator,54,1
prepare_iterator,54,-1
body[cloud-http],54,1
body[cloud-http],54,-1
edge_get,54,1
edge_get,54,-1
prepare_header,54,1
prepare_header,54,-1
prepare_iterator,54,1
prepare_iterator,54,-1
body[edge],54,1
body[edge],54,-1
edge_get,54,1
edge_get,54,-1
cloud_get,54,1
cloud_get,54,-1
prepare_header,54,1
prepare_header,54,-1
prepare_iterator,54,1
prepare_iterator,54,-1
body[cloud-http],54,1
body[cloud-http],54,-1
edge_get,55,1
edge_get,55,-1
prepare_header,55,1
prepare_header,55,-1
prepare_iterator,55,1
prepare_iterator,55,-1
body[edge],55,1
body[edge],55,-1
edge_get,55,1
edge_get,55,-1
prepare_header,55,1
prepare_header,55,-1
prepare_iterator,55,1
prepare_iterator,55,-1
body[edge],55,1
body[edge],55,-1
edge_get,55,1
edge_get,55,-1
cloud_get,55,1
cloud_get,55,-1
prepare_header,55,1
prepare_header,55,-1
prepare_iterator,55,1
prepare_iterator,55,-1
body[cloud-http],55,1
body[cloud-http],55,-1
edge_get,56,1
edge_get,56,-1
prepare_header,56,1
prepare_header,56,-1
prepare_iterator,56,1
prepare_iterator,56,-1
body[edge],56,1
body[edge],56,-1
edge_get,56,1
edge_get,56,-1
prepare_header,56,1
prepare_header,56,-1
prepare_iterator,56,1
prepare_iterator,56,-1
body[edge],56,1
body[edge],56,-1
edge_get,57,1
edge_get,57,-1
prepare_header,57,1
prepare_header,57,-1
prepare_iterator,57,1
prepare_iterator,57,-1
body[edge],57,1
body[edge],57,-1
edge_get,57,1
edge_get,57,-1
prepare_header,57,1
prepare_header,57,-1
prepare_iterator,57,1
prepare_iterator,57,-1
body[edge],57,1
body[edge],57,-1
edge_get,57,1
edge_get,57,-1
prepare_header,57,1
prepare_header,57,-1
prepare_iterator,57,1
prepare_iterator,57,-1
body[edge],57,1
body[edge],57,-1
edge_get,57,1
edge_get,57,-1
prepare_header,57,1
prepare_header,57,-1
prepare_iterator,57,1
prepare_iterator,57,-1
body[edge],57,1
body[edge],57,-1
edge_get,58,1
edge_get,58,-1
cloud_get,58,1
cloud_get,58,-1
prepare_header,58,1
prepare_header,58,-1
prepare_iterator,58,1
prepare_iterator,58,-1
body[cloud-http],58,1
body[cloud-http],58,-1
edge_get,58,1
edge_get,58,-1
cloud_get,58,1
cloud_get,58,-1
prepare_header,58,1
prepare_header,58,-1
prepare_iterator,58,1
prepare_iterator,58,-1
body[cloud-http],58,1
body[cloud-http],58,-1
edge_get,58,1
edge_get,58,-1
prepare_header,58,1
prepare_header,58,-1
prepare_iterator,58,1
prepare_iterator,58,-1
body[edge],58,1
body[edge],58,-1
edge_get,58,1
edge_get,58,-1
prepare_header,58,1
prepare_header,58,-1
prepare_iterator,58,1
prepare_iterator,58,-1
body[edge],58,1
body[edge],58,-1
edge_get,59,1
edge_get,59,-1
prepare_header,59,1
prepare_header,59,-1
prepare_iterator,59,1
prepare_iterator,59,-1
body[edge],59,1
body[edge],59,-1
edge_get,59,1
edge_get,59,-1
cloud_get,59,1
cloud_get,59,-1
prepare_header,59,1
prepare_header,59,-1
prepare_iterator,59,1
prepare_iterator,59,-1
body[cloud-http],59,1
body[cloud-http],59,-1
edge_get,59,1
edge_get,59,-1
prepare_header,59,1
prepare_header,59,-1
prepare_iterator,59,1
prepare_iterator,59,-1
body[edge],59,1
body[edge],59,-1
edge_get,59,1
edge_get,59,-1
prepare_header,59,1
prepare_header,59,-1
prepare_iterator,59,1
prepare_iterator,59,-1
body[edge],59,1
body[edge],59,-1
edge_get,59,1
edge_get,59,-1
cloud_get,59,1
cloud_get,59,-1
prepare_header,59,1
prepare_header,59,-1
prepare_iterator,59,1
prepare_iterator,59,-1
body[cloud-http],59,1
body[cloud-http],59,-1
edge_get,0,1
edge_get,0,-1
prepare_header,0,1
prepare_header,0,-1
prepare_iterator,0,1
prepare_iterator,0,-1
body[edge],0,1
body[edge],0,-1
edge_get,0,1
edge_get,0,-1
cloud_get,0,1
cloud_get,0,-1
prepare_header,0,1
prepare_header,0,-1
prepare_iterator,0,1
prepare_iterator,0,-1
body[cloud-http],0,1
body[cloud-http],0,-1
edge_get,1,1
edge_get,1,-1
cloud_get,1,1
cloud_get,1,-1
prepare_header,1,1
prepare_header,1,-1
prepare_iterator,1,1
prepare_iterator,1,-1
body[cloud-http],1,1
body[cloud-http],1,-1
edge_get,1,1
edge_get,1,-1
prepare_header,1,1
prepare_header,1,-1
prepare_iterator,1,1
prepare_iterator,1,-1
body[edge],1,1
body[edge],1,-1
edge_get,1,1
edge_get,1,-1
cloud_get,1,1
cloud_get,1,-1
prepare_header,1,1
prepare_header,1,-1
prepare_iterator,1,1
prepare_iterator,1,-1
body[cloud-http],1,1
body[cloud-http],1,-1
edge_get,1,1
edge_get,1,-1
prepare_header,1,1
prepare_header,1,-1
prepare_iterator,1,1
prepare_iterator,1,-1
body[edge],1,1
body[edge],1,-1
edge_get,2,1
edge_get,2,-1
prepare_header,2,1
prepare_header,2,-1
prepare_iterator,2,1
prepare_iterator,2,-1
body[edge],2,1
body[edge],2,-1
edge_get,2,1
edge_get,2,-1
prepare_header,2,1
prepare_header,2,-1
prepare_iterator,2,1
prepare_iterator,2,-1
body[edge],2,1
body[edge],2,-1
edge_get,3,1
edge_get,3,-1
prepare_header,3,1
prepare_header,3,-1
prepare_iterator,3,1
prepare_iterator,3,-1
body[edge],3,1
body[edge],3,-1
edge_get,3,1
edge_get,3,-1
prepare_header,3,1
prepare_header,3,-1
prepare_iterator,3,1
prepare_iterator,3,-1
body[edge],3,1
body[edge],3,-1
edge_get,3,1
edge_get,3,-1
prepare_header,3,1
prepare_header,3,-1
prepare_iterator,3,1
prepare_iterator,3,-1
body[edge],3,1
body[edge],3,-1
edge_get,4,1
edge_get,4,-1
cloud_get,4,1
cloud_get,4,-1
prepare_header,4,1
prepare_header,4,-1
prepare_iterator,4,1
prepare_iterator,4,-1
body[cloud-http],4,1
body[cloud-http],4,-1
edge_get,4,1
edge_get,4,-1
cloud_get,4,1
cloud_get,4,-1
prepare_header,4,1
prepare_header,4,-1
prepare_iterator,4,1
prepare_iterator,4,-1
body[cloud-http],4,1
body[cloud-http],4,-1
edge_get,5,1
edge_get,5,-1
cloud_get,5,1
cloud_get,5,-1
prepare_header,5,1
prepare_header,5,-1
prepare_iterator,5,1
prepare_iterator,5,-1
body[cloud-http],5,1
body[cloud-http],5,-1
edge_get,5,1
edge_get,5,-1
prepare_header,5,1
prepare_header,5,-1
prepare_iterator,5,1
prepare_iterator,5,-1
body[edge],5,1
body[edge],5,-1
edge_get,5,1
edge_get,5,-1
cloud_get,5,1
cloud_get,5,-1
prepare_header,5,1
prepare_header,5,-1
prepare_iterator,5,1
prepare_iterator,5,-1
body[cloud-http],5,1
body[cloud-http],5,-1
edge_get,5,1
edge_get,5,-1
prepare_header,5,1
prepare_header,5,-1
prepare_iterator,5,1
prepare_iterator,5,-1
body[edge],5,1
body[edge],5,-1
edge_get,6,1
edge_get,6,-1
prepare_header,6,1
prepare_header,6,-1
prepare_iterator,6,1
prepare_iterator,6,-1
body[edge],6,1
body[edge],6,-1
edge_get,6,1
edge_get,6,-1
prepare_header,6,1
prepare_header,6,-1
prepare_iterator,6,1
prepare_iterator,6,-1
body[edge],6,1
body[edge],6,-1
edge_get,6,1
edge_get,6,-1
prepare_header,6,1
prepare_header,6,-1
prepare_iterator,6,1
prepare_iterator,6,-1
body[edge],6,1
body[edge],6,-1
edge_get,6,1
edge_get,6,-1
prepare_header,6,1
prepare_header,6,-1
prepare_iterator,6,1
prepare_iterator,6,-1
body[edge],6,1
body[edge],6,-1
edge_get,6,1
edge_get,6,-1
prepare_header,6,1
prepare_header,6,-1
prepare_iterator,6,1
prepare_iterator,6,-1
body[edge],6,1
body[edge],6,-1
edge_get,7,1
edge_get,7,-1
prepare_header,7,1
prepare_header,7,-1
prepare_iterator,7,1
prepare_iterator,7,-1
body[edge],7,1
body[edge],7,-1
edge_get,7,1
edge_get,7,-1
prepare_header,7,1
prepare_header,7,-1
prepare_iterator,7,1
prepare_iterator,7,-1
body[edge],7,1
body[edge],7,-1
edge_get,8,1
edge_get,8,-1
cloud_get,8,1
cloud_get,8,-1
prepare_header,8,1
prepare_header,8,-1
prepare_iterator,8,1
prepare_iterator,8,-1
body[cloud-http],8,1
body[cloud-http],8,-1
edge_get,8,1
edge_get,8,-1
cloud_get,8,1
cloud_get,8,-1
prepare_header,8,1
prepare_header,8,-1
prepare_iterator,8,1
prepare_iterator,8,-1
body[cloud-http],8,1
body[cloud-http],8,-1
edge_get,9,1
edge_get,9,-1
prepare_header,9,1
prepare_header,9,-1
prepare_iterator,9,1
prepare_iterator,9,-1
body[edge],9,1
body[edge],9,-1
edge_get,9,1
edge_get,9,-1
prepare_header,9,1
prepare_header,9,-1
prepare_iterator,9,1
prepare_iterator,9,-1
body[edge],9,1
body[edge],9,-1
edge_get,9,1
edge_get,9,-1
prepare_header,9,1
prepare_header,9,-1
prepare_iterator,9,1
prepare_iterator,9,-1
body[edge],9,1
body[edge],9,-1
edge_get,9,1
edge_get,9,-1
prepare_header,9,1
prepare_header,9,-1
prepare_iterator,9,1
prepare_iterator,9,-1
body[edge],9,1
body[edge],9,-1
edge_get,9,1
edge_get,9,-1
prepare_header,9,1
prepare_header,9,-1
prepare_iterator,9,1
prepare_iterator,9,-1
body[edge],9,1
body[edge],9,-1
edge_get,10,1
edge_get,10,-1
cloud_get,10,1
cloud_get,10,-1
prepare_header,10,1
prepare_header,10,-1
prepare_iterator,10,1
prepare_iterator,10,-1
body[cloud-http],10,1
body[cloud-http],10,-1
edge_get,10,1
edge_get,10,-1
prepare_header,10,1
prepare_header,10,-1
prepare_iterator,10,1
prepare_iterator,10,-1
body[edge],10,1
body[edge],10,-1
edge_get,10,1
edge_get,10,-1
cloud_get,10,1
cloud_get,10,-1
prepare_header,10,1
prepare_header,10,-1
prepare_iterator,10,1
prepare_iterator,10,-1
body[cloud-http],10,1
body[cloud-http],10,-1
edge_get,10,1
edge_get,10,-1
prepare_header,10,1
prepare_header,10,-1
prepare_iterator,10,1
prepare_iterator,10,-1
body[edge],10,1
body[edge],10,-1
edge_get,10,1
edge_get,10,-1
prepare_header,10,1
prepare_header,10,-1
prepare_iterator,10,1
prepare_iterator,10,-1
body[edge],10,1
body[edge],10,-1
edge_get,11,1
edge_get,11,-1
cloud_get,11,1
cloud_get,11,-1
prepare_header,11,1
prepare_header,11,-1
prepare_iterator,11,1
prepare_iterator,11,-1
body[cloud-http],11,1
body[cloud-http],11,-1
edge_get,11,1
edge_get,11,-1
prepare_header,11,1
prepare_header,11,-1
prepare_iterator,11,1
prepare_iterator,11,-1
body[edge],11,1
body[edge],11,-1
edge_get,11,1
edge_get,11,-1
prepare_header,11,1
prepare_header,11,-1
prepare_iterator,11,1
prepare_iterator,11,-1
body[edge],11,1
body[edge],11,-1
edge_get,12,1
edge_get,12,-1
cloud_get,12,1
cloud_get,12,-1
prepare_header,12,1
prepare_header,12,-1
prepare_iterator,12,1
prepare_iterator,12,-1
body[cloud-http],12,1
body[cloud-http],12,-1
edge_get,12,1
edge_get,12,-1
prepare_header,12,1
prepare_header,12,-1
prepare_iterator,12,1
prepare_iterator,12,-1
body[edge],12,1
body[edge],12,-1
edge_get,12,1
edge_get,12,-1
prepare_header,12,1
prepare_header,12,-1
prepare_iterator,12,1
prepare_iterator,12,-1
body[edge],12,1
body[edge],12,-1
edge_get,12,1
edge_get,12,-1
prepare_header,12,1
prepare_header,12,-1
prepare_iterator,12,1
prepare_iterator,12,-1
body[edge],12,1
body[edge],12,-1
edge_get,13,1
edge_get,13,-1
prepare_header,13,1
prepare_header,13,-1
prepare_iterator,13,1
prepare_iterator,13,-1
body[edge],13,1
body[edge],13,-1
edge_get,14,1
edge_get,14,-1
prepare_header,14,1
prepare_header,14,-1
prepare_iterator,14,1
prepare_iterator,14,-1
body[edge],14,1
body[edge],14,-1
edge_get,14,1
edge_get,14,-1
prepare_header,14,1
prepare_header,14,-1
prepare_iterator,14,1
prepare_iterator,14,-1
body[edge],14,1
body[edge],14,-1
edge_get,14,1
edge_get,14,-1
prepare_header,14,1
prepare_header,14,-1
prepare_iterator,14,1
prepare_iterator,14,-1
body[edge],14,1
body[edge],14,-1
edge_get,14,1
edge_get,14,-1
prepare_header,14,1
prepare_header,14,-1
prepare_iterator,14,1
prepare_iterator,14,-1
body[edge],14,1
body[edge],14,-1
edge_get,15,1
edge_get,15,-1
prepare_header,15,1
prepare_header,15,-1
prepare_iterator,15,1
prepare_iterator,15,-1
body[edge],15,1
body[edge],15,-1
edge_get,15,1
edge_get,15,-1
prepare_header,15,1
prepare_header,15,-1
prepare_iterator,15,1
prepare_iterator,15,-1
body[edge],15,1
body[edge],15,-1
edge_get,15,1
edge_get,15,-1
prepare_header,15,1
prepare_header,15,-1
prepare_iterator,15,1
prepare_iterator,15,-1
body[edge],15,1
body[edge],15,-1
edge_get,16,1
edge_get,16,-1
prepare_header,16,1
prepare_header,16,-1
prepare_iterator,16,1
prepare_iterator,16,-1
body[edge],16,1
body[edge],16,-1
edge_get,16,1
edge_get,16,-1
prepare_header,16,1
prepare_header,16,-1
prepare_iterator,16,1
prepare_iterator,16,-1
body[edge],16,1
body[edge],16,-1
edge_get,17,1
edge_get,17,-1
prepare_header,17,1
prepare_header,17,-1
prepare_iterator,17,1
prepare_iterator,17,-1
body[edge],17,1
body[edge],17,-1
edge_get,17,1
edge_get,17,-1
cloud_get,17,1
cloud_get,17,-1
prepare_header,17,1
prepare_header,17,-1
prepare_iterator,17,1
prepare_iterator,17,-1
body[cloud-http],17,1
body[cloud-http],17,-1
edge_get,18,1
edge_get,18,-1
prepare_header,18,1
prepare_header,18,-1
prepare_iterator,18,1
prepare_iterator,18,-1
body[edge],18,1
body[edge],18,-1
edge_get,18,1
edge_get,18,-1
prepare_header,18,1
prepare_header,18,-1
prepare_iterator,18,1
prepare_iterator,18,-1
body[edge],18,1
body[edge],18,-1
edge_get,18,1
edge_get,18,-1
prepare_header,18,1
prepare_header,18,-1
prepare_iterator,18,1
prepare_iterator,18,-1
body[edge],18,1
body[edge],18,-1
edge_get,19,1
edge_get,19,-1
prepare_header,19,1
prepare_header,19,-1
prepare_iterator,19,1
prepare_iterator,19,-1
body[edge],19,1
body[edge],19,-1
edge_get,20,1
edge_get,20,-1
prepare_header,20,1
prepare_header,20,-1
prepare_iterator,20,1
prepare_iterator,20,-1
body[edge],20,1
body[edge],20,-1
edge_get,20,1
edge_get,20,-1
prepare_header,20,1
prepare_header,20,-1
prepare_iterator,20,1
prepare_iterator,20,-1
body[edge],20,1
body[edge],20,-1
edge_get,21,1
edge_get,21,-1
prepare_header,21,1
prepare_header,21,-1
prepare_iterator,21,1
prepare_iterator,21,-1
body[edge],21,1
body[edge],21,-1
edge_get,21,1
edge_get,21,-1
cloud_get,21,1
cloud_get,21,-1
prepare_header,21,1
prepare_header,21,-1
prepare_iterator,21,1
prepare_iterator,21,-1
body[cloud-http],21,1
body[cloud-http],21,-1
edge_get,21,1
edge_get,21,-1
cloud_get,21,1
cloud_get,21,-1
prepare_header,21,1
prepare_header,21,-1
prepare_iterator,21,1
prepare_iterator,21,-1
body[cloud-http],21,1
body[cloud-http],21,-1
edge_get,22,1
edge_get,22,-1
cloud_get,22,1
cloud_get,22,-1
prepare_header,22,1
prepare_header,22,-1
prepare_iterator,22,1
prepare_iterator,22,-1
body[cloud-http],22,1
body[cloud-http],22,-1
edge_get,22,1
edge_get,22,-1
cloud_get,22,1
cloud_get,22,-1
prepare_header,22,1
prepare_header,22,-1
prepare_iterator,22,1
prepare_iterator,22,-1
body[cloud-http],22,1
body[cloud-http],22,-1
edge_get,22,1
edge_get,22,-1
cloud_get,22,1
cloud_get,22,-1
prepare_header,22,1
prepare_header,22,-1
prepare_iterator,22,1
prepare_iterator,22,-1
body[cloud-http],22,1
body[cloud-http],22,-1
edge_get,23,1
edge_get,23,-1
prepare_header,23,1
prepare_header,23,-1
prepare_iterator,23,1
prepare_iterator,23,-1
body[edge],23,1
body[edge],23,-1
edge_get,23,1
edge_get,23,-1
prepare_header,23,1
prepare_header,23,-1
prepare_iterator,23,1
prepare_iterator,23,-1
body[edge],23,1
body[edge],23,-1
edge_get,23,1
edge_get,23,-1
cloud_get,23,1
cloud_get,23,-1
prepare_header,23,1
prepare_header,23,-1
prepare_iterator,23,1
prepare_iterator,23,-1
body[cloud-http],23,1
body[cloud-http],23,-1
edge_get,23,1
edge_get,23,-1
prepare_header,23,1
prepare_header,23,-1
prepare_iterator,23,1
prepare_iterator,23,-1
body[edge],23,1
body[edge],23,-1
edge_get,23,1
edge_get,23,-1
prepare_header,23,1
prepare_header,23,-1
prepare_iterator,23,1
prepare_iterator,23,-1
body[edge],23,1
body[edge],23,-1
edge_get,24,1
edge_get,24,-1
prepare_header,24,1
prepare_header,24,-1
prepare_iterator,24,1
prepare_iterator,24,-1
body[edge],24,1
body[edge],24,-1
edge_get,24,1
edge_get,24,-1
cloud_get,24,1
cloud_get,24,-1
prepare_header,24,1
prepare_header,24,-1
prepare_iterator,24,1
prepare_iterator,24,-1
body[cloud-http],24,1
body[cloud-http],24,-1
edge_get,25,1
edge_get,25,-1
prepare_header,25,1
prepare_header,25,-1
prepare_iterator,25,1
prepare_iterator,25,-1
body[edge],25,1
body[edge],25,-1
edge_get,25,1
edge_get,25,-1
prepare_header,25,1
prepare_header,25,-1
prepare_iterator,25,1
prepare_iterator,25,-1
body[edge],25,1
body[edge],25,-1
edge_get,25,1
edge_get,25,-1
cloud_get,25,1
cloud_get,25,-1
prepare_header,25,1
prepare_header,25,-1
prepare_iterator,25,1
prepare_iterator,25,-1
body[cloud-http],25,1
body[cloud-http],25,-1
edge_get,25,1
edge_get,25,-1
prepare_header,25,1
prepare_header,25,-1
prepare_iterator,25,1
prepare_iterator,25,-1
body[edge],25,1
body[edge],25,-1
edge_get,26,1
edge_get,26,-1
prepare_header,26,1
prepare_header,26,-1
prepare_iterator,26,1
prepare_iterator,26,-1
body[edge],26,1
body[edge],26,-1
edge_get,26,1
edge_get,26,-1
prepare_header,26,1
prepare_header,26,-1
prepare_iterator,26,1
prepare_iterator,26,-1
body[edge],26,1
body[edge],26,-1
edge_get,26,1
edge_get,26,-1
prepare_header,26,1
prepare_header,26,-1
prepare_iterator,26,1
prepare_iterator,26,-1
body[edge],26,1
body[edge],26,-1
edge_get,28,1
edge_get,28,-1
prepare_header,28,1
prepare_header,28,-1
prepare_iterator,28,1
prepare_iterator,28,-1
body[edge],28,1
body[edge],28,-1
edge_get,28,1
edge_get,28,-1
prepare_header,28,1
prepare_header,28,-1
prepare_iterator,28,1
prepare_iterator,28,-1
body[edge],28,1
body[edge],28,-1
edge_get,28,1
edge_get,28,-1
cloud_get,28,1
cloud_get,28,-1
prepare_header,28,1
prepare_header,28,-1
prepare_iterator,28,1
prepare_iterator,28,-1
body[cloud-http],28,1
body[cloud-http],28,-1
edge_get,28,1
edge_get,28,-1
prepare_header,28,1
prepare_header,28,-1
prepare_iterator,28,1
prepare_iterator,28,-1
body[edge],28,1
body[edge],28,-1
edge_get,29,1
edge_get,29,-1
cloud_get,29,1
cloud_get,29,-1
prepare_header,29,1
prepare_header,29,-1
prepare_iterator,29,1
prepare_iterator,29,-1
body[cloud-http],29,1
body[cloud-http],29,-1
edge_get,30,1
edge_get,30,-1
prepare_header,30,1
prepare_header,30,-1
prepare_iterator,30,1
prepare_iterator,30,-1
body[edge],30,1
body[edge],30,-1
edge_get,30,1
edge_get,30,-1
cloud_get,30,1
cloud_get,30,-1
prepare_header,30,1
prepare_header,30,-1
prepare_iterator,30,1
prepare_iterator,30,-1
body[cloud-http],30,1
body[cloud-http],30,-1
edge_get,31,1
edge_get,31,-1
prepare_header,31,1
prepare_header,31,-1
prepare_iterator,31,1
prepare_iterator,31,-1
body[edge],31,1
body[edge],31,-1
edge_get,31,1
edge_get,31,-1
cloud_get,31,1
cloud_get,31,-1
prepare_header,31,1
prepare_header,31,-1
prepare_iterator,31,1
prepare_iterator,31,-1
body[cloud-http],31,1
body[cloud-http],31,-1
edge_get,31,1
edge_get,31,-1
prepare_header,31,1
prepare_header,31,-1
prepare_iterator,31,1
prepare_iterator,31,-1
body[edge],31,1
body[edge],31,-1
edge_get,31,1
edge_get,31,-1
prepare_header,31,1
prepare_header,31,-1
prepare_iterator,31,1
prepare_iterator,31,-1
body[edge],31,1
body[edge],31,-1
edge_get,32,1
edge_get,32,-1
prepare_header,32,1
prepare_header,32,-1
prepare_iterator,32,1
prepare_iterator,32,-1
body[edge],32,1
body[edge],32,-1
edge_get,33,1
edge_get,33,-1
prepare_header,33,1
prepare_header,33,-1
prepare_iterator,33,1
prepare_iterator,33,-1
body[edge],33,1
body[edge],33,-1
edge_get,33,1
edge_get,33,-1
prepare_header,33,1
prepare_header,33,-1
prepare_iterator,33,1
prepare_iterator,33,-1
body[edge],33,1
body[edge],33,-1
edge_get,33,1
edge_get,33,-1
prepare_header,33,1
prepare_header,33,-1
prepare_iterator,33,1
prepare_iterator,33,-1
body[edge],33,1
body[edge],33,-1
edge_get,33,1
edge_get,33,-1
prepare_header,33,1
prepare_header,33,-1
prepare_iterator,33,1
prepare_iterator,33,-1
body[edge],33,1
body[edge],33,-1
edge_get,34,1
edge_get,34,-1
prepare_header,34,1
prepare_header,34,-1
prepare_iterator,34,1
prepare_iterator,34,-1
body[edge],34,1
body[edge],34,-1
edge_get,34,1
edge_get,34,-1
prepare_header,34,1
prepare_header,34,-1
prepare_iterator,34,1
prepare_iterator,34,-1
body[edge],34,1
body[edge],34,-1
edge_get,34,1
edge_get,34,-1
prepare_header,34,1
prepare_header,34,-1
prepare_iterator,34,1
prepare_iterator,34,-1
body[edge],34,1
body[edge],34,-1
edge_get,35,1
edge_get,35,-1
prepare_header,35,1
prepare_header,35,-1
prepare_iterator,35,1
prepare_iterator,35,-1
body[edge],35,1
body[edge],35,-1
edge_get,35,1
edge_get,35,-1
cloud_get,35,1
cloud_get,35,-1
prepare_header,35,1
prepare_header,35,-1
prepare_iterator,35,1
prepare_iterator,35,-1
body[cloud-http],35,1
body[cloud-http],35,-1
edge_get,35,1
edge_get,35,-1
cloud_get,35,1
cloud_get,35,-1
prepare_header,35,1
prepare_header,35,-1
prepare_iterator,35,1
prepare_iterator,35,-1
body[cloud-http],35,1
body[cloud-http],35,-1
edge_get,35,1
edge_get,35,-1
prepare_header,35,1
prepare_header,35,-1
prepare_iterator,35,1
prepare_iterator,35,-1
body[edge],35,1
body[edge],35,-1
edge_get,36,1
edge_get,36,-1
prepare_header,36,1
prepare_header,36,-1
prepare_iterator,36,1
prepare_iterator,36,-1
body[edge],36,1
body[edge],36,-1
edge_get,36,1
edge_get,36,-1
prepare_header,36,1
prepare_header,36,-1
prepare_iterator,36,1
prepare_iterator,36,-1
body[edge],36,1
body[edge],36,-1
edge_get,36,1
edge_get,36,-1
prepare_header,36,1
prepare_header,36,-1
prepare_iterator,36,1
prepare_iterator,36,-1
body[edge],36,1
body[edge],36,-1
edge_get,36,1
edge_get,36,-1
prepare_header,36,1
prepare_header,36,-1
prepare_iterator,36,1
prepare_iterator,36,-1
body[edge],36,1
body[edge],36,-1
edge_get,37,1
edge_get,37,-1
cloud_get,37,1
cloud_get,37,-1
prepare_header,37,1
prepare_header,37,-1
prepare_iterator,37,1
prepare_iterator,37,-1
body[cloud-http],37,1
body[cloud-http],37,-1
edge_get,37,1
edge_get,37,-1
prepare_header,37,1
prepare_header,37,-1
prepare_iterator,37,1
prepare_iterator,37,-1
body[edge],37,1
body[edge],37,-1
edge_get,37,1
edge_get,37,-1
prepare_header,37,1
prepare_header,37,-1
prepare_iterator,37,1
prepare_iterator,37,-1
body[edge],37,1
body[edge],37,-1
edge_get,37,1
edge_get,37,-1
prepare_header,37,1
prepare_header,37,-1
prepare_iterator,37,1
prepare_iterator,37,-1
body[edge],37,1
body[edge],37,-1
edge_get,38,1
edge_get,38,-1
prepare_header,38,1
prepare_header,38,-1
prepare_iterator,38,1
prepare_iterator,38,-1
body[edge],38,1
body[edge],38,-1
edge_get,38,1
edge_get,38,-1
prepare_header,38,1
prepare_header,38,-1
prepare_iterator,38,1
prepare_iterator,38,-1
body[edge],38,1
body[edge],38,-1
edge_get,38,1
edge_get,38,-1
prepare_header,38,1
prepare_header,38,-1
prepare_iterator,38,1
prepare_iterator,38,-1
body[edge],38,1
body[edge],38,-1
edge_get,38,1
edge_get,38,-1
prepare_header,38,1
prepare_header,38,-1
prepare_iterator,38,1
prepare_iterator,38,-1
body[edge],38,1
body[edge],38,-1
edge_get,39,1
edge_get,39,-1
prepare_header,39,1
prepare_header,39,-1
prepare_iterator,39,1
prepare_iterator,39,-1
body[edge],39,1
body[edge],39,-1
edge_get,39,1
edge_get,39,-1
prepare_header,39,1
prepare_header,39,-1
prepare_iterator,39,1
prepare_iterator,39,-1
body[edge],39,1
body[edge],39,-1
edge_get,39,1
edge_get,39,-1
prepare_header,39,1
prepare_header,39,-1
prepare_iterator,39,1
prepare_iterator,39,-1
body[edge],39,1
body[edge],39,-1
edge_get,39,1
edge_get,39,-1
prepare_header,39,1
prepare_header,39,-1
prepare_iterator,39,1
prepare_iterator,39,-1
body[edge],39,1
body[edge],39,-1
edge_get,39,1
edge_get,39,-1
prepare_header,39,1
prepare_header,39,-1
prepare_iterator,39,1
prepare_iterator,39,-1
body[edge],39,1
body[edge],39,-1
edge_get,40,1
edge_get,40,-1
prepare_header,40,1
prepare_header,40,-1
prepare_iterator,40,1
prepare_iterator,40,-1
body[edge],40,1
body[edge],40,-1
edge_get,40,1
edge_get,40,-1
prepare_header,40,1
prepare_header,40,-1
prepare_iterator,40,1
prepare_iterator,40,-1
body[edge],40,1
body[edge],40,-1
edge_get,40,1
edge_get,40,-1
cloud_get,40,1
cloud_get,40,-1
prepare_header,40,1
prepare_header,40,-1
prepare_iterator,40,1
prepare_iterator,40,-1
body[cloud-http],40,1
body[cloud-http],40,-1
edge_get,40,1
edge_get,40,-1
cloud_get,40,1
cloud_get,40,-1
prepare_header,40,1
prepare_header,40,-1
prepare_iterator,40,1
prepare_iterator,40,-1
body[cloud-http],40,1
body[cloud-http],40,-1
edge_get,40,1
edge_get,40,-1
prepare_header,40,1
prepare_header,40,-1
prepare_iterator,40,1
prepare_iterator,40,-1
body[edge],40,1
body[edge],40,-1
edge_get,40,1
edge_get,40,-1
cloud_get,40,1
cloud_get,40,-1
prepare_header,40,1
prepare_header,40,-1
prepare_iterator,40,1
prepare_iterator,40,-1
body[cloud-http],40,1
body[cloud-http],40,-1
edge_get,41,1
edge_get,41,-1
prepare_header,41,1
prepare_header,41,-1
prepare_iterator,41,1
prepare_iterator,41,-1
body[edge],41,1
body[edge],41,-1
edge_get,41,1
edge_get,41,-1
cloud_get,41,1
cloud_get,41,-1
prepare_header,41,1
prepare_header,41,-1
prepare_iterator,41,1
prepare_iterator,41,-1
body[cloud-http],41,1
body[cloud-http],41,-1
edge_get,41,1
edge_get,41,-1
prepare_header,41,1
prepare_header,41,-1
prepare_iterator,41,1
prepare_iterator,41,-1
body[edge],41,1
body[edge],41,-1
edge_get,41,1
edge_get,41,-1
prepare_header,41,1
prepare_header,41,-1
prepare_iterator,41,1
prepare_iterator,41,-1
body[edge],41,1
body[edge],41,-1
edge_get,41,1
edge_get,41,-1
prepare_header,41,1
prepare_header,41,-1
prepare_iterator,41,1
prepare_iterator,41,-1
body[edge],41,1
body[edge],41,-1
edge_get,42,1
edge_get,42,-1
cloud_get,42,1
cloud_get,42,-1
prepare_header,42,1
prepare_header,42,-1
prepare_iterator,42,1
prepare_iterator,42,-1
body[cloud-http],42,1
body[cloud-http],42,-1
edge_get,42,1
edge_get,42,-1
cloud_get,42,1
cloud_get,42,-1
prepare_header,42,1
prepare_header,42,-1
prepare_iterator,42,1
prepare_iterator,42,-1
body[cloud-http],42,1
body[cloud-http],42,-1
edge_get,42,1
edge_get,42,-1
prepare_header,42,1
prepare_header,42,-1
prepare_iterator,42,1
prepare_iterator,42,-1
body[edge],42,1
body[edge],42,-1
edge_get,43,1
edge_get,43,-1
cloud_get,43,1
cloud_get,43,-1
prepare_header,43,1
prepare_header,43,-1
prepare_iterator,43,1
prepare_iterator,43,-1
body[cloud-http],43,1
body[cloud-http],43,-1
edge_get,43,1
edge_get,43,-1
prepare_header,43,1
prepare_header,43,-1
prepare_iterator,43,1
prepare_iterator,43,-1
body[edge],43,1
body[edge],43,-1
edge_get,43,1
edge_get,43,-1
cloud_get,43,1
cloud_get,43,-1
prepare_header,43,1
prepare_header,43,-1
prepare_iterator,43,1
prepare_iterator,43,-1
body[cloud-http],43,1
body[cloud-http],43,-1
edge_get,43,1
edge_get,43,-1
cloud_get,43,1
cloud_get,43,-1
prepare_header,43,1
prepare_header,43,-1
prepare_iterator,43,1
prepare_iterator,43,-1
body[cloud-http],43,1
body[cloud-http],43,-1
edge_get,43,1
edge_get,43,-1
prepare_header,43,1
prepare_header,43,-1
prepare_iterator,43,1
prepare_iterator,43,-1
body[edge],43,1
body[edge],43,-1
edge_get,44,1
edge_get,44,-1
prepare_header,44,1
prepare_header,44,-1
prepare_iterator,44,1
prepare_iterator,44,-1
body[edge],44,1
body[edge],44,-1
edge_get,44,1
edge_get,44,-1
prepare_header,44,1
prepare_header,44,-1
prepare_iterator,44,1
prepare_iterator,44,-1
body[edge],44,1
body[edge],44,-1
edge_get,44,1
edge_get,44,-1
prepare_header,44,1
prepare_header,44,-1
prepare_iterator,44,1
prepare_iterator,44,-1
body[edge],44,1
body[edge],44,-1
edge_get,45,1
edge_get,45,-1
prepare_header,45,1
prepare_header,45,-1
prepare_iterator,45,1
prepare_iterator,45,-1
body[edge],45,1
body[edge],45,-1
edge_get,45,1
edge_get,45,-1
prepare_header,45,1
prepare_header,45,-1
prepare_iterator,45,1
prepare_iterator,45,-1
body[edge],45,1
body[edge],45,-1
edge_get,46,1
edge_get,46,-1
cloud_get,46,1
cloud_get,46,-1
prepare_header,46,1
prepare_header,46,-1
prepare_iterator,46,1
prepare_iterator,46,-1
body[cloud-http],46,1
body[cloud-http],46,-1
edge_get,46,1
edge_get,46,-1
cloud_get,46,1
cloud_get,46,-1
prepare_header,46,1
prepare_header,46,-1
prepare_iterator,46,1
prepare_iterator,46,-1
body[cloud-http],46,1
body[cloud-http],46,-1
edge_get,47,1
edge_get,47,-1
prepare_header,47,1
prepare_header,47,-1
prepare_iterator,47,1
prepare_iterator,47,-1
body[edge],47,1
body[edge],47,-1
edge_get,47,1
edge_get,47,-1
cloud_get,47,1
cloud_get,47,-1
prepare_header,47,1
prepare_header,47,-1
prepare_iterator,47,1
prepare_iterator,47,-1
body[cloud-http],47,1
body[cloud-http],47,-1
edge_get,47,1
edge_get,47,-1
prepare_header,47,1
prepare_header,47,-1
prepare_iterator,47,1
prepare_iterator,47,-1
body[edge],47,1
body[edge],47,-1
edge_get,47,1
edge_get,47,-1
cloud_get,47,1
cloud_get,47,-1
prepare_header,47,1
prepare_header,47,-1
prepare_iterator,47,1
prepare_iterator,47,-1
body[cloud-http],47,1
body[cloud-http],47,-1
edge_get,47,1
edge_get,47,-1
prepare_header,47,1
prepare_header,47,-1
prepare_iterator,47,1
prepare_iterator,47,-1
body[edge],47,1
body[edge],47,-1
edge_get,48,1
edge_get,48,-1
cloud_get,48,1
cloud_get,48,-1
prepare_header,48,1
prepare_header,48,-1
prepare_iterator,48,1
prepare_iterator,48,-1
body[cloud-http],48,1
body[cloud-http],48,-1
edge_get,48,1
edge_get,48,-1
prepare_header,48,1
prepare_header,48,-1
prepare_iterator,48,1
prepare_iterator,48,-1
body[edge],48,1
body[edge],48,-1
edge_get,48,1
edge_get,48,-1
prepare_header,48,1
prepare_header,48,-1
prepare_iterator,48,1
prepare_iterator,48,-1
body[edge],48,1
body[edge],48,-1
edge_get,48,1
edge_get,48,-1
prepare_header,48,1
prepare_header,48,-1
prepare_iterator,48,1
prepare_iterator,48,-1
body[edge],48,1
body[edge],48,-1
edge_get,49,1
edge_get,49,-1
prepare_header,49,1
prepare_header,49,-1
prepare_iterator,49,1
prepare_iterator,49,-1
body[edge],49,1
body[edge],49,-1
edge_get,50,1
edge_get,50,-1
cloud_get,50,1
cloud_get,50,-1
prepare_header,50,1
prepare_header,50,-1
prepare_iterator,50,1
prepare_iterator,50,-1
body[cloud-http],50,1
body[cloud-http],50,-1
edge_get,50,1
edge_get,50,-1
cloud_get,50,1
cloud_get,50,-1
prepare_header,50,1
prepare_header,50,-1
prepare_iterator,50,1
prepare_iterator,50,-1
body[cloud-http],50,1
body[cloud-http],50,-1
edge_get,50,1
edge_get,50,-1
cloud_get,50,1
cloud_get,50,-1
prepare_header,50,1
prepare_header,50,-1
prepare_iterator,50,1
prepare_iterator,50,-1
body[cloud-http],50,1
body[cloud-http],50,-1
edge_get,50,1
edge_get,50,-1
prepare_header,50,1
prepare_header,50,-1
prepare_iterator,50,1
prepare_iterator,50,-1
body[edge],50,1
body[edge],50,-1
edge_get,51,1
edge_get,51,-1
prepare_header,51,1
prepare_header,51,-1
prepare_iterator,51,1
prepare_iterator,51,-1
body[edge],51,1
body[edge],51,-1
edge_get,51,1
edge_get,51,-1
prepare_header,51,1
prepare_header,51,-1
prepare_iterator,51,1
prepare_iterator,51,-1
body[edge],51,1
body[edge],51,-1
edge_get,51,1
edge_get,51,-1
prepare_header,51,1
prepare_header,51,-1
prepare_iterator,51,1
prepare_iterator,51,-1
body[edge],51,1
body[edge],51,-1
edge_get,51,1
edge_get,51,-1
prepare_header,51,1
prepare_header,51,-1
prepare_iterator,51,1
prepare_iterator,51,-1
body[edge],51,1
body[edge],51,-1
edge_get,51,1
edge_get,51,-1
cloud_get,51,1
cloud_get,51,-1
prepare_header,51,1
prepare_header,51,-1
prepare_iterator,51,1
prepare_iterator,51,-1
body[cloud-http],51,1
body[cloud-http],51,-1
edge_get,51,1
edge_get,51,-1
prepare_header,51,1
prepare_header,51,-1
prepare_iterator,51,1
prepare_iterator,51,-1
body[edge],51,1
body[edge],51,-1
edge_get,51,1
edge_get,51,-1
cloud_get,51,1
cloud_get,51,-1
prepare_header,51,1
prepare_header,51,-1
prepare_iterator,51,1
prepare_iterator,51,-1
body[cloud-http],51,1
body[cloud-http],51,-1
edge_get,52,1
edge_get,52,-1
prepare_header,52,1
prepare_header,52,-1
prepare_iterator,52,1
prepare_iterator,52,-1
body[edge],52,1
body[edge],52,-1
edge_get,52,1
edge_get,52,-1
cloud_get,52,1
cloud_get,52,-1
prepare_header,52,1
prepare_header,52,-1
prepare_iterator,52,1
prepare_iterator,52,-1
body[cloud-http],52,1
body[cloud-http],52,-1
edge_get,53,1
edge_get,53,-1
cloud_get,53,1
cloud_get,53,-1
prepare_header,53,1
prepare_header,53,-1
prepare_iterator,53,1
prepare_iterator,53,-1
body[cloud-http],53,1
body[cloud-http],53,-1
edge_get,54,1
edge_get,54,-1
prepare_header,54,1
prepare_header,54,-1
prepare_iterator,54,1
prepare_iterator,54,-1
body[edge],54,1
body[edge],54,-1
edge_get,54,1
edge_get,54,-1
prepare_header,54,1
prepare_header,54,-1
prepare_iterator,54,1
prepare_iterator,54,-1
body[edge],54,1
body[edge],54,-1
edge_get,54,1
edge_get,54,-1
prepare_header,54,1
prepare_header,54,-1
prepare_iterator,54,1
prepare_iterator,54,-1
body[edge],54,1
body[edge],54,-1
edge_get,55,1
edge_get,55,-1
prepare_header,55,1
prepare_header,55,-1
prepare_iterator,55,1
prepare_iterator,55,-1
body[edge],55,1
body[edge],55,-1
edge_get,55,1
edge_get,55,-1
cloud_get,55,1
cloud_get,55,-1
prepare_header,55,1
prepare_header,55,-1
prepare_iterator,55,1
prepare_iterator,55,-1
body[cloud-http],55,1
body[cloud-http],55,-1
edge_get,55,1
edge_get,55,-1
prepare_header,55,1
prepare_header,55,-1
prepare_iterator,55,1
prepare_iterator,55,-1
body[edge],55,1
body[edge],55,-1
edge_get,56,1
edge_get,56,-1
prepare_header,56,1
prepare_header,56,-1
prepare_iterator,56,1
prepare_iterator,56,-1
body[edge],56,1
body[edge],56,-1
edge_get,56,1
edge_get,56,-1
cloud_get,56,1
cloud_get,56,-1
prepare_header,56,1
prepare_header,56,-1
prepare_iterator,56,1
prepare_iterator,56,-1
body[cloud-http],56,1
body[cloud-http],56,-1
edge_get,56,1
edge_get,56,-1
cloud_get,56,1
cloud_get,56,-1
prepare_header,56,1
prepare_header,56,-1
prepare_iterator,56,1
prepare_iterator,56,-1
body[cloud-http],56,1
body[cloud-http],56,-1
edge_get,57,1
edge_get,57,-1
cloud_get,57,1
cloud_get,57,-1
prepare_header,57,1
prepare_header,57,-1
prepare_iterator,57,1
prepare_iterator,57,-1
body[cloud-http],57,1
body[cloud-http],57,-1
edge_get,57,1
edge_get,57,-1
prepare_header,57,1
prepare_header,57,-1
prepare_iterator,57,1
prepare_iterator,57,-1
body[edge],57,1
body[edge],57,-1
edge_get,57,1
edge_get,57,-1
prepare_header,57,1
prepare_header,57,-1
prepare_iterator,57,1
prepare_iterator,57,-1
body[edge],57,1
body[edge],57,-1
edge_get,58,1
edge_get,58,-1
prepare_header,58,1
prepare_header,58,-1
prepare_iterator,58,1
prepare_iterator,58,-1
body[edge],58,1
body[edge],58,-1
edge_get,58,1
edge_get,58,-1
prepare_header,58,1
prepare_header,58,-1
prepare_iterator,58,1
prepare_iterator,58,-1
body[edge],58,1
body[edge],58,-1
edge_get,58,1
edge_get,58,-1
cloud_get,58,1
cloud_get,58,-1
prepare_header,58,1
prepare_header,58,-1
prepare_iterator,58,1
prepare_iterator,58,-1
body[cloud-http],58,1
body[cloud-http],58,-1
edge_get,58,1
edge_get,58,-1
cloud_get,58,1
cloud_get,58,-1
prepare_header,58,1
prepare_header,58,-1
prepare_iterator,58,1
prepare_iterator,58,-1
body[cloud-http],58,1
body[cloud-http],58,-1
edge_get,59,1
edge_get,59,-1
cloud_get,59,1
cloud_get,59,-1
prepare_header,59,1
prepare_header,59,-1
prepare_iterator,59,1
prepare_iterator,59,-1
body[cloud-http],59,1
body[cloud-http],59,-1
edge_get,59,1
edge_get,59,-1
prepare_header,59,1
prepare_header,59,-1
prepare_iterator,59,1
prepare_iterator,59,-1
body[edge],59,1
body[edge],59,-1
edge_get,59,1
edge_get,59,-1
prepare_header,59,1
prepare_header,59,-1
prepare_iterator,59,1
prepare_iterator,59,-1
body[edge],59,1
body[edge],59,-1
edge_get,60,1
edge_get,60,-1
prepare_header,60,1
prepare_header,60,-1
prepare_iterator,60,1
prepare_iterator,60,-1
body[edge],60,1
body[edge],60,-1
